game,eta,method,sample,error
0,0.0,SUB,0,0.033245717342497066
0,0.0,SUB,1,0.05674409330969874
0,0.0,SUB,2,0.02962820861590243
0,0.0,SUB,3,0.03798724835995359
0,0.0,SUB,4,0.03177566072853356
0,0.0,SUB,5,0.017708930306321244
0,0.0,SUB,6,0.034399507686130974
0,0.0,SUB,7,0.03723344325978516
0,0.0,SUB,8,0.028734742393704108
0,0.0,SUB,9,0.03392566306434391
0,0.0,SUB,10,0.025667290415389874
0,0.0,SUB,11,0.030278260560468277
0,0.0,SUB,12,0.023329895048159893
0,0.0,SUB,13,0.04801306227329782
0,0.0,SUB,14,0.039038253498529664
0,0.0,SUB,15,0.03163033460802363
0,0.0,SUB,16,0.02540534352076531
0,0.0,SUB,17,0.035374955136643606
0,0.0,SUB,18,0.02956780040480409
0,0.0,SUB,19,0.03510679481552484
0,0.0,SUB,20,0.02128941903977636
0,0.0,SUB,21,0.03167635909898965
0,0.0,SUB,22,0.037041895525811344
0,0.0,SUB,23,0.04162555757623217
0,0.0,SUB,24,0.02681969289917292
0,0.0,SUB,25,0.05272518334100613
0,0.0,SUB,26,0.038973266707653526
0,0.0,SUB,27,0.0438491227857257
0,0.0,SUB,28,0.045594014018458334
0,0.0,SUB,29,0.03069938978817422
0,0.0,SUB,30,0.037446605866664824
0,0.0,SUB,31,0.031429271889804766
0,0.0,SUB,32,0.04878417955953154
0,0.0,SUB,33,0.0391026223531149
0,0.0,SUB,34,0.02938099375874884
0,0.0,SUB,35,0.05259176931859248
0,0.0,SUB,36,0.05803013448975124
0,0.0,SUB,37,0.04457247642234544
0,0.0,SUB,38,0.02592108912713558
0,0.0,SUB,39,0.026697295532044505
0,0.0,SUB,40,0.03456697844944353
0,0.0,SUB,41,0.04405602260649813
0,0.0,SUB,42,0.0429070419029129
0,0.0,SUB,43,0.028345455955546755
0,0.0,SUB,44,0.020974617018762978
0,0.0,SUB,45,0.04948159407686788
0,0.0,SUB,46,0.023107456501579176
0,0.0,SUB,47,0.02783906820050355
0,0.0,SUB,48,0.05903019963006739
0,0.0,SUB,49,0.03475238215003948
0,0.0,VI,0,7.7053213664124e-08
0,0.0,VI,1,5.862377539098635e-08
0,0.0,VI,2,4.493149270220591e-08
0,0.0,VI,3,1.2643559675182758e-07
0,0.0,VI,4,6.961094020892865e-08
0,0.0,VI,5,5.3688903578945257e-08
0,0.0,VI,6,0.009302640423954739
0,0.0,VI,7,3.978308177814591e-08
0,0.0,VI,8,3.049648148399355e-08
0,0.0,VI,9,6.767950246466364e-08
0,0.0,VI,10,5.57577108616467e-08
0,0.0,VI,11,0.003243267371521805
0,0.0,VI,12,5.070421210271777e-08
0,0.0,VI,13,3.701641459823539e-08
0,0.0,VI,14,9.538004480658962e-08
0,0.0,VI,15,9.204669926876862e-08
0,0.0,VI,16,8.960701640569844e-07
0,0.0,VI,17,3.780695304736269e-08
0,0.0,VI,18,7.021724924774932e-08
0,0.0,VI,19,5.971986100174934e-08
0,0.0,VI,20,4.249737586190545e-08
0,0.0,VI,21,1.1219578140843925e-07
0,0.0,VI,22,3.876633349068419e-08
0,0.0,VI,23,5.26171601500665e-08
0,0.0,VI,24,1.5134527645507568e-07
0,0.0,VI,25,7.337880766228312e-07
0,0.0,VI,26,5.549038417414174e-08
0,0.0,VI,27,8.984228139621404e-08
0,0.0,VI,28,1.3962076683216246e-07
0,0.0,VI,29,5.3120642414022685e-08
0,0.0,VI,30,0.0026617710688929463
0,0.0,VI,31,3.605805512069939e-08
0,0.0,VI,32,0.0007521216157018567
0,0.0,VI,33,5.657151340557425e-08
0,0.0,VI,34,5.7413203537235757e-08
0,0.0,VI,35,0.008406629617188818
0,0.0,VI,36,0.0005183428302297741
0,0.0,VI,37,4.4158268276521334e-08
0,0.0,VI,38,5.539899218483952e-07
0,0.0,VI,39,7.571603082527424e-08
0,0.0,VI,40,7.376280570351784e-08
0,0.0,VI,41,0.008122574724153588
0,0.0,VI,42,0.004005081764457359
0,0.0,VI,43,7.05588805344527e-08
0,0.0,VI,44,4.7612058559803236e-08
0,0.0,VI,45,8.760738261385489e-07
0,0.0,VI,46,7.179431020830559e-08
0,0.0,VI,47,3.670843441936023e-08
0,0.0,VI,48,9.103452368954406e-08
0,0.0,VI,49,0.009022441985464702
0,0.01,SUB,0,0.030360333791313126
0,0.01,SUB,1,0.02724242215563979
0,0.01,SUB,2,0.06066176672910138
0,0.01,SUB,3,0.040031596596521675
0,0.01,SUB,4,0.02307871363615672
0,0.01,SUB,5,0.031132121478755097
0,0.01,SUB,6,0.030768419112785914
0,0.01,SUB,7,0.045123709146599064
0,0.01,SUB,8,0.03296667264068911
0,0.01,SUB,9,0.04748365092132287
0,0.01,SUB,10,0.023508395062773434
0,0.01,SUB,11,0.020017318195116235
0,0.01,SUB,12,0.023515969344671775
0,0.01,SUB,13,0.0380918213385841
0,0.01,SUB,14,0.024505999059581857
0,0.01,SUB,15,0.029643715381950906
0,0.01,SUB,16,0.02311974535461955
0,0.01,SUB,17,0.02701201419508695
0,0.01,SUB,18,0.042340360312628125
0,0.01,SUB,19,0.027833367216671897
0,0.01,SUB,20,0.020274686246776488
0,0.01,SUB,21,0.019950306764018155
0,0.01,SUB,22,0.037308398791511016
0,0.01,SUB,23,0.029702900273613816
0,0.01,SUB,24,0.028012489785489904
0,0.01,SUB,25,0.026768447342336372
0,0.01,SUB,26,0.025391354362976664
0,0.01,SUB,27,0.018471150560871653
0,0.01,SUB,28,0.043379824635293586
0,0.01,SUB,29,0.02864175241506853
0,0.01,SUB,30,0.019723308229506156
0,0.01,SUB,31,0.02542030698733502
0,0.01,SUB,32,0.025423592018797812
0,0.01,SUB,33,0.030427781251927365
0,0.01,SUB,34,0.029766293300048294
0,0.01,SUB,35,0.03175796096865063
0,0.01,SUB,36,0.031652547729337385
0,0.01,SUB,37,0.044772329193826364
0,0.01,SUB,38,0.024501040930889274
0,0.01,SUB,39,0.0292415590705915
0,0.01,SUB,40,0.018342562003865977
0,0.01,SUB,41,0.03618115387372651
0,0.01,SUB,42,0.028827338734404434
0,0.01,SUB,43,0.055102849473004804
0,0.01,SUB,44,0.04499042587931803
0,0.01,SUB,45,0.035348754511022144
0,0.01,SUB,46,0.04317784303305992
0,0.01,SUB,47,0.027177627255202588
0,0.01,SUB,48,0.05131323816055415
0,0.01,SUB,49,0.023260488384034855
0,0.01,VI,0,0.0074590121220313565
0,0.01,VI,1,0.007340092627557611
0,0.01,VI,2,0.007931291475562628
0,0.01,VI,3,0.0068336182040627845
0,0.01,VI,4,0.006312246396306017
0,0.01,VI,5,0.008286014219900856
0,0.01,VI,6,0.006897572031316704
0,0.01,VI,7,0.007167122008925536
0,0.01,VI,8,0.005286267175335581
0,0.01,VI,9,0.01000947917036175
0,0.01,VI,10,0.0069597506152030385
0,0.01,VI,11,0.006090323211714616
0,0.01,VI,12,0.007140003852279245
0,0.01,VI,13,0.008639770532301328
0,0.01,VI,14,0.006186556845128853
0,0.01,VI,15,0.009145012557081646
0,0.01,VI,16,0.007697924434472326
0,0.01,VI,17,0.008985860268325076
0,0.01,VI,18,0.008201077592212634
0,0.01,VI,19,0.006389694349406873
0,0.01,VI,20,0.0073027061626943475
0,0.01,VI,21,0.004956909479939557
0,0.01,VI,22,0.007986367427894294
0,0.01,VI,23,0.009001015121288017
0,0.01,VI,24,0.0070817984485267525
0,0.01,VI,25,0.005503608162072516
0,0.01,VI,26,0.00848038521419147
0,0.01,VI,27,0.00618967118583655
0,0.01,VI,28,0.010601968010950829
0,0.01,VI,29,0.006964739556794217
0,0.01,VI,30,0.010463904219342336
0,0.01,VI,31,0.004907089402859585
0,0.01,VI,32,0.00709244677429643
0,0.01,VI,33,0.008841352197645107
0,0.01,VI,34,0.007214410473019239
0,0.01,VI,35,0.006722883204963227
0,0.01,VI,36,0.006018781930032503
0,0.01,VI,37,0.006689676144126919
0,0.01,VI,38,0.005223224028777738
0,0.01,VI,39,0.00697803722350959
0,0.01,VI,40,0.0053511381957471885
0,0.01,VI,41,0.006428781016655096
0,0.01,VI,42,0.009191444476844945
0,0.01,VI,43,0.008060681321011974
0,0.01,VI,44,0.007782520826959673
0,0.01,VI,45,0.007774983555823714
0,0.01,VI,46,0.006082910895386638
0,0.01,VI,47,0.007399408988259796
0,0.01,VI,48,0.0070981346037761435
0,0.01,VI,49,0.007079415159993053
0,0.05,SUB,0,0.05865521712712525
0,0.05,SUB,1,0.03409631110273173
0,0.05,SUB,2,0.12938579318080332
0,0.05,SUB,3,0.0244159611000147
0,0.05,SUB,4,0.08436000148500508
0,0.05,SUB,5,0.040524852315774205
0,0.05,SUB,6,0.1155786593243101
0,0.05,SUB,7,0.036971766886736826
0,0.05,SUB,8,0.10064078119795969
0,0.05,SUB,9,0.03970609236427484
0,0.05,SUB,10,0.030855247902652365
0,0.05,SUB,11,0.033603660308309004
0,0.05,SUB,12,0.03216740704474197
0,0.05,SUB,13,0.049614191334496044
0,0.05,SUB,14,0.04135610461044185
0,0.05,SUB,15,0.05860786661426561
0,0.05,SUB,16,0.14651218299731744
0,0.05,SUB,17,0.02385274754353499
0,0.05,SUB,18,0.07659858109693371
0,0.05,SUB,19,0.042731449955308747
0,0.05,SUB,20,0.05196729640459011
0,0.05,SUB,21,0.05082787238029533
0,0.05,SUB,22,0.13088071133719356
0,0.05,SUB,23,0.02052415106072358
0,0.05,SUB,24,0.04487216688051302
0,0.05,SUB,25,0.030993103657401534
0,0.05,SUB,26,0.048744465895420135
0,0.05,SUB,27,0.04447893519062766
0,0.05,SUB,28,0.034595785927086266
0,0.05,SUB,29,0.08238309561735076
0,0.05,SUB,30,0.15107173974893673
0,0.05,SUB,31,0.0812491624804843
0,0.05,SUB,32,0.05912653388456775
0,0.05,SUB,33,0.0844050490072265
0,0.05,SUB,34,0.049154471062847635
0,0.05,SUB,35,0.08967105854973229
0,0.05,SUB,36,0.052800663289195554
0,0.05,SUB,37,0.11351064987422904
0,0.05,SUB,38,0.05619770551425754
0,0.05,SUB,39,0.09018746502901594
0,0.05,SUB,40,0.03553339517976518
0,0.05,SUB,41,0.031623921975134896
0,0.05,SUB,42,0.11736745948890397
0,0.05,SUB,43,0.06270345744716924
0,0.05,SUB,44,0.14403267099824615
0,0.05,SUB,45,0.07251238289380472
0,0.05,SUB,46,0.03653515803665062
0,0.05,SUB,47,0.06632815766481379
0,0.05,SUB,48,0.0848800938148171
0,0.05,SUB,49,0.06061084350369044
0,0.05,VI,0,1.9409756759170678
0,0.05,VI,1,1.9922554415634794
0,0.05,VI,2,1.6275704233808341
0,0.05,VI,3,2.1368114628478025
0,0.05,VI,4,2.0030584203739945
0,0.05,VI,5,2.208083780982723
0,0.05,VI,6,2.267109976538052
0,0.05,VI,7,1.9777278106743463
0,0.05,VI,8,2.0129754570476743
0,0.05,VI,9,1.7250654052803427
0,0.05,VI,10,2.2171192675231097
0,0.05,VI,11,2.0291967717623605
0,0.05,VI,12,2.553312673448194
0,0.05,VI,13,2.250205226733102
0,0.05,VI,14,1.7945464945686176
0,0.05,VI,15,2.0188640019369046
0,0.05,VI,16,2.0616753794842646
0,0.05,VI,17,2.1164564574625016
0,0.05,VI,18,2.036190499627446
0,0.05,VI,19,2.0879811008753126
0,0.05,VI,20,2.218293878014259
0,0.05,VI,21,2.2411991977017025
0,0.05,VI,22,1.857842957025087
0,0.05,VI,23,2.323186226028925
0,0.05,VI,24,1.5157374566762436
0,0.05,VI,25,2.08378308520183
0,0.05,VI,26,1.9508008687180685
0,0.05,VI,27,2.579928241977813
0,0.05,VI,28,2.0565034461154537
0,0.05,VI,29,2.61680611639044
0,0.05,VI,30,2.081187416861798
0,0.05,VI,31,1.5706484468909498
0,0.05,VI,32,1.7713051061974194
0,0.05,VI,33,1.1947417986360513
0,0.05,VI,34,2.2747793990085614
0,0.05,VI,35,2.182701415301193
0,0.05,VI,36,2.0701625567372184
0,0.05,VI,37,1.9788834438320468
0,0.05,VI,38,1.7408744143315278
0,0.05,VI,39,2.074711636955863
0,0.05,VI,40,2.2682939421764545
0,0.05,VI,41,2.235619723988654
0,0.05,VI,42,1.6227007701680143
0,0.05,VI,43,1.9182529979249276
0,0.05,VI,44,1.5636758303330813
0,0.05,VI,45,1.481140993988413
0,0.05,VI,46,2.0654399678281083
0,0.05,VI,47,1.8489833958787714
0,0.05,VI,48,1.8558033859183503
0,0.05,VI,49,1.4011622903191112
0,0.1,SUB,0,0.027659249543015758
0,0.1,SUB,1,0.0571932474439793
0,0.1,SUB,2,0.08154765160345155
0,0.1,SUB,3,0.05414002265974941
0,0.1,SUB,4,0.030155820682372016
0,0.1,SUB,5,0.10430294944081701
0,0.1,SUB,6,0.07928831637332695
0,0.1,SUB,7,0.054245623123331484
0,0.1,SUB,8,0.07358777311997218
0,0.1,SUB,9,0.03466026425326982
0,0.1,SUB,10,0.0722580303174652
0,0.1,SUB,11,0.05246542850087103
0,0.1,SUB,12,0.03818161045948731
0,0.1,SUB,13,0.03863228624544812
0,0.1,SUB,14,0.0914225372026468
0,0.1,SUB,15,0.06679322890684437
0,0.1,SUB,16,0.06807839788019708
0,0.1,SUB,17,0.04806754914963613
0,0.1,SUB,18,0.06304682385816973
0,0.1,SUB,19,0.09746093812431882
0,0.1,SUB,20,0.08771971154434896
0,0.1,SUB,21,0.0317041618586225
0,0.1,SUB,22,0.055173375724824794
0,0.1,SUB,23,0.08317909474890595
0,0.1,SUB,24,0.0527086097207435
0,0.1,SUB,25,0.0742369867431202
0,0.1,SUB,26,0.059725087731041765
0,0.1,SUB,27,0.11783268260513118
0,0.1,SUB,28,0.07040750966775147
0,0.1,SUB,29,0.04915531732883273
0,0.1,SUB,30,0.07417571328732328
0,0.1,SUB,31,0.04478414299399723
0,0.1,SUB,32,0.04275054664686604
0,0.1,SUB,33,0.07270263434570637
0,0.1,SUB,34,0.06164870815041087
0,0.1,SUB,35,0.04662098373610869
0,0.1,SUB,36,0.11523182114939805
0,0.1,SUB,37,0.06689987546434428
0,0.1,SUB,38,0.05572710322274249
0,0.1,SUB,39,0.028639636524116056
0,0.1,SUB,40,0.049433841950790605
0,0.1,SUB,41,0.04934668229591032
0,0.1,SUB,42,0.02442521749985925
0,0.1,SUB,43,0.03099220782079652
0,0.1,SUB,44,0.06627988674410927
0,0.1,SUB,45,0.08128294180408782
0,0.1,SUB,46,0.036268100247586144
0,0.1,SUB,47,0.048770061806723074
0,0.1,SUB,48,0.08919450077960718
0,0.1,SUB,49,0.03493960487509053
0,0.1,VI,0,2.053056997348383
0,0.1,VI,1,1.4903716250242498
0,0.1,VI,2,1.8683030905173297
0,0.1,VI,3,1.7251012788397901
0,0.1,VI,4,1.992300888633063
0,0.1,VI,5,1.6276057043255456
0,0.1,VI,6,1.5706862397261294
0,0.1,VI,7,1.9580428815875386
0,0.1,VI,8,1.4012069181841136
0,0.1,VI,9,2.2492052432203278
0,0.1,VI,10,2.406292310081049
0,0.1,VI,11,1.9777785131916212
0,0.1,VI,12,2.2502703810438565
0,0.1,VI,13,2.0838405686358588
0,0.1,VI,14,1.8578851980830666
0,0.1,VI,15,2.2748309460411367
0,0.1,VI,16,2.360080225321532
0,0.1,VI,17,1.4154889358774716
0,0.1,VI,18,2.2412497171877943
0,0.1,VI,19,2.267161196618557
0,0.1,VI,20,1.622766270576617
0,0.1,VI,21,2.235678372746258
0,0.1,VI,22,2.5799792319056034
0,0.1,VI,23,1.9789306519095056
0,0.1,VI,24,2.218339747487374
0,0.1,VI,25,2.0130278021517283
0,0.1,VI,26,1.7409294215190905
0,0.1,VI,27,2.081237323851795
0,0.1,VI,28,2.036235286814224
0,0.1,VI,29,2.0565550469458884
0,0.1,VI,30,1.9182917319804027
0,0.1,VI,31,1.7877959745744667
0,0.1,VI,32,2.730417845258741
0,0.1,VI,33,2.0747762268378147
0,0.1,VI,34,2.088029876209128
0,0.1,VI,35,1.9508452268097887
0,0.1,VI,36,2.061733155387543
0,0.1,VI,37,1.849015354316107
0,0.1,VI,38,2.029237896095
0,0.1,VI,39,2.217173929609272
0,0.1,VI,40,2.0189212237399623
0,0.1,VI,41,1.9410233896116678
0,0.1,VI,42,2.1368598447302993
0,0.1,VI,43,2.323235278071349
0,0.1,VI,44,1.771342640179914
0,0.1,VI,45,2.616869225455554
0,0.1,VI,46,1.9538260456246759
0,0.1,VI,47,2.085989838819562
0,0.1,VI,48,1.855842017083703
0,0.1,VI,49,1.9003103811807476
0,0.3,SUB,0,0.08381036478879322
0,0.3,SUB,1,0.13466047906588624
0,0.3,SUB,2,0.1661926525022807
0,0.3,SUB,3,0.13586179489196035
0,0.3,SUB,4,0.08174033260330339
0,0.3,SUB,5,0.09362303799306072
0,0.3,SUB,6,0.129606284617554
0,0.3,SUB,7,0.1017988304466683
0,0.3,SUB,8,0.13308902245317522
0,0.3,SUB,9,0.14998153258379765
0,0.3,SUB,10,0.13380360523512963
0,0.3,SUB,11,0.11425668381013704
0,0.3,SUB,12,0.14466602213390978
0,0.3,SUB,13,0.10939193019346084
0,0.3,SUB,14,0.12557462786163823
0,0.3,SUB,15,0.13705303340001282
0,0.3,SUB,16,0.13530712895315722
0,0.3,SUB,17,0.13189102597315525
0,0.3,SUB,18,0.13124646806651127
0,0.3,SUB,19,0.1534309455128542
0,0.3,SUB,20,0.12838161374645818
0,0.3,SUB,21,0.11830592995236194
0,0.3,SUB,22,0.15092444438325855
0,0.3,SUB,23,0.12289090657173736
0,0.3,SUB,24,0.08128356214610483
0,0.3,SUB,25,0.12555205542120795
0,0.3,SUB,26,0.1440167801686237
0,0.3,SUB,27,0.12786247657779154
0,0.3,SUB,28,0.10743317883435952
0,0.3,SUB,29,0.13869158780097932
0,0.3,SUB,30,0.1761798661902014
0,0.3,SUB,31,0.15797446210465863
0,0.3,SUB,32,0.12813691653805456
0,0.3,SUB,33,0.13289259056280792
0,0.3,SUB,34,0.08112098062077981
0,0.3,SUB,35,0.09115853848088903
0,0.3,SUB,36,0.09707868654857926
0,0.3,SUB,37,0.15533866155381143
0,0.3,SUB,38,0.10672832784026981
0,0.3,SUB,39,0.1436156249243635
0,0.3,SUB,40,0.09197029402947907
0,0.3,SUB,41,0.15843177397661287
0,0.3,SUB,42,0.11680061381449282
0,0.3,SUB,43,0.1280585590457651
0,0.3,SUB,44,0.19423291262765097
0,0.3,SUB,45,0.1436856835964545
0,0.3,SUB,46,0.09011164849694918
0,0.3,SUB,47,0.13974292409600336
0,0.3,SUB,48,0.0839613376625094
0,0.3,SUB,49,0.18154421161033257
0,0.3,VI,0,2.0529915257437663
0,0.3,VI,1,2.2747684806143305
0,0.3,VI,2,2.267088679796962
0,0.3,VI,3,2.0879796093750844
0,0.3,VI,4,2.249137167279891
0,0.3,VI,5,2.2683024165598633
0,0.3,VI,6,2.0837815018665786
0,0.3,VI,7,2.2355989057050336
0,0.3,VI,8,2.0859325530382167
0,0.3,VI,9,1.9182456679463704
0,0.3,VI,10,1.9788563521631566
0,0.3,VI,11,1.1947392571542959
0,0.3,VI,12,2.0564996121813115
0,0.3,VI,13,2.7303367378546928
0,0.3,VI,14,1.9579882395266945
0,0.3,VI,15,1.7945433365974828
0,0.3,VI,16,2.029186155167474
0,0.3,VI,17,2.6167988901884827
0,0.3,VI,18,2.1270220523238357
0,0.3,VI,19,2.0701463037473626
0,0.3,VI,20,1.78774266346364
0,0.3,VI,21,2.406225318228792
0,0.3,VI,22,1.481133918490857
0,0.3,VI,23,1.6350402732645843
0,0.3,VI,24,2.1367905551975337
0,0.3,VI,25,2.065438275717368
0,0.3,VI,26,1.8557847225167097
0,0.3,VI,27,1.8682403883050211
0,0.3,VI,28,2.218278338231535
0,0.3,VI,29,1.4903355081643508
0,0.3,VI,30,1.563664803618856
0,0.3,VI,31,1.857821089428974
0,0.3,VI,32,2.24119319480277
0,0.3,VI,33,1.4011727825751565
0,0.3,VI,34,1.992242353549932
0,0.3,VI,35,2.0747091283590446
0,0.3,VI,36,1.9002461176329537
0,0.3,VI,37,1.6489433355569005
0,0.3,VI,38,1.7250659375948525
0,0.3,VI,39,2.003033594040647
0,0.3,VI,40,2.018857176344762
0,0.3,VI,41,2.1826815769591517
0,0.3,VI,42,1.7712860363305216
0,0.3,VI,43,2.0361861099356444
0,0.3,VI,44,2.081182701780095
0,0.3,VI,45,1.9777240989021798
0,0.3,VI,46,2.116451684458387
0,0.3,VI,47,1.702435450399145
0,0.3,VI,48,1.953765441881159
0,0.3,VI,49,2.061680794127195
0,0.5,SUB,0,0.12915983590035443
0,0.5,SUB,1,0.1498578563984889
0,0.5,SUB,2,0.1712364631797171
0,0.5,SUB,3,0.16832489726968003
0,0.5,SUB,4,0.18104883843130415
0,0.5,SUB,5,0.1596265510161552
0,0.5,SUB,6,0.14779995664341336
0,0.5,SUB,7,0.17508454852558888
0,0.5,SUB,8,0.15820067670403537
0,0.5,SUB,9,0.17190741064213982
0,0.5,SUB,10,0.15466870628830573
0,0.5,SUB,11,0.1629353800037172
0,0.5,SUB,12,0.14738079191571643
0,0.5,SUB,13,0.1656680053252436
0,0.5,SUB,14,0.1655877373636881
0,0.5,SUB,15,0.1334917615571409
0,0.5,SUB,16,0.16103020248816305
0,0.5,SUB,17,0.18601754767014986
0,0.5,SUB,18,0.1762553580106838
0,0.5,SUB,19,0.15084602880940465
0,0.5,SUB,20,0.16997058571138718
0,0.5,SUB,21,0.15458624710353844
0,0.5,SUB,22,0.16796895231533798
0,0.5,SUB,23,0.16376862907922524
0,0.5,SUB,24,0.15658059305891062
0,0.5,SUB,25,0.16344975526888536
0,0.5,SUB,26,0.20133492401538436
0,0.5,SUB,27,0.15407544012206284
0,0.5,SUB,28,0.13574719653780093
0,0.5,SUB,29,0.13388848035654272
0,0.5,SUB,30,0.13051251478683779
0,0.5,SUB,31,0.13183965349579457
0,0.5,SUB,32,0.1603971921641377
0,0.5,SUB,33,0.13793359326166058
0,0.5,SUB,34,0.1826658139049936
0,0.5,SUB,35,0.13800794232539
0,0.5,SUB,36,0.15580764388562415
0,0.5,SUB,37,0.14590401532543443
0,0.5,SUB,38,0.18813311254284237
0,0.5,SUB,39,0.14383626578086417
0,0.5,SUB,40,0.10574422033654027
0,0.5,SUB,41,0.13674208135625626
0,0.5,SUB,42,0.1564141921168885
0,0.5,SUB,43,0.1432032523929074
0,0.5,SUB,44,0.1578110673729533
0,0.5,SUB,45,0.16600464988464828
0,0.5,SUB,46,0.1294339140934305
0,0.5,SUB,47,0.13711778341083564
0,0.5,SUB,48,0.15145681694139104
0,0.5,SUB,49,0.16914503316099674
0,0.5,VI,0,1.900134564724013
0,0.5,VI,1,2.1366047313792618
0,0.5,VI,2,1.9579410378789714
0,0.5,VI,3,1.1947010829574867
0,0.5,VI,4,2.0029754382765717
0,0.5,VI,5,2.0360065832724974
0,0.5,VI,6,1.4154445616470899
0,0.5,VI,7,1.848873380409479
0,0.5,VI,8,2.119152568227921
0,0.5,VI,9,1.648821669183518
0,0.5,VI,10,1.9180318439620845
0,0.5,VI,11,1.9776209372105524
0,0.5,VI,12,2.579727319856035
0,0.5,VI,13,1.8577694257125918
0,0.5,VI,14,1.9787791698393882
0,0.5,VI,15,2.2670416933332813
0,0.5,VI,16,2.126921878807826
0,0.5,VI,17,2.2078923247896607
0,0.5,VI,18,2.2746531524604463
0,0.5,VI,19,2.250091305393198
0,0.5,VI,20,1.6226145347528442
0,0.5,VI,21,2.21689374055927
0,0.5,VI,22,1.7247568584035207
0,0.5,VI,23,1.7408388320895725
0,0.5,VI,24,1.5156743513006836
0,0.5,VI,25,1.4811037454182416
0,0.5,VI,26,2.3598722776215872
0,0.5,VI,27,2.1826366143680525
0,0.5,VI,28,2.2680328182565197
0,0.5,VI,29,2.0527627703476745
0,0.5,VI,30,2.0563934099622827
0,0.5,VI,31,1.8557418962041137
0,0.5,VI,32,2.018798781810648
0,0.5,VI,33,1.7944513208942716
0,0.5,VI,34,2.406093721361037
0,0.5,VI,35,2.08366195254637
0,0.5,VI,36,2.0129080296911397
0,0.5,VI,37,2.0652281359503952
0,0.5,VI,38,2.553153225009087
0,0.5,VI,39,2.061682480510965
0,0.5,VI,40,1.8654509266188957
0,0.5,VI,41,2.2409838012560575
0,0.5,VI,42,2.116302443037908
0,0.5,VI,43,1.7023327338409047
0,0.5,VI,44,1.627516637178392
0,0.5,VI,45,2.2488732843936785
0,0.5,VI,46,1.9409114267157237
0,0.5,VI,47,1.4011317656459867
0,0.5,VI,48,1.953622905931925
0,0.5,VI,49,2.0289726398471037
0,0.7,SUB,0,0.22233579180678767
0,0.7,SUB,1,0.29540253219390733
0,0.7,SUB,2,0.2471380317528367
0,0.7,SUB,3,0.28029113760598784
0,0.7,SUB,4,0.24376638182728233
0,0.7,SUB,5,0.20920356278624222
0,0.7,SUB,6,0.19941253924684912
0,0.7,SUB,7,0.2725844563944288
0,0.7,SUB,8,0.2562028430567422
0,0.7,SUB,9,0.34274246174119477
0,0.7,SUB,10,0.2687539271373373
0,0.7,SUB,11,0.23400550002352066
0,0.7,SUB,12,0.2965377424749268
0,0.7,SUB,13,0.2741489845431251
0,0.7,SUB,14,0.2773548921242837
0,0.7,SUB,15,0.2412439791074305
0,0.7,SUB,16,0.24044805733584293
0,0.7,SUB,17,0.2957928015419334
0,0.7,SUB,18,0.28119518372992475
0,0.7,SUB,19,0.26835563370346305
0,0.7,SUB,20,0.25518490438011804
0,0.7,SUB,21,0.24908222331084437
0,0.7,SUB,22,0.2721765356248898
0,0.7,SUB,23,0.3436881483882555
0,0.7,SUB,24,0.30220232997079943
0,0.7,SUB,25,0.25815851495215897
0,0.7,SUB,26,0.2613879355047268
0,0.7,SUB,27,0.2729088492545948
0,0.7,SUB,28,0.29188661415794687
0,0.7,SUB,29,0.19287586610942767
0,0.7,SUB,30,0.24371640613804324
0,0.7,SUB,31,0.24726424503862418
0,0.7,SUB,32,0.2038524355446055
0,0.7,SUB,33,0.2727093167740008
0,0.7,SUB,34,0.19725043339260634
0,0.7,SUB,35,0.2757947660974076
0,0.7,SUB,36,0.2707889597740717
0,0.7,SUB,37,0.23422560372627052
0,0.7,SUB,38,0.27483604722895894
0,0.7,SUB,39,0.2560929038269699
0,0.7,SUB,40,0.22156242517956493
0,0.7,SUB,41,0.22048640542349737
0,0.7,SUB,42,0.15487384743673338
0,0.7,SUB,43,0.32476656392581127
0,0.7,SUB,44,0.28617766043656623
0,0.7,SUB,45,0.2620830834825471
0,0.7,SUB,46,0.3097947076060405
0,0.7,SUB,47,0.20612566161509557
0,0.7,SUB,48,0.23278106018053168
0,0.7,SUB,49,0.27259728874805134
0,0.7,VI,0,1.771218357631594
0,0.7,VI,1,1.4902601392174661
0,0.7,VI,2,1.7023511692350868
0,0.7,VI,3,1.56361844120164
0,0.7,VI,4,2.0746250472050014
0,0.7,VI,5,1.8654594185951832
0,0.7,VI,6,1.953695546874949
0,0.7,VI,7,1.7248981210931535
0,0.7,VI,8,2.1826094346881955
0,0.7,VI,9,2.0811163262835763
0,0.7,VI,10,2.1269352372137567
0,0.7,VI,11,2.249001326006409
0,0.7,VI,12,2.002950448080436
0,0.7,VI,13,2.2746722128067582
0,0.7,VI,14,2.553194179683413
0,0.7,VI,15,2.070081404366048
0,0.7,VI,16,1.957902849100481
0,0.7,VI,17,2.0187799723283564
0,0.7,VI,18,1.6226191404131012
0,0.7,VI,19,2.0878878796105447
0,0.7,VI,20,1.8681589171904402
0,0.7,VI,21,2.116367458390036
0,0.7,VI,22,2.083700798810434
0,0.7,VI,23,1.1946962580496887
0,0.7,VI,24,2.616661707372982
0,0.7,VI,25,2.0564207734054705
0,0.7,VI,26,1.740804793448378
0,0.7,VI,27,2.0858406489899526
0,0.7,VI,28,2.0128797810604713
0,0.7,VI,29,2.2501098928222016
0,0.7,VI,30,2.216987108803438
0,0.7,VI,31,1.7944591204818707
0,0.7,VI,32,1.8577573853550695
0,0.7,VI,33,1.5705698286435443
0,0.7,VI,34,1.5156746523150793
0,0.7,VI,35,2.406141416814437
0,0.7,VI,36,1.8488998529091902
0,0.7,VI,37,2.0290495596551392
0,0.7,VI,38,1.9776306545287674
0,0.7,VI,39,2.218130492534577
0,0.7,VI,40,2.2355360725954934
0,0.7,VI,41,2.065315775620858
0,0.7,VI,42,2.7301969170821594
0,0.7,VI,43,2.0360801763838805
0,0.7,VI,44,1.6349911120041951
0,0.7,VI,45,1.918114754723188
0,0.7,VI,46,1.40109494584853
0,0.7,VI,47,1.992128411701737
0,0.7,VI,48,1.8557324887801436
0,0.7,VI,49,2.1192614459185815
0,0.9,SUB,0,0.26678885879007475
0,0.9,SUB,1,0.29698764438219144
0,0.9,SUB,2,0.2062686390414709
0,0.9,SUB,3,0.3030882191465193
0,0.9,SUB,4,0.3540682523469305
0,0.9,SUB,5,0.2834745574610747
0,0.9,SUB,6,0.2692641402104311
0,0.9,SUB,7,0.23028281538998202
0,0.9,SUB,8,0.280351148408054
0,0.9,SUB,9,0.2886255384026747
0,0.9,SUB,10,0.2953340359747811
0,0.9,SUB,11,0.287977517735351
0,0.9,SUB,12,0.28416729418707937
0,0.9,SUB,13,0.21777130884163462
0,0.9,SUB,14,0.3022412970763664
0,0.9,SUB,15,0.28266970693102944
0,0.9,SUB,16,0.2988155465507087
0,0.9,SUB,17,0.2678790806577771
0,0.9,SUB,18,0.3119091841204547
0,0.9,SUB,19,0.24951295013755506
0,0.9,SUB,20,0.27304290942046444
0,0.9,SUB,21,0.2501980308833164
0,0.9,SUB,22,0.25603326464228293
0,0.9,SUB,23,0.30019040988033635
0,0.9,SUB,24,0.23888687417899923
0,0.9,SUB,25,0.2602959248146982
0,0.9,SUB,26,0.29263302710498257
0,0.9,SUB,27,0.3719808885935317
0,0.9,SUB,28,0.23560782984718237
0,0.9,SUB,29,0.3217708532873409
0,0.9,SUB,30,0.2788557252674187
0,0.9,SUB,31,0.34326451426889376
0,0.9,SUB,32,0.25495537127331297
0,0.9,SUB,33,0.23807580011310095
0,0.9,SUB,34,0.29202920835107743
0,0.9,SUB,35,0.2826115991288342
0,0.9,SUB,36,0.3018521453232498
0,0.9,SUB,37,0.2911695346031228
0,0.9,SUB,38,0.2553868975935197
0,0.9,SUB,39,0.30222158945709454
0,0.9,SUB,40,0.3169523199611355
0,0.9,SUB,41,0.2841892044826126
0,0.9,SUB,42,0.26760206774388196
0,0.9,SUB,43,0.18508352649887314
0,0.9,SUB,44,0.22309640148563029
0,0.9,SUB,45,0.2721646862233436
0,0.9,SUB,46,0.24002699181802833
0,0.9,SUB,47,0.15589058888500892
0,0.9,SUB,48,0.3000719391512848
0,0.9,SUB,49,0.23141701882943713
0,0.9,VI,0,2.2183578295226405
0,0.9,VI,1,1.194778721174136
0,0.9,VI,2,2.217190727717996
0,0.9,VI,3,1.4012153815931048
0,0.9,VI,4,2.2671713921597116
0,0.9,VI,5,2.274844252764381
0,0.9,VI,6,2.7304357493120177
0,0.9,VI,7,2.1194667272795065
0,0.9,VI,8,1.8656004146964704
0,0.9,VI,9,2.250282521563681
0,0.9,VI,10,2.070217371384762
0,0.9,VI,11,1.9508525447088303
0,0.9,VI,12,2.065497488976832
0,0.9,VI,13,1.9538374135811485
0,0.9,VI,14,1.9183053854135539
0,0.9,VI,15,2.1827604825466524
0,0.9,VI,16,2.061787752458019
0,0.9,VI,17,1.8578942651783208
0,0.9,VI,18,2.013039608318348
0,0.9,VI,19,1.9789409914250866
0,0.9,VI,20,1.740940019233693
0,0.9,VI,21,1.7024853258008363
0,0.9,VI,22,1.4154944589359757
0,0.9,VI,23,1.648995939889633
0,0.9,VI,24,2.2356896048647337
0,0.9,VI,25,1.72511758521245
0,0.9,VI,26,1.7713509094225715
0,0.9,VI,27,2.081246859485035
0,0.9,VI,28,2.268380040328949
0,0.9,VI,29,1.6276147451102012
0,0.9,VI,30,2.0189332970364875
0,0.9,VI,31,2.3600936365272536
0,0.9,VI,32,1.977792444590969
0,0.9,VI,33,2.11652008535845
0,0.9,VI,34,1.5157788077732692
0,0.9,VI,35,2.083852161107636
0,0.9,VI,36,2.5799947206154497
0,0.9,VI,37,2.0747886800705015
0,0.9,VI,38,2.0362511114791673
0,0.9,VI,39,1.570695840007409
0,0.9,VI,40,1.5637094570927217
0,0.9,VI,41,2.088041461195185
0,0.9,VI,42,2.1271060041689793
0,0.9,VI,43,2.0530716424783453
0,0.9,VI,44,1.992315803708915
0,0.9,VI,45,1.9003205939671834
0,0.9,VI,46,1.7946041098238728
0,0.9,VI,47,2.136875068544392
0,0.9,VI,48,2.241265564399105
0,0.9,VI,49,2.61688874955059
0,1.0,SUB,0,0.26611455555783575
0,1.0,SUB,1,0.2579170846704792
0,1.0,SUB,2,0.22148257257043494
0,1.0,SUB,3,0.2952799888281379
0,1.0,SUB,4,0.3310307192588514
0,1.0,SUB,5,0.29841995128144294
0,1.0,SUB,6,0.310945739568613
0,1.0,SUB,7,0.2797350786245983
0,1.0,SUB,8,0.32148498456234037
0,1.0,SUB,9,0.34552463280880236
0,1.0,SUB,10,0.2368184543590665
0,1.0,SUB,11,0.30790921085429696
0,1.0,SUB,12,0.30398065673546115
0,1.0,SUB,13,0.30622819186098676
0,1.0,SUB,14,0.32578893391001457
0,1.0,SUB,15,0.27396783472609687
0,1.0,SUB,16,0.2491065299471853
0,1.0,SUB,17,0.32568794231445186
0,1.0,SUB,18,0.3036646564080322
0,1.0,SUB,19,0.3395965603480636
0,1.0,SUB,20,0.3435891757429215
0,1.0,SUB,21,0.3381254053453167
0,1.0,SUB,22,0.34909102440069284
0,1.0,SUB,23,0.3697409236008237
0,1.0,SUB,24,0.26393955042074624
0,1.0,SUB,25,0.29843649155467344
0,1.0,SUB,26,0.2591881190444837
0,1.0,SUB,27,0.3217924782134234
0,1.0,SUB,28,0.20237714139733706
0,1.0,SUB,29,0.3473392233781978
0,1.0,SUB,30,0.29046539821308903
0,1.0,SUB,31,0.26185065421826675
0,1.0,SUB,32,0.2314198528513988
0,1.0,SUB,33,0.2972643263224697
0,1.0,SUB,34,0.20825204356023816
0,1.0,SUB,35,0.2836779309869174
0,1.0,SUB,36,0.2657691013894588
0,1.0,SUB,37,0.25132212454971636
0,1.0,SUB,38,0.2975930318796418
0,1.0,SUB,39,0.2753661736392488
0,1.0,SUB,40,0.3488420644994646
0,1.0,SUB,41,0.34320432935294026
0,1.0,SUB,42,0.272460562045258
0,1.0,SUB,43,0.34394382429888404
0,1.0,SUB,44,0.27680204151150606
0,1.0,SUB,45,0.22601019112700876
0,1.0,SUB,46,0.3246619435524007
0,1.0,SUB,47,0.2586534850689806
0,1.0,SUB,48,0.3019601804398831
0,1.0,SUB,49,0.3225961840559727
0,1.0,VI,0,1.9183011063503055
0,1.0,VI,1,2.136871098354151
0,1.0,VI,2,2.268371853236173
0,1.0,VI,3,1.6489898369552114
0,1.0,VI,4,1.7713477148925132
0,1.0,VI,5,2.061739369726068
0,1.0,VI,6,1.9777861294213166
0,1.0,VI,7,2.6168830922107893
0,1.0,VI,8,1.9410294466852953
0,1.0,VI,9,2.081243457410511
0,1.0,VI,10,1.9003147781914798
0,1.0,VI,11,2.003109994677498
0,1.0,VI,12,1.8558449609550172
0,1.0,VI,13,2.127098586374169
0,1.0,VI,14,2.553387597959833
0,1.0,VI,15,1.6227673760682038
0,1.0,VI,16,1.702483251690469
0,1.0,VI,17,1.8683111441659908
0,1.0,VI,18,2.0189287436865455
0,1.0,VI,19,1.401211778760284
0,1.0,VI,20,1.4903780122350703
0,1.0,VI,21,1.5157762091952152
0,1.0,VI,22,1.7877953402981375
0,1.0,VI,23,1.958050555164462
0,1.0,VI,24,2.0654954650523076
0,1.0,VI,25,2.2502773507261984
0,1.0,VI,26,2.116514853639515
0,1.0,VI,27,1.7409363779543678
0,1.0,VI,28,2.3232432716304134
0,1.0,VI,29,1.6350896352057278
0,1.0,VI,30,2.0860011264013183
0,1.0,VI,31,2.217185138314086
0,1.0,VI,32,1.9538312989692075
0,1.0,VI,33,2.0702157315619547
0,1.0,VI,34,1.725114502248839
0,1.0,VI,35,1.8578919906302527
0,1.0,VI,36,1.7945989272001104
0,1.0,VI,37,1.9923121515193578
0,1.0,VI,38,1.6276081394485733
0,1.0,VI,39,2.074782316315425
0,1.0,VI,40,1.1947711496565523
0,1.0,VI,41,2.2356814816984345
0,1.0,VI,42,1.9789324992116553
0,1.0,VI,43,2.4063003942391794
0,1.0,VI,44,2.0292501509565493
0,1.0,VI,45,2.2412601545865027
0,1.0,VI,46,2.0130344775470514
0,1.0,VI,47,1.5706913790519943
0,1.0,VI,48,1.5637091186140746
0,1.0,VI,49,2.0617873042193717
1,0.0,SUB,0,0.03712720188616889
1,0.0,SUB,1,0.029318714467853522
1,0.0,SUB,2,0.03888617751698767
1,0.0,SUB,3,0.030527561613829312
1,0.0,SUB,4,0.02644208565520233
1,0.0,SUB,5,0.038505947502129545
1,0.0,SUB,6,0.049757807192976775
1,0.0,SUB,7,0.05011553543729336
1,0.0,SUB,8,0.05480281555314248
1,0.0,SUB,9,0.03751082459542348
1,0.0,SUB,10,0.04384057574014179
1,0.0,SUB,11,0.03221445946902117
1,0.0,SUB,12,0.023002528986762052
1,0.0,SUB,13,0.04316219855017734
1,0.0,SUB,14,0.035652217017408276
1,0.0,SUB,15,0.040951339003849216
1,0.0,SUB,16,0.0355192103061416
1,0.0,SUB,17,0.05465097237672051
1,0.0,SUB,18,0.044377582357322316
1,0.0,SUB,19,0.03332843770266868
1,0.0,SUB,20,0.024782368153101787
1,0.0,SUB,21,0.043506584423444454
1,0.0,SUB,22,0.04025360710894779
1,0.0,SUB,23,0.03904092040659455
1,0.0,SUB,24,0.0337269696343106
1,0.0,SUB,25,0.02861458936138532
1,0.0,SUB,26,0.0257433521318867
1,0.0,SUB,27,0.03938188813460103
1,0.0,SUB,28,0.02623756109918451
1,0.0,SUB,29,0.03270112730976021
1,0.0,SUB,30,0.03152615896991803
1,0.0,SUB,31,0.05164096722019391
1,0.0,SUB,32,0.03532454720869579
1,0.0,SUB,33,0.025830309436225305
1,0.0,SUB,34,0.036167849636168085
1,0.0,SUB,35,0.03197320758615164
1,0.0,SUB,36,0.038901467249975175
1,0.0,SUB,37,0.047320615709685265
1,0.0,SUB,38,0.03889437538623519
1,0.0,SUB,39,0.04361351939246835
1,0.0,SUB,40,0.03634718459670626
1,0.0,SUB,41,0.027835826203351004
1,0.0,SUB,42,0.03055847133277808
1,0.0,SUB,43,0.04210741981058028
1,0.0,SUB,44,0.02927663250103601
1,0.0,SUB,45,0.033867335496451996
1,0.0,SUB,46,0.03210220474789026
1,0.0,SUB,47,0.042418242497076986
1,0.0,SUB,48,0.031239657190025652
1,0.0,SUB,49,0.028023077598663817
1,0.0,VI,0,8.39848012949853e-06
1,0.0,VI,1,2.3028057234114892e-05
1,0.0,VI,2,0.0025703886348830965
1,0.0,VI,3,0.0021647180884968595
1,0.0,VI,4,0.0004530052768072221
1,0.0,VI,5,1.226921231146301e-05
1,0.0,VI,6,0.00017699800784118572
1,0.0,VI,7,0.0007276276452328301
1,0.0,VI,8,0.0004445057794233644
1,0.0,VI,9,1.1866886413538213e-06
1,0.0,VI,10,0.0001956912293261653
1,0.0,VI,11,1.1495532648153563e-05
1,0.0,VI,12,5.131060218235232e-07
1,0.0,VI,13,0.0009224393177606106
1,0.0,VI,14,0.00014387321422625973
1,0.0,VI,15,5.065026004978166e-07
1,0.0,VI,16,7.464388026624115e-05
1,0.0,VI,17,0.001968129859485684
1,0.0,VI,18,0.0005574294637712091
1,0.0,VI,19,8.025194327779412e-05
1,0.0,VI,20,8.329982640266002e-05
1,0.0,VI,21,0.0022507949511310675
1,0.0,VI,22,0.0017181501237975075
1,0.0,VI,23,9.842884381985752e-05
1,0.0,VI,24,3.118130384914629e-07
1,0.0,VI,25,0.00012231885792142978
1,0.0,VI,26,3.3692574360924675e-05
1,0.0,VI,27,0.003077814618831702
1,0.0,VI,28,0.00012695021929198666
1,0.0,VI,29,0.00010398056003209591
1,0.0,VI,30,0.0005823107161626314
1,0.0,VI,31,0.0001546619520028644
1,0.0,VI,32,8.942378115884302e-05
1,0.0,VI,33,1.2973898436584893e-06
1,0.0,VI,34,3.135544985197916e-05
1,0.0,VI,35,0.0026565731735516173
1,0.0,VI,36,0.00032071777750395823
1,0.0,VI,37,0.00932645751448261
1,0.0,VI,38,0.00032041544436753095
1,0.0,VI,39,0.00014978060280236165
1,0.0,VI,40,0.00011052229657567793
1,0.0,VI,41,6.932406906589836e-05
1,0.0,VI,42,1.8027349988553525e-05
1,0.0,VI,43,0.0006805601595020324
1,0.0,VI,44,1.1300861436250402e-05
1,0.0,VI,45,8.624859911913654e-06
1,0.0,VI,46,3.6885991093719914e-05
1,0.0,VI,47,0.0022857783693063377
1,0.0,VI,48,0.0010658469509023571
1,0.0,VI,49,2.1880648017041662e-05
1,0.01,SUB,0,0.048927098814646845
1,0.01,SUB,1,0.041263038830668605
1,0.01,SUB,2,0.04063772795076309
1,0.01,SUB,3,0.04688852548971542
1,0.01,SUB,4,0.04351031748642463
1,0.01,SUB,5,0.03983172546838507
1,0.01,SUB,6,0.05242619670509972
1,0.01,SUB,7,0.02986145980237757
1,0.01,SUB,8,0.032887947823181295
1,0.01,SUB,9,0.05103495431930346
1,0.01,SUB,10,0.040430657373169504
1,0.01,SUB,11,0.04120100290881738
1,0.01,SUB,12,0.029682314270239485
1,0.01,SUB,13,0.04759473839827124
1,0.01,SUB,14,0.029442932986453143
1,0.01,SUB,15,0.03250647534023918
1,0.01,SUB,16,0.03686836850275435
1,0.01,SUB,17,0.04357942509046946
1,0.01,SUB,18,0.031238384078380796
1,0.01,SUB,19,0.02462104413346043
1,0.01,SUB,20,0.027155697238906016
1,0.01,SUB,21,0.02760878941520287
1,0.01,SUB,22,0.054490825750655926
1,0.01,SUB,23,0.04589905919348703
1,0.01,SUB,24,0.028951617933698527
1,0.01,SUB,25,0.02550990390923537
1,0.01,SUB,26,0.052633467869704596
1,0.01,SUB,27,0.04090700582865883
1,0.01,SUB,28,0.03176927494777391
1,0.01,SUB,29,0.04524179406271493
1,0.01,SUB,30,0.03218492109393826
1,0.01,SUB,31,0.05036698554245128
1,0.01,SUB,32,0.017852347004244408
1,0.01,SUB,33,0.050125560643789216
1,0.01,SUB,34,0.0639286973357327
1,0.01,SUB,35,0.026429480192974846
1,0.01,SUB,36,0.037511066701200024
1,0.01,SUB,37,0.034600349739359944
1,0.01,SUB,38,0.04765960371486844
1,0.01,SUB,39,0.044680900080730106
1,0.01,SUB,40,0.0512636513682898
1,0.01,SUB,41,0.037008242551299746
1,0.01,SUB,42,0.045900883620417526
1,0.01,SUB,43,0.04217512036645538
1,0.01,SUB,44,0.0431395510581049
1,0.01,SUB,45,0.04269339788884785
1,0.01,SUB,46,0.074917648277053
1,0.01,SUB,47,0.05084376955236866
1,0.01,SUB,48,0.03554258966390731
1,0.01,SUB,49,0.03850220427641276
1,0.01,VI,0,0.006243413978406681
1,0.01,VI,1,0.008161442123813182
1,0.01,VI,2,0.008519442718174931
1,0.01,VI,3,0.007343209984328748
1,0.01,VI,4,0.009658122491829645
1,0.01,VI,5,0.004789628493248236
1,0.01,VI,6,0.00667796359287024
1,0.01,VI,7,0.006556598344776111
1,0.01,VI,8,0.009456593550046613
1,0.01,VI,9,0.00682553537622091
1,0.01,VI,10,0.007980892525964964
1,0.01,VI,11,0.007357161469944183
1,0.01,VI,12,0.006264113244175454
1,0.01,VI,13,0.006160708478082622
1,0.01,VI,14,0.008344837475281237
1,0.01,VI,15,0.0057560665189830594
1,0.01,VI,16,0.0059488768780586775
1,0.01,VI,17,0.009172686174244037
1,0.01,VI,18,0.009675886207366743
1,0.01,VI,19,0.008421346789031664
1,0.01,VI,20,0.007149898147764485
1,0.01,VI,21,0.005257931894222869
1,0.01,VI,22,0.006581684849156632
1,0.01,VI,23,0.0077360189203344925
1,0.01,VI,24,0.007824006522420402
1,0.01,VI,25,0.006562703885012118
1,0.01,VI,26,0.005485297435514731
1,0.01,VI,27,0.005754735991813928
1,0.01,VI,28,0.00492727747155033
1,0.01,VI,29,0.0045999345082062435
1,0.01,VI,30,0.007222442629234591
1,0.01,VI,31,0.0058699409364195146
1,0.01,VI,32,0.00758099686582608
1,0.01,VI,33,0.010212171883534063
1,0.01,VI,34,0.0072467924100745726
1,0.01,VI,35,0.007902988818903823
1,0.01,VI,36,0.007323123482815779
1,0.01,VI,37,0.009342537040768227
1,0.01,VI,38,0.007046656961722231
1,0.01,VI,39,0.00818264575744158
1,0.01,VI,40,0.008431216286178034
1,0.01,VI,41,0.006522164586503837
1,0.01,VI,42,0.00851152026767644
1,0.01,VI,43,0.008839811765457138
1,0.01,VI,44,0.008874240272902682
1,0.01,VI,45,0.0070491949228547865
1,0.01,VI,46,0.007117491882184098
1,0.01,VI,47,0.0072099860354593965
1,0.01,VI,48,0.004461055741423338
1,0.01,VI,49,0.004019113702591279
1,0.05,SUB,0,0.04905663762412975
1,0.05,SUB,1,0.056606961706274925
1,0.05,SUB,2,0.07756550595916137
1,0.05,SUB,3,0.06061262667168549
1,0.05,SUB,4,0.05191991671792419
1,0.05,SUB,5,0.08408342737378087
1,0.05,SUB,6,0.03797182633400808
1,0.05,SUB,7,0.09413732581261179
1,0.05,SUB,8,0.04760965279761929
1,0.05,SUB,9,0.049846408536181885
1,0.05,SUB,10,0.05643467804461939
1,0.05,SUB,11,0.04702483919946189
1,0.05,SUB,12,0.060086081721118886
1,0.05,SUB,13,0.05735018293582602
1,0.05,SUB,14,0.03499132122145636
1,0.05,SUB,15,0.07186885723375179
1,0.05,SUB,16,0.05462154375558267
1,0.05,SUB,17,0.06974373418286797
1,0.05,SUB,18,0.05378358212245686
1,0.05,SUB,19,0.05217446844587231
1,0.05,SUB,20,0.08853873174108044
1,0.05,SUB,21,0.04499780904919134
1,0.05,SUB,22,0.08534628370773226
1,0.05,SUB,23,0.04713322060125822
1,0.05,SUB,24,0.06257508190566555
1,0.05,SUB,25,0.08336516619450077
1,0.05,SUB,26,0.06893744931570851
1,0.05,SUB,27,0.05307005078697129
1,0.05,SUB,28,0.0601311737295709
1,0.05,SUB,29,0.0772293606406364
1,0.05,SUB,30,0.049357966658876685
1,0.05,SUB,31,0.050011820547559434
1,0.05,SUB,32,0.060120934805187605
1,0.05,SUB,33,0.033011620881798105
1,0.05,SUB,34,0.0742752722067776
1,0.05,SUB,35,0.06236992215542146
1,0.05,SUB,36,0.06152177947043572
1,0.05,SUB,37,0.0393748838911013
1,0.05,SUB,38,0.04221393744910898
1,0.05,SUB,39,0.05963987282972857
1,0.05,SUB,40,0.0714034867297225
1,0.05,SUB,41,0.058850010291827515
1,0.05,SUB,42,0.06126512240692687
1,0.05,SUB,43,0.05101163367618387
1,0.05,SUB,44,0.0449196533062723
1,0.05,SUB,45,0.02838480933406642
1,0.05,SUB,46,0.06265807765385575
1,0.05,SUB,47,0.03417326369152529
1,0.05,SUB,48,0.09190309119906102
1,0.05,SUB,49,0.06555904921736334
1,0.05,VI,0,2.183871513050928
1,0.05,VI,1,1.7966657028431692
1,0.05,VI,2,1.733979896488678
1,0.05,VI,3,2.061730536635511
1,0.05,VI,4,2.1468496038409923
1,0.05,VI,5,2.1834611221933558
1,0.05,VI,6,1.8882859762322197
1,0.05,VI,7,1.894231024308562
1,0.05,VI,8,2.0136322009091887
1,0.05,VI,9,1.9093892046461958
1,0.05,VI,10,2.5024405099943134
1,0.05,VI,11,2.397733198479142
1,0.05,VI,12,2.0755068133067596
1,0.05,VI,13,1.853974622433928
1,0.05,VI,14,2.013797016310845
1,0.05,VI,15,1.4732583558474488
1,0.05,VI,16,2.3256658760625903
1,0.05,VI,17,1.66666687707527
1,0.05,VI,18,2.0090698603797628
1,0.05,VI,19,1.8554815883400082
1,0.05,VI,20,2.3024503758194115
1,0.05,VI,21,1.8473073460848333
1,0.05,VI,22,2.1468547068097985
1,0.05,VI,23,1.9475074554196812
1,0.05,VI,24,2.100866529333062
1,0.05,VI,25,1.8052922325670828
1,0.05,VI,26,1.767743955375226
1,0.05,VI,27,1.8118028059368254
1,0.05,VI,28,1.7791986285806207
1,0.05,VI,29,1.9474494464600751
1,0.05,VI,30,1.861261430360869
1,0.05,VI,31,1.7568369882349861
1,0.05,VI,32,1.8794648902243145
1,0.05,VI,33,2.2063447558357354
1,0.05,VI,34,1.2952747738663255
1,0.05,VI,35,2.3089613626527083
1,0.05,VI,36,2.145545792959177
1,0.05,VI,37,2.214902072500576
1,0.05,VI,38,1.9407568221045022
1,0.05,VI,39,1.8312437919004696
1,0.05,VI,40,1.6249443942164787
1,0.05,VI,41,2.1305411463281163
1,0.05,VI,42,1.893355164897355
1,0.05,VI,43,1.786643723715143
1,0.05,VI,44,2.0799399086326664
1,0.05,VI,45,2.1683869310108
1,0.05,VI,46,2.0921489024496935
1,0.05,VI,47,1.9967956861406428
1,0.05,VI,48,1.3981971305335017
1,0.05,VI,49,1.3359308021280545
1,0.1,SUB,0,0.0894960428032662
1,0.1,SUB,1,0.09037612388592103
1,0.1,SUB,2,0.06593895494981118
1,0.1,SUB,3,0.1287958455561334
1,0.1,SUB,4,0.07059251696797954
1,0.1,SUB,5,0.09224093354351766
1,0.1,SUB,6,0.10517244905358462
1,0.1,SUB,7,0.05213059079348617
1,0.1,SUB,8,0.09032020605954892
1,0.1,SUB,9,0.0877159940640736
1,0.1,SUB,10,0.10668013425108373
1,0.1,SUB,11,0.10307424951514185
1,0.1,SUB,12,0.05402008919313045
1,0.1,SUB,13,0.036150709290689004
1,0.1,SUB,14,0.112926451987956
1,0.1,SUB,15,0.0765041599983394
1,0.1,SUB,16,0.08647460433474613
1,0.1,SUB,17,0.06858711988186297
1,0.1,SUB,18,0.09605979563048372
1,0.1,SUB,19,0.0964157085125857
1,0.1,SUB,20,0.11613499612894984
1,0.1,SUB,21,0.086030392890519
1,0.1,SUB,22,0.0819019704686533
1,0.1,SUB,23,0.100451670026678
1,0.1,SUB,24,0.09921292918750763
1,0.1,SUB,25,0.12915856819587285
1,0.1,SUB,26,0.08183130289826762
1,0.1,SUB,27,0.09703697731792352
1,0.1,SUB,28,0.08603540140358404
1,0.1,SUB,29,0.06565984066367501
1,0.1,SUB,30,0.1407400063948787
1,0.1,SUB,31,0.08689302536890649
1,0.1,SUB,32,0.13135800003755704
1,0.1,SUB,33,0.07697748727389568
1,0.1,SUB,34,0.10984705919095038
1,0.1,SUB,35,0.05471722056328998
1,0.1,SUB,36,0.10461633554577318
1,0.1,SUB,37,0.06938574982994189
1,0.1,SUB,38,0.04566928031613444
1,0.1,SUB,39,0.0978107401598262
1,0.1,SUB,40,0.07927232769741016
1,0.1,SUB,41,0.08034848506903428
1,0.1,SUB,42,0.06707450539227916
1,0.1,SUB,43,0.08781998136415653
1,0.1,SUB,44,0.12045276512199407
1,0.1,SUB,45,0.0949306648681366
1,0.1,SUB,46,0.09902701125734859
1,0.1,SUB,47,0.10357901058686977
1,0.1,SUB,48,0.07562231945300385
1,0.1,SUB,49,0.08775967940210654
1,0.1,VI,0,2.3983392154640515
1,0.1,VI,1,2.1310255056054657
1,0.1,VI,2,2.0143746118111925
1,0.1,VI,3,2.033820101067661
1,0.1,VI,4,2.046695995291089
1,0.1,VI,5,2.2698903461076405
1,0.1,VI,6,1.7796426146295836
1,0.1,VI,7,2.1690099796039313
1,0.1,VI,8,1.7970898435325247
1,0.1,VI,9,2.1174129718045087
1,0.1,VI,10,1.8317628642837291
1,0.1,VI,11,1.787048079056278
1,0.1,VI,12,1.8799403353022246
1,0.1,VI,13,1.940872109637863
1,0.1,VI,14,1.8938009031975753
1,0.1,VI,15,2.3030590095390155
1,0.1,VI,16,1.7573126716686072
1,0.1,VI,17,2.1013886711437375
1,0.1,VI,18,1.945257658496462
1,0.1,VI,19,1.6252713823681324
1,0.1,VI,20,2.309544239887085
1,0.1,VI,21,2.014144075029206
1,0.1,VI,22,2.206918511148779
1,0.1,VI,23,1.8057105090806904
1,0.1,VI,24,1.861808210148747
1,0.1,VI,25,1.2955629115253604
1,0.1,VI,26,1.9412940091752877
1,0.1,VI,27,1.4735975888305775
1,0.1,VI,28,2.215444325128708
1,0.1,VI,29,1.9581238966109507
1,0.1,VI,30,1.3985259007191337
1,0.1,VI,31,2.3622090280140795
1,0.1,VI,32,1.6826221022004737
1,0.1,VI,33,1.9098015068827896
1,0.1,VI,34,1.8888201168443486
1,0.1,VI,35,1.855942867287633
1,0.1,VI,36,1.8543489202156476
1,0.1,VI,37,1.7291160768593952
1,0.1,VI,38,1.8478023538755917
1,0.1,VI,39,1.9285531929850834
1,0.1,VI,40,2.5030699807864494
1,0.1,VI,41,2.092675617562578
1,0.1,VI,42,2.0804429416789953
1,0.1,VI,43,2.0622079582623805
1,0.1,VI,44,1.7681664883782213
1,0.1,VI,45,2.1084675996205324
1,0.1,VI,46,1.667124320271067
1,0.1,VI,47,1.9314352208292247
1,0.1,VI,48,2.0041287682809488
1,0.1,VI,49,2.1844494571393245
1,0.3,SUB,0,0.19894128937837022
1,0.3,SUB,1,0.21750371891555192
1,0.3,SUB,2,0.15342683564694493
1,0.3,SUB,3,0.16479345298267128
1,0.3,SUB,4,0.16127371843711383
1,0.3,SUB,5,0.15180768548343818
1,0.3,SUB,6,0.12283847562113337
1,0.3,SUB,7,0.19144673466390608
1,0.3,SUB,8,0.1054655070110707
1,0.3,SUB,9,0.19917543992586012
1,0.3,SUB,10,0.19356608680313123
1,0.3,SUB,11,0.18177015176426298
1,0.3,SUB,12,0.15154525422973592
1,0.3,SUB,13,0.16192260207708734
1,0.3,SUB,14,0.1679649298133071
1,0.3,SUB,15,0.17593099204889187
1,0.3,SUB,16,0.20179524585111425
1,0.3,SUB,17,0.1713459430477468
1,0.3,SUB,18,0.24086912614169662
1,0.3,SUB,19,0.15720125055610287
1,0.3,SUB,20,0.21053075116532952
1,0.3,SUB,21,0.13054873107204676
1,0.3,SUB,22,0.15056534513935135
1,0.3,SUB,23,0.13375515989389458
1,0.3,SUB,24,0.15613451204733161
1,0.3,SUB,25,0.1755281716630627
1,0.3,SUB,26,0.1876856957861604
1,0.3,SUB,27,0.15065360118849738
1,0.3,SUB,28,0.15907007871207632
1,0.3,SUB,29,0.14053904665341108
1,0.3,SUB,30,0.1652638522899503
1,0.3,SUB,31,0.1898022666088056
1,0.3,SUB,32,0.09921883832958142
1,0.3,SUB,33,0.20275815950373183
1,0.3,SUB,34,0.16424624201834054
1,0.3,SUB,35,0.17658946244377507
1,0.3,SUB,36,0.16430036226981132
1,0.3,SUB,37,0.20863470507209797
1,0.3,SUB,38,0.21149792590420802
1,0.3,SUB,39,0.20080224634040544
1,0.3,SUB,40,0.1899550252612355
1,0.3,SUB,41,0.2078098914507762
1,0.3,SUB,42,0.16729427687286874
1,0.3,SUB,43,0.19639659456442932
1,0.3,SUB,44,0.11714153872763017
1,0.3,SUB,45,0.22159607533001743
1,0.3,SUB,46,0.20974048318569546
1,0.3,SUB,47,0.11369373903481002
1,0.3,SUB,48,0.12164331347804676
1,0.3,SUB,49,0.1287483666408214
1,0.3,VI,0,2.043356161795846
1,0.3,VI,1,2.0341654351814773
1,0.3,VI,2,1.9101032271429648
1,0.3,VI,3,1.9563510749523214
1,0.3,VI,4,1.8320667893329552
1,0.3,VI,5,1.941222457141044
1,0.3,VI,6,2.0625622108165493
1,0.3,VI,7,1.9317447740830747
1,0.3,VI,8,1.9411987466658849
1,0.3,VI,9,2.2702254482965065
1,0.3,VI,10,1.9289040719843027
1,0.3,VI,11,2.2072602603589693
1,0.3,VI,12,1.8891551514276799
1,0.3,VI,13,2.0808191076914246
1,0.3,VI,14,1.336414308126743
1,0.3,VI,15,2.1087758351412034
1,0.3,VI,16,1.7799046428297136
1,0.3,VI,17,1.7293808861112658
1,0.3,VI,18,1.3987185269551228
1,0.3,VI,19,2.1848012691220626
1,0.3,VI,20,1.6828789147517
1,0.3,VI,21,2.215832142716523
1,0.3,VI,22,1.9455784952834596
1,0.3,VI,23,2.1313871476642374
1,0.3,VI,24,2.3266058087726766
1,0.3,VI,25,1.7973774951192953
1,0.3,VI,26,2.0098083677195113
1,0.3,VI,27,2.503511496789146
1,0.3,VI,28,1.8481141159244594
1,0.3,VI,29,2.101771380594971
1,0.3,VI,30,1.8546090414137764
1,0.3,VI,31,2.184356923054538
1,0.3,VI,32,2.147725117921205
1,0.3,VI,33,1.805107340176347
1,0.3,VI,34,1.757651730425193
1,0.3,VI,35,2.117774130903026
1,0.3,VI,36,2.076251398918105
1,0.3,VI,37,2.303460804426954
1,0.3,VI,38,1.7345987183468947
1,0.3,VI,39,1.89415768412176
1,0.3,VI,40,1.4738296289364516
1,0.3,VI,41,1.9482740064053095
1,0.3,VI,42,1.295745958647168
1,0.3,VI,43,2.014442097827038
1,0.3,VI,44,2.398771211488477
1,0.3,VI,45,1.7684335064756576
1,0.3,VI,46,2.147752011973337
1,0.3,VI,47,2.146468779048789
1,0.3,VI,48,1.8562762469938963
1,0.3,VI,49,2.362596878792549
1,0.5,SUB,0,0.21917050442868305
1,0.5,SUB,1,0.19589409229668214
1,0.5,SUB,2,0.2157106626924523
1,0.5,SUB,3,0.18523976822499924
1,0.5,SUB,4,0.2270032608608513
1,0.5,SUB,5,0.2526829713278759
1,0.5,SUB,6,0.20436804145116524
1,0.5,SUB,7,0.21859907347835
1,0.5,SUB,8,0.22180173739928732
1,0.5,SUB,9,0.19739498825878427
1,0.5,SUB,10,0.2142093290603801
1,0.5,SUB,11,0.18257322492242453
1,0.5,SUB,12,0.22218652600142036
1,0.5,SUB,13,0.18059097992773895
1,0.5,SUB,14,0.23561111603220852
1,0.5,SUB,15,0.21148864848472568
1,0.5,SUB,16,0.1783343951967652
1,0.5,SUB,17,0.26005255705175156
1,0.5,SUB,18,0.2452106690796489
1,0.5,SUB,19,0.1741835845620301
1,0.5,SUB,20,0.18664366174660507
1,0.5,SUB,21,0.2662847933543096
1,0.5,SUB,22,0.22842545789405136
1,0.5,SUB,23,0.2579506237087949
1,0.5,SUB,24,0.21149768386221526
1,0.5,SUB,25,0.24702143730827578
1,0.5,SUB,26,0.22542489495771184
1,0.5,SUB,27,0.1858106691026152
1,0.5,SUB,28,0.1897872888305801
1,0.5,SUB,29,0.24493793995535543
1,0.5,SUB,30,0.20531127349099065
1,0.5,SUB,31,0.22523438703446075
1,0.5,SUB,32,0.18579096767030714
1,0.5,SUB,33,0.17255446766124063
1,0.5,SUB,34,0.24423337152825442
1,0.5,SUB,35,0.19445356943972117
1,0.5,SUB,36,0.24279278429117332
1,0.5,SUB,37,0.2139863360537553
1,0.5,SUB,38,0.17072612610160756
1,0.5,SUB,39,0.25817938229144294
1,0.5,SUB,40,0.1837965897816604
1,0.5,SUB,41,0.1966603698649689
1,0.5,SUB,42,0.2321458369606481
1,0.5,SUB,43,0.254345318975846
1,0.5,SUB,44,0.27751308971336425
1,0.5,SUB,45,0.1551370501598988
1,0.5,SUB,46,0.22339045352888762
1,0.5,SUB,47,0.18716734570221766
1,0.5,SUB,48,0.24075031178622422
1,0.5,SUB,49,0.20706313468944004
1,0.5,VI,0,2.1754648576972073
1,0.5,VI,1,1.8883009133226678
1,0.5,VI,2,2.3357036487775527
1,0.5,VI,3,2.5272573425218376
1,0.5,VI,4,1.8380403663030018
1,0.5,VI,5,2.1458479956798358
1,0.5,VI,6,2.0453968183168523
1,0.5,VI,7,2.039415269598914
1,0.5,VI,8,1.9596976883355999
1,0.5,VI,9,2.076112077541846
1,0.5,VI,10,2.0273923648177834
1,0.5,VI,11,2.4235593607129005
1,0.5,VI,12,2.352178415182022
1,0.5,VI,13,1.9118643464491754
1,0.5,VI,14,1.9761555848654095
1,0.5,VI,15,2.2426750762079775
1,0.5,VI,16,2.0442613352031005
1,0.5,VI,17,1.8866879742027411
1,0.5,VI,18,2.1094085309849206
1,0.5,VI,19,2.1754203650494177
1,0.5,VI,20,2.1300813976734743
1,0.5,VI,21,1.7181812235155078
1,0.5,VI,22,1.7030552001378465
1,0.5,VI,23,1.7637487498878495
1,0.5,VI,24,2.072479606144375
1,0.5,VI,25,1.8389411152123538
1,0.5,VI,26,1.8644932796839497
1,0.5,VI,27,1.9718705692255942
1,0.5,VI,28,2.212030011597694
1,0.5,VI,29,1.8205904500116512
1,0.5,VI,30,1.845435273207592
1,0.5,VI,31,2.211582084343807
1,0.5,VI,32,1.9867181686892301
1,0.5,VI,33,1.9722368679693776
1,0.5,VI,34,1.5140439420324443
1,0.5,VI,35,2.387790439520528
1,0.5,VI,36,1.9206081646966082
1,0.5,VI,37,1.8020353443566024
1,0.5,VI,38,1.7688612011982985
1,0.5,VI,39,1.441056688121567
1,0.5,VI,40,2.1593130053556084
1,0.5,VI,41,1.9887797244687366
1,0.5,VI,42,1.9255396747066444
1,0.5,VI,43,1.8940525682406142
1,0.5,VI,44,1.341347112937552
1,0.5,VI,45,2.1369961281575973
1,0.5,VI,46,2.104943039577604
1,0.5,VI,47,1.8802784030997994
1,0.5,VI,48,2.2964543735907172
1,0.5,VI,49,2.0439739099857417
1,0.7,SUB,0,0.27660807264457205
1,0.7,SUB,1,0.27400052855704377
1,0.7,SUB,2,0.31978239492453997
1,0.7,SUB,3,0.28970326922323575
1,0.7,SUB,4,0.3209059125554829
1,0.7,SUB,5,0.3165280816341258
1,0.7,SUB,6,0.284808102551697
1,0.7,SUB,7,0.3324249592992381
1,0.7,SUB,8,0.30591138465202844
1,0.7,SUB,9,0.3738307746817245
1,0.7,SUB,10,0.25529555532242354
1,0.7,SUB,11,0.31459446691471327
1,0.7,SUB,12,0.23899826185638437
1,0.7,SUB,13,0.2668835605143386
1,0.7,SUB,14,0.27983768073710863
1,0.7,SUB,15,0.28744077063663764
1,0.7,SUB,16,0.3383052833830692
1,0.7,SUB,17,0.2712921662896445
1,0.7,SUB,18,0.3196480984360767
1,0.7,SUB,19,0.23990849875350495
1,0.7,SUB,20,0.31594559992685517
1,0.7,SUB,21,0.2683796196297537
1,0.7,SUB,22,0.2567024067046259
1,0.7,SUB,23,0.32634132545422795
1,0.7,SUB,24,0.2827385899157393
1,0.7,SUB,25,0.30097882611197857
1,0.7,SUB,26,0.28103705950130176
1,0.7,SUB,27,0.30000835605847687
1,0.7,SUB,28,0.3100525459120935
1,0.7,SUB,29,0.2791397453939447
1,0.7,SUB,30,0.2869309583957363
1,0.7,SUB,31,0.29365416471566397
1,0.7,SUB,32,0.2806405270485026
1,0.7,SUB,33,0.2764862395931896
1,0.7,SUB,34,0.30670249267649086
1,0.7,SUB,35,0.3350155661735638
1,0.7,SUB,36,0.3164053874811713
1,0.7,SUB,37,0.318522878181421
1,0.7,SUB,38,0.3642062221475068
1,0.7,SUB,39,0.28637876421357256
1,0.7,SUB,40,0.3121282483425587
1,0.7,SUB,41,0.31409159052893665
1,0.7,SUB,42,0.30078790231836083
1,0.7,SUB,43,0.3324575472185965
1,0.7,SUB,44,0.28856292885589035
1,0.7,SUB,45,0.3253293131069374
1,0.7,SUB,46,0.3332030320413263
1,0.7,SUB,47,0.2954888848739411
1,0.7,SUB,48,0.33461419029754175
1,0.7,SUB,49,0.32551194063136946
1,0.7,VI,0,2.196958783558684
1,0.7,VI,1,1.8942248637157533
1,0.7,VI,2,1.9869048496691868
1,0.7,VI,3,2.2117614302765634
1,0.7,VI,4,2.0275516646992533
1,0.7,VI,5,1.988933853877161
1,0.7,VI,6,2.0455805745876297
1,0.7,VI,7,1.763868458249981
1,0.7,VI,8,1.972011297062902
1,0.7,VI,9,2.175619277006002
1,0.7,VI,10,2.0915636232223074
1,0.7,VI,11,1.8884473373632777
1,0.7,VI,12,1.6621280937204623
1,0.7,VI,13,2.034292000037438
1,0.7,VI,14,1.911993605339139
1,0.7,VI,15,1.8021751363773792
1,0.7,VI,16,1.8390664836574724
1,0.7,VI,17,1.703189545039164
1,0.7,VI,18,2.296607085133085
1,0.7,VI,19,2.1594637266964485
1,0.7,VI,20,1.8646573803691024
1,0.7,VI,21,1.8381754559859427
1,0.7,VI,22,2.130239160452193
1,0.7,VI,23,2.105066012853933
1,0.7,VI,24,2.063565457844315
1,0.7,VI,25,1.341427837383384
1,0.7,VI,26,2.1755905151997674
1,0.7,VI,27,2.387957981498356
1,0.7,VI,28,1.830584429084451
1,0.7,VI,29,1.9598867871286023
1,0.7,VI,30,2.2428526990670616
1,0.7,VI,31,1.8456094803808347
1,0.7,VI,32,2.5274590113640105
1,0.7,VI,33,1.8207032620831125
1,0.7,VI,34,1.886808992927806
1,0.7,VI,35,2.044127507657037
1,0.7,VI,36,2.121643048417959
1,0.7,VI,37,1.9789520262526994
1,0.7,VI,38,1.962681975480317
1,0.7,VI,39,1.972382411200427
1,0.7,VI,40,2.1460304866705417
1,0.7,VI,41,2.1095692616505226
1,0.7,VI,42,1.5141494840282341
1,0.7,VI,43,1.926438374139114
1,0.7,VI,44,1.791595115836325
1,0.7,VI,45,2.076260043435261
1,0.7,VI,46,2.234387253880601
1,0.7,VI,47,1.9790188801452409
1,0.7,VI,48,2.0395610025035262
1,0.7,VI,49,1.9413823338104548
1,0.9,SUB,0,0.3154222561012058
1,0.9,SUB,1,0.2573089732420154
1,0.9,SUB,2,0.3255287058714393
1,0.9,SUB,3,0.3011509528261489
1,0.9,SUB,4,0.3284774139326594
1,0.9,SUB,5,0.2884052362573726
1,0.9,SUB,6,0.2905061411869746
1,0.9,SUB,7,0.3695565883667697
1,0.9,SUB,8,0.26465770100354846
1,0.9,SUB,9,0.28710124766248535
1,0.9,SUB,10,0.29725425340176337
1,0.9,SUB,11,0.31119965587139264
1,0.9,SUB,12,0.2952660744597956
1,0.9,SUB,13,0.3473895446430782
1,0.9,SUB,14,0.28616056328141704
1,0.9,SUB,15,0.2716002230715982
1,0.9,SUB,16,0.28063385890723885
1,0.9,SUB,17,0.30956292433811083
1,0.9,SUB,18,0.28575763379496033
1,0.9,SUB,19,0.28464143179854
1,0.9,SUB,20,0.3162940896492336
1,0.9,SUB,21,0.25087315919369324
1,0.9,SUB,22,0.3182294742662173
1,0.9,SUB,23,0.2783444968118213
1,0.9,SUB,24,0.2787874146360353
1,0.9,SUB,25,0.3152595414677704
1,0.9,SUB,26,0.32416428267756997
1,0.9,SUB,27,0.2685665700174233
1,0.9,SUB,28,0.2378874715395699
1,0.9,SUB,29,0.28647946472221675
1,0.9,SUB,30,0.28337608027697264
1,0.9,SUB,31,0.2853133986264111
1,0.9,SUB,32,0.3255964394663608
1,0.9,SUB,33,0.29646593695630047
1,0.9,SUB,34,0.3300545631254771
1,0.9,SUB,35,0.2679568263917491
1,0.9,SUB,36,0.31238661337800905
1,0.9,SUB,37,0.3024139414802168
1,0.9,SUB,38,0.33069719991919094
1,0.9,SUB,39,0.3348224990791227
1,0.9,SUB,40,0.2855441857390053
1,0.9,SUB,41,0.3136817404184417
1,0.9,SUB,42,0.34606432669402143
1,0.9,SUB,43,0.27469974685147885
1,0.9,SUB,44,0.33791497190122327
1,0.9,SUB,45,0.2935133394294404
1,0.9,SUB,46,0.21266420380628298
1,0.9,SUB,47,0.36223869058114627
1,0.9,SUB,48,0.24016245135639272
1,0.9,SUB,49,0.3328867251631302
1,0.9,VI,0,1.9119823685293353
1,0.9,VI,1,1.880410889584368
1,0.9,VI,2,1.8390543135248965
1,0.9,VI,3,1.978935412734222
1,0.9,VI,4,1.962667890606399
1,0.9,VI,5,1.9719979372967686
1,0.9,VI,6,1.84559172818053
1,0.9,VI,7,1.4411358696150154
1,0.9,VI,8,1.9723722123360798
1,0.9,VI,9,2.0762465096904146
1,0.9,VI,10,2.4237354339129484
1,0.9,VI,11,1.74503807201005
1,0.9,VI,12,1.9598714173403726
1,0.9,VI,13,2.329448345120899
1,0.9,VI,14,1.9868886686213474
1,0.9,VI,15,2.1969423708906364
1,0.9,VI,16,2.1050485904994862
1,0.9,VI,17,2.2965892303585007
1,0.9,VI,18,2.0915449956727525
1,0.9,VI,19,1.976283518981675
1,0.9,VI,20,2.045567643570324
1,0.9,VI,21,2.034273866473756
1,0.9,VI,22,1.802164589864718
1,0.9,VI,23,2.039541436999936
1,0.9,VI,24,2.1095483147678937
1,0.9,VI,25,2.527439243173663
1,0.9,VI,26,2.1756034795799035
1,0.9,VI,27,1.9889143125670745
1,0.9,VI,28,1.9789998156216633
1,0.9,VI,29,2.0275360647828307
1,0.9,VI,30,2.159446198344038
1,0.9,VI,31,2.1371337140934963
1,0.9,VI,32,1.7689699151432692
1,0.9,VI,33,1.8206925047270086
1,0.9,VI,34,1.7182928612201729
1,0.9,VI,35,2.1216227363684115
1,0.9,VI,36,2.234371303793345
1,0.9,VI,37,2.2117406051769506
1,0.9,VI,38,1.8305717197728473
1,0.9,VI,39,1.3807394450884711
1,0.9,VI,40,2.35233893485785
1,0.9,VI,41,2.072612554450528
1,0.9,VI,42,2.0441108355772073
1,0.9,VI,43,1.8134208855108918
1,0.9,VI,44,1.5141385878410643
1,0.9,VI,45,2.2428351142195115
1,0.9,VI,46,2.1755690473843425
1,0.9,VI,47,1.9256780511536644
1,0.9,VI,48,1.9719694032857051
1,0.9,VI,49,1.341420222629812
1,1.0,SUB,0,0.3745497328262814
1,1.0,SUB,1,0.37865975039107413
1,1.0,SUB,2,0.35139456452171325
1,1.0,SUB,3,0.3221626285148685
1,1.0,SUB,4,0.31619456583953587
1,1.0,SUB,5,0.342450251307922
1,1.0,SUB,6,0.3533509730711739
1,1.0,SUB,7,0.37590867279560863
1,1.0,SUB,8,0.31752076567348003
1,1.0,SUB,9,0.3537566822441492
1,1.0,SUB,10,0.41014537209052276
1,1.0,SUB,11,0.33959954300804723
1,1.0,SUB,12,0.4033530897655742
1,1.0,SUB,13,0.3865745205508166
1,1.0,SUB,14,0.4033788554093948
1,1.0,SUB,15,0.37620238828389596
1,1.0,SUB,16,0.350319452557458
1,1.0,SUB,17,0.34101792871312414
1,1.0,SUB,18,0.3182966740347659
1,1.0,SUB,19,0.3951493950759527
1,1.0,SUB,20,0.3692390278208212
1,1.0,SUB,21,0.3990835200014926
1,1.0,SUB,22,0.4082896030193859
1,1.0,SUB,23,0.40733596256409743
1,1.0,SUB,24,0.3504526691573267
1,1.0,SUB,25,0.3618155077660102
1,1.0,SUB,26,0.38077084648896464
1,1.0,SUB,27,0.35515438265361216
1,1.0,SUB,28,0.41645203976568795
1,1.0,SUB,29,0.36161063908491314
1,1.0,SUB,30,0.3804995287735252
1,1.0,SUB,31,0.3432281546986629
1,1.0,SUB,32,0.39137439526982554
1,1.0,SUB,33,0.38305995286344235
1,1.0,SUB,34,0.36762194820211186
1,1.0,SUB,35,0.37702925816210997
1,1.0,SUB,36,0.3496754515668281
1,1.0,SUB,37,0.3837778581418161
1,1.0,SUB,38,0.3157321283249911
1,1.0,SUB,39,0.3367488706333739
1,1.0,SUB,40,0.3617386634703305
1,1.0,SUB,41,0.34125744138696057
1,1.0,SUB,42,0.33973578085546224
1,1.0,SUB,43,0.3301323366771387
1,1.0,SUB,44,0.3546052203361979
1,1.0,SUB,45,0.34415959140857966
1,1.0,SUB,46,0.3675746478633856
1,1.0,SUB,47,0.35408331904868606
1,1.0,SUB,48,0.38865711009057613
1,1.0,SUB,49,0.3176260522506998
1,1.0,VI,0,1.979018792083361
1,1.0,VI,1,2.027552509266007
1,1.0,VI,2,1.8456093988596363
1,1.0,VI,3,1.8646577226261134
1,1.0,VI,4,2.0915635626654665
1,1.0,VI,5,1.703191544056549
1,1.0,VI,6,1.9207779031248933
1,1.0,VI,7,1.8305858404388462
1,1.0,VI,8,1.9723827276684247
1,1.0,VI,9,1.9720107767233497
1,1.0,VI,10,2.063565089536
1,1.0,VI,11,1.9119935847473808
1,1.0,VI,12,2.0726276913897634
1,1.0,VI,13,1.4411423167263662
1,1.0,VI,14,1.9626813587182994
1,1.0,VI,15,1.7450477442694905
1,1.0,VI,16,2.0455799906654004
1,1.0,VI,17,2.174353324594769
1,1.0,VI,18,2.0444493751482264
1,1.0,VI,19,1.3414291017284905
1,1.0,VI,20,2.423754415973719
1,1.0,VI,21,2.296606277035086
1,1.0,VI,22,1.8868080507851364
1,1.0,VI,23,2.2122032843296546
1,1.0,VI,24,2.1755910178064854
1,1.0,VI,25,1.3807511750842634
1,1.0,VI,26,1.7638676396531734
1,1.0,VI,27,1.8134318945811707
1,1.0,VI,28,2.1756197885348776
1,1.0,VI,29,1.8884481098127806
1,1.0,VI,30,2.137151866781052
1,1.0,VI,31,2.146030431123975
1,1.0,VI,32,1.9413824994726983
1,1.0,VI,33,2.1050644622297403
1,1.0,VI,34,2.2343859300939797
1,1.0,VI,35,2.159464508021756
1,1.0,VI,36,2.1095688459474795
1,1.0,VI,37,2.3294661599835296
1,1.0,VI,38,1.7689844323640864
1,1.0,VI,39,2.52745936610693
1,1.0,VI,40,1.8021750406971029
1,1.0,VI,41,2.039559187621454
1,1.0,VI,42,1.662127768878074
1,1.0,VI,43,2.044126623331264
1,1.0,VI,44,1.8804263538503478
1,1.0,VI,45,2.196957863089648
1,1.0,VI,46,2.121643931333398
1,1.0,VI,47,1.9789514084947404
1,1.0,VI,48,1.7183018103154564
1,1.0,VI,49,1.9598846652580024
2,0.0,SUB,0,0.030462021178359427
2,0.0,SUB,1,0.0358613503340261
2,0.0,SUB,2,0.033980763833303736
2,0.0,SUB,3,0.02875056035786056
2,0.0,SUB,4,0.03416052296556733
2,0.0,SUB,5,0.02795675594434799
2,0.0,SUB,6,0.020169443402530424
2,0.0,SUB,7,0.032363947375111744
2,0.0,SUB,8,0.03220536035499578
2,0.0,SUB,9,0.028513003423110753
2,0.0,SUB,10,0.02329894728818341
2,0.0,SUB,11,0.04856334783322633
2,0.0,SUB,12,0.024687617753838268
2,0.0,SUB,13,0.04608414752548895
2,0.0,SUB,14,0.030841040642787813
2,0.0,SUB,15,0.038859542904817926
2,0.0,SUB,16,0.03302341284596789
2,0.0,SUB,17,0.03371990293139364
2,0.0,SUB,18,0.03071997410068939
2,0.0,SUB,19,0.034585354050327755
2,0.0,SUB,20,0.051697377000339016
2,0.0,SUB,21,0.041181825986607745
2,0.0,SUB,22,0.056323754083544994
2,0.0,SUB,23,0.0322495069314355
2,0.0,SUB,24,0.032144747853950245
2,0.0,SUB,25,0.03580736154757134
2,0.0,SUB,26,0.028866006650036784
2,0.0,SUB,27,0.015112049265048009
2,0.0,SUB,28,0.028790113826558893
2,0.0,SUB,29,0.04207831680544455
2,0.0,SUB,30,0.03041388676141832
2,0.0,SUB,31,0.021204399583410218
2,0.0,SUB,32,0.031315828754258514
2,0.0,SUB,33,0.02341160162756953
2,0.0,SUB,34,0.03939432499519298
2,0.0,SUB,35,0.029147944339216383
2,0.0,SUB,36,0.03671884795891441
2,0.0,SUB,37,0.04658508683882782
2,0.0,SUB,38,0.03172197400475416
2,0.0,SUB,39,0.04318770798028371
2,0.0,SUB,40,0.030095078547378494
2,0.0,SUB,41,0.0396170494057745
2,0.0,SUB,42,0.0514486883453174
2,0.0,SUB,43,0.03541565984238991
2,0.0,SUB,44,0.03687125884988965
2,0.0,SUB,45,0.03298482190180027
2,0.0,SUB,46,0.030290098928140722
2,0.0,SUB,47,0.032681814889047534
2,0.0,SUB,48,0.021946402933337064
2,0.0,SUB,49,0.040020090680085926
2,0.0,VI,0,0.0016395941746432713
2,0.0,VI,1,8.590605704579947e-07
2,0.0,VI,2,0.0003634662733799829
2,0.0,VI,3,4.182534524102169e-07
2,0.0,VI,4,4.222244770698497e-07
2,0.0,VI,5,3.3772148376469006e-06
2,0.0,VI,6,5.601636662805373e-07
2,0.0,VI,7,9.030016427121219e-07
2,0.0,VI,8,9.432580461083776e-06
2,0.0,VI,9,0.0008284743937354607
2,0.0,VI,10,1.7078942453514035e-05
2,0.0,VI,11,0.0005234470219816299
2,0.0,VI,12,0.00024330636614272865
2,0.0,VI,13,0.0010666718916701448
2,0.0,VI,14,0.0006802113517711697
2,0.0,VI,15,0.0005867656548359612
2,0.0,VI,16,0.0015893860751624946
2,0.0,VI,17,0.0005930478218696561
2,0.0,VI,18,0.001356978577689862
2,0.0,VI,19,0.0010935180696253282
2,0.0,VI,20,8.22347048860077e-07
2,0.0,VI,21,0.00010463408362474399
2,0.0,VI,22,0.0006918885384859912
2,0.0,VI,23,9.337280988900955e-07
2,0.0,VI,24,4.473481319668864e-07
2,0.0,VI,25,0.0007532776949602777
2,0.0,VI,26,0.0018274065264628294
2,0.0,VI,27,1.6090638577264985e-06
2,0.0,VI,28,0.00018549427243511754
2,0.0,VI,29,4.4882135709926926e-07
2,0.0,VI,30,0.0004182993606539648
2,0.0,VI,31,0.0010820641701876623
2,0.0,VI,32,7.531326516532257e-07
2,0.0,VI,33,7.965166722675009e-06
2,0.0,VI,34,8.361347295473848e-07
2,0.0,VI,35,0.0008112126960350145
2,0.0,VI,36,0.0002913429921877318
2,0.0,VI,37,4.2956719511644404e-07
2,0.0,VI,38,0.0008490727372510798
2,0.0,VI,39,3.7161821881715545e-06
2,0.0,VI,40,0.0022974078424757302
2,0.0,VI,41,0.001163711470773454
2,0.0,VI,42,7.595435187783138e-07
2,0.0,VI,43,0.00034228710654807856
2,0.0,VI,44,6.970542203040266e-07
2,0.0,VI,45,6.661705133087438e-07
2,0.0,VI,46,4.238635963184746e-07
2,0.0,VI,47,0.0017194321660497535
2,0.0,VI,48,0.0008800764247197135
2,0.0,VI,49,0.00047981890928640617
2,0.01,SUB,0,0.026323767259427387
2,0.01,SUB,1,0.054343090613630664
2,0.01,SUB,2,0.017507694298819387
2,0.01,SUB,3,0.04231300889754511
2,0.01,SUB,4,0.030776954784030478
2,0.01,SUB,5,0.034362728891304484
2,0.01,SUB,6,0.019262789042931543
2,0.01,SUB,7,0.038108311956687485
2,0.01,SUB,8,0.021954188980257486
2,0.01,SUB,9,0.015917405908278476
2,0.01,SUB,10,0.04184806483349394
2,0.01,SUB,11,0.03361043455415299
2,0.01,SUB,12,0.03274997422169272
2,0.01,SUB,13,0.04090230973514611
2,0.01,SUB,14,0.039672617612411636
2,0.01,SUB,15,0.032291430087698456
2,0.01,SUB,16,0.037233401159622925
2,0.01,SUB,17,0.033422023037853944
2,0.01,SUB,18,0.030934675225897195
2,0.01,SUB,19,0.05247926813834715
2,0.01,SUB,20,0.025913705001548125
2,0.01,SUB,21,0.025321979031454122
2,0.01,SUB,22,0.03716430385909036
2,0.01,SUB,23,0.045953054456756716
2,0.01,SUB,24,0.023841389926987408
2,0.01,SUB,25,0.025356594452813453
2,0.01,SUB,26,0.04058814451294016
2,0.01,SUB,27,0.03240739917212467
2,0.01,SUB,28,0.03327544535327807
2,0.01,SUB,29,0.03392963177346528
2,0.01,SUB,30,0.031238725416510786
2,0.01,SUB,31,0.0438367313706164
2,0.01,SUB,32,0.03147603247805033
2,0.01,SUB,33,0.02987605081452379
2,0.01,SUB,34,0.03665059851784446
2,0.01,SUB,35,0.02529361327837856
2,0.01,SUB,36,0.028272587688663465
2,0.01,SUB,37,0.02711403149183321
2,0.01,SUB,38,0.0405381713843547
2,0.01,SUB,39,0.03884360916942356
2,0.01,SUB,40,0.04139996857812921
2,0.01,SUB,41,0.04050457729107675
2,0.01,SUB,42,0.024239159662445452
2,0.01,SUB,43,0.03775868035134051
2,0.01,SUB,44,0.019707160895730415
2,0.01,SUB,45,0.040985840940695184
2,0.01,SUB,46,0.02493518161466733
2,0.01,SUB,47,0.03505901584518996
2,0.01,SUB,48,0.021437421767064768
2,0.01,SUB,49,0.03687793885342577
2,0.01,VI,0,0.007421437462260474
2,0.01,VI,1,0.00815590663887176
2,0.01,VI,2,0.00865268653817411
2,0.01,VI,3,0.007258802650410808
2,0.01,VI,4,0.008114735836696318
2,0.01,VI,5,0.010139740321533362
2,0.01,VI,6,0.005490330981186008
2,0.01,VI,7,0.007806682595714901
2,0.01,VI,8,0.007937207066318105
2,0.01,VI,9,0.006643515374310777
2,0.01,VI,10,0.008094678675023418
2,0.01,VI,11,0.0071632199634580306
2,0.01,VI,12,0.009459011717950048
2,0.01,VI,13,0.010945107444064722
2,0.01,VI,14,0.008484091680348346
2,0.01,VI,15,0.009153495849241751
2,0.01,VI,16,0.007591139937664845
2,0.01,VI,17,0.009475961007061391
2,0.01,VI,18,0.0076445368097101795
2,0.01,VI,19,0.007081955871844653
2,0.01,VI,20,0.007437313310423259
2,0.01,VI,21,0.0062101471954482965
2,0.01,VI,22,0.00539220101740171
2,0.01,VI,23,0.007647591211291192
2,0.01,VI,24,0.010282576441722407
2,0.01,VI,25,0.0064912369415754435
2,0.01,VI,26,0.006457467856162348
2,0.01,VI,27,0.006614240963410392
2,0.01,VI,28,0.008470177955890197
2,0.01,VI,29,0.008757683597429749
2,0.01,VI,30,0.007644099324578107
2,0.01,VI,31,0.010257148033643979
2,0.01,VI,32,0.008538486034728005
2,0.01,VI,33,0.005636469146048946
2,0.01,VI,34,0.005309778157610545
2,0.01,VI,35,0.008023928921110748
2,0.01,VI,36,0.009635313454568977
2,0.01,VI,37,0.008215598653644006
2,0.01,VI,38,0.007810832391031046
2,0.01,VI,39,0.007535951000361332
2,0.01,VI,40,0.0047917103959934
2,0.01,VI,41,0.008644507958860218
2,0.01,VI,42,0.007960599544648016
2,0.01,VI,43,0.009416435177163514
2,0.01,VI,44,0.0071733695514772005
2,0.01,VI,45,0.00841033591404436
2,0.01,VI,46,0.006382597248313426
2,0.01,VI,47,0.009557878703018177
2,0.01,VI,48,0.005289310056294094
2,0.01,VI,49,0.011989640302523542
2,0.05,SUB,0,0.03543648345201716
2,0.05,SUB,1,0.03178949807493295
2,0.05,SUB,2,0.02849936528254699
2,0.05,SUB,3,0.056253323484514645
2,0.05,SUB,4,0.04162031695670477
2,0.05,SUB,5,0.03233797566105677
2,0.05,SUB,6,0.03782403896558594
2,0.05,SUB,7,0.026009041528861812
2,0.05,SUB,8,0.02893116251053495
2,0.05,SUB,9,0.04171636993077735
2,0.05,SUB,10,0.030567708581533664
2,0.05,SUB,11,0.042562877048464384
2,0.05,SUB,12,0.04504703756750065
2,0.05,SUB,13,0.054284910754146015
2,0.05,SUB,14,0.030300040308407515
2,0.05,SUB,15,0.053042626507832584
2,0.05,SUB,16,0.028522999465607168
2,0.05,SUB,17,0.05756437282429532
2,0.05,SUB,18,0.03815957719386002
2,0.05,SUB,19,0.07154832222072366
2,0.05,SUB,20,0.07034743920524388
2,0.05,SUB,21,0.0608709624329591
2,0.05,SUB,22,0.025102525349894347
2,0.05,SUB,23,0.08770729664103757
2,0.05,SUB,24,0.08595893196616142
2,0.05,SUB,25,0.02957436192491738
2,0.05,SUB,26,0.040854634241457966
2,0.05,SUB,27,0.031304761760311224
2,0.05,SUB,28,0.04135598133370577
2,0.05,SUB,29,0.03060402964750131
2,0.05,SUB,30,0.040325738220168425
2,0.05,SUB,31,0.021844826493591533
2,0.05,SUB,32,0.027281488297767796
2,0.05,SUB,33,0.0270300083758855
2,0.05,SUB,34,0.0518853352457986
2,0.05,SUB,35,0.048415398298288066
2,0.05,SUB,36,0.05650135787724407
2,0.05,SUB,37,0.05715367932783065
2,0.05,SUB,38,0.05772800543397532
2,0.05,SUB,39,0.030635843048342486
2,0.05,SUB,40,0.050224584221418116
2,0.05,SUB,41,0.035301962808676667
2,0.05,SUB,42,0.05512281489912056
2,0.05,SUB,43,0.07359939337618807
2,0.05,SUB,44,0.03542174894085996
2,0.05,SUB,45,0.03123697338310912
2,0.05,SUB,46,0.034738745870752506
2,0.05,SUB,47,0.04150324459401918
2,0.05,SUB,48,0.061804710457086943
2,0.05,SUB,49,0.049785907485412416
2,0.05,VI,0,1.6918011117177831
2,0.05,VI,1,2.3932053401109323
2,0.05,VI,2,1.5627987102261136
2,0.05,VI,3,2.053487703891957
2,0.05,VI,4,1.811593276383976
2,0.05,VI,5,2.02599017352195
2,0.05,VI,6,2.2339266193433667
2,0.05,VI,7,2.132320538553437
2,0.05,VI,8,2.1378283486963783
2,0.05,VI,9,1.8554632786788907
2,0.05,VI,10,1.9523781335616521
2,0.05,VI,11,1.887582442172296
2,0.05,VI,12,2.1923047353907053
2,0.05,VI,13,1.999100811096159
2,0.05,VI,14,2.1565718241093657
2,0.05,VI,15,1.8040234024198263
2,0.05,VI,16,1.9507014572233377
2,0.05,VI,17,2.073636807762624
2,0.05,VI,18,2.345662271916758
2,0.05,VI,19,1.6643097890924732
2,0.05,VI,20,1.611442713858674
2,0.05,VI,21,2.1846583531723422
2,0.05,VI,22,2.1511785320878367
2,0.05,VI,23,1.7680503577446924
2,0.05,VI,24,1.7185330925088191
2,0.05,VI,25,2.552455203258215
2,0.05,VI,26,2.084426872301888
2,0.05,VI,27,2.113914165484717
2,0.05,VI,28,2.0690947024017516
2,0.05,VI,29,1.8431200753020587
2,0.05,VI,30,1.9179831345928688
2,0.05,VI,31,2.1187341795810846
2,0.05,VI,32,2.3921063543034102
2,0.05,VI,33,2.2439643314545927
2,0.05,VI,34,1.6848940185914207
2,0.05,VI,35,2.2020617695402325
2,0.05,VI,36,1.5216644827934973
2,0.05,VI,37,1.7103035618394642
2,0.05,VI,38,1.9523710332715112
2,0.05,VI,39,2.2431110777656227
2,0.05,VI,40,1.9191394585345876
2,0.05,VI,41,2.242784198369176
2,0.05,VI,42,1.6442419565688473
2,0.05,VI,43,1.8941889597107955
2,0.05,VI,44,2.0549547783841766
2,0.05,VI,45,2.272141843841092
2,0.05,VI,46,1.7310891690435433
2,0.05,VI,47,1.6150818367855646
2,0.05,VI,48,2.102934316457549
2,0.05,VI,49,2.0978552986788728
2,0.1,SUB,0,0.07564857538106241
2,0.1,SUB,1,0.08885397062542101
2,0.1,SUB,2,0.08441596331279144
2,0.1,SUB,3,0.05481727943396343
2,0.1,SUB,4,0.07784092205386352
2,0.1,SUB,5,0.08649585850105443
2,0.1,SUB,6,0.05481703138759769
2,0.1,SUB,7,0.050791683214662375
2,0.1,SUB,8,0.08173645896093255
2,0.1,SUB,9,0.05434039089615736
2,0.1,SUB,10,0.08243336348748441
2,0.1,SUB,11,0.05345500421254895
2,0.1,SUB,12,0.060855961181810685
2,0.1,SUB,13,0.10031669403722546
2,0.1,SUB,14,0.06112699253294504
2,0.1,SUB,15,0.09785602711619655
2,0.1,SUB,16,0.0533055734823106
2,0.1,SUB,17,0.05686403311718492
2,0.1,SUB,18,0.06567405661718294
2,0.1,SUB,19,0.07565989509997899
2,0.1,SUB,20,0.05777435224870476
2,0.1,SUB,21,0.04367977606632174
2,0.1,SUB,22,0.09099245559165813
2,0.1,SUB,23,0.07070279596421467
2,0.1,SUB,24,0.055670958465251406
2,0.1,SUB,25,0.05643187706201558
2,0.1,SUB,26,0.08712445755321113
2,0.1,SUB,27,0.07340251357700914
2,0.1,SUB,28,0.05420068521479132
2,0.1,SUB,29,0.06917207545192335
2,0.1,SUB,30,0.054596058038791924
2,0.1,SUB,31,0.06671137806225111
2,0.1,SUB,32,0.0767334549472525
2,0.1,SUB,33,0.06961228128131336
2,0.1,SUB,34,0.07005280922848127
2,0.1,SUB,35,0.06170333277614596
2,0.1,SUB,36,0.08921715849472477
2,0.1,SUB,37,0.07286185887245321
2,0.1,SUB,38,0.08175668352870016
2,0.1,SUB,39,0.08699154054747575
2,0.1,SUB,40,0.09366976990208802
2,0.1,SUB,41,0.06876424603700719
2,0.1,SUB,42,0.06829436253531901
2,0.1,SUB,43,0.07839992704309283
2,0.1,SUB,44,0.08051344461706021
2,0.1,SUB,45,0.07595079208801515
2,0.1,SUB,46,0.06788160588290983
2,0.1,SUB,47,0.08315814033258867
2,0.1,SUB,48,0.05825949752402895
2,0.1,SUB,49,0.07691957600767933
2,0.1,VI,0,1.6127756272301825
2,0.1,VI,1,1.5172579969455884
2,0.1,VI,2,1.3186617335524438
2,0.1,VI,3,1.9149478684007646
2,0.1,VI,4,1.9477734517846772
2,0.1,VI,5,2.1985052743198494
2,0.1,VI,6,1.9496718233029138
2,0.1,VI,7,2.239880156711227
2,0.1,VI,8,1.4717828756964322
2,0.1,VI,9,1.5613284149018312
2,0.1,VI,10,2.1414441420279284
2,0.1,VI,11,2.0228441821165477
2,0.1,VI,12,1.8796812466593322
2,0.1,VI,13,1.7651699951297897
2,0.1,VI,14,2.2387328078813518
2,0.1,VI,15,1.60873071461686
2,0.1,VI,16,2.387730615292927
2,0.1,VI,17,1.7283517283561791
2,0.1,VI,18,1.9051304619978118
2,0.1,VI,19,1.7063103748861428
2,0.1,VI,20,2.050326813652026
2,0.1,VI,21,2.2675357515054104
2,0.1,VI,22,1.8074371941259766
2,0.1,VI,23,2.1889505169363943
2,0.1,VI,24,2.1075200019169706
2,0.1,VI,25,1.9745013209246483
2,0.1,VI,26,2.042799145327456
2,0.1,VI,27,1.886094788805044
2,0.1,VI,28,2.1282960428228863
2,0.1,VI,29,2.3415172493348844
2,0.1,VI,30,2.547863532274708
2,0.1,VI,31,1.8004819107475682
2,0.1,VI,32,1.9484694003200254
2,0.1,VI,33,2.170138495713169
2,0.1,VI,34,1.776224355517525
2,0.1,VI,35,2.1516022994604893
2,0.1,VI,36,2.2299232166608123
2,0.1,VI,37,2.0705512496776546
2,0.1,VI,38,2.1001932108940795
2,0.1,VI,39,2.200510590798835
2,0.1,VI,40,2.0654153022028714
2,0.1,VI,41,1.937605015031231
2,0.1,VI,42,2.2388405054401654
2,0.1,VI,43,1.287699191807045
2,0.1,VI,44,1.6424243255895772
2,0.1,VI,45,2.0491755803746576
2,0.1,VI,46,1.914602367353514
2,0.1,VI,47,1.8833500021103837
2,0.1,VI,48,1.840145277856933
2,0.1,VI,49,1.687319186669409
2,0.3,SUB,0,0.08175962537146107
2,0.3,SUB,1,0.10467677760587246
2,0.3,SUB,2,0.14623384169933243
2,0.3,SUB,3,0.13098502601324102
2,0.3,SUB,4,0.1330739747222637
2,0.3,SUB,5,0.12214914416801727
2,0.3,SUB,6,0.15504156285062046
2,0.3,SUB,7,0.13372588590069473
2,0.3,SUB,8,0.15296122057446435
2,0.3,SUB,9,0.1775815558859138
2,0.3,SUB,10,0.1335147966295024
2,0.3,SUB,11,0.12884248638680112
2,0.3,SUB,12,0.1338025181315393
2,0.3,SUB,13,0.126893335302708
2,0.3,SUB,14,0.1162810541433098
2,0.3,SUB,15,0.06978576903260018
2,0.3,SUB,16,0.14490163395364844
2,0.3,SUB,17,0.11569451673065553
2,0.3,SUB,18,0.12695637382724398
2,0.3,SUB,19,0.08816935754232892
2,0.3,SUB,20,0.09294274245289454
2,0.3,SUB,21,0.1260647945927868
2,0.3,SUB,22,0.13126896555719064
2,0.3,SUB,23,0.15281321352465504
2,0.3,SUB,24,0.15194248188974893
2,0.3,SUB,25,0.09451175139922052
2,0.3,SUB,26,0.12764625135886765
2,0.3,SUB,27,0.11246869654695449
2,0.3,SUB,28,0.08278726611513172
2,0.3,SUB,29,0.06714608986313429
2,0.3,SUB,30,0.14701701099455594
2,0.3,SUB,31,0.13446982615437528
2,0.3,SUB,32,0.13877971913065268
2,0.3,SUB,33,0.0819073439178886
2,0.3,SUB,34,0.08884909165093907
2,0.3,SUB,35,0.17649578924756434
2,0.3,SUB,36,0.13127313002523192
2,0.3,SUB,37,0.04996456020384124
2,0.3,SUB,38,0.12267490678055615
2,0.3,SUB,39,0.11624371218316075
2,0.3,SUB,40,0.13839164955411526
2,0.3,SUB,41,0.1694081231080962
2,0.3,SUB,42,0.15132652322066295
2,0.3,SUB,43,0.10099626518460345
2,0.3,SUB,44,0.12487356465211398
2,0.3,SUB,45,0.08946518761400403
2,0.3,SUB,46,0.17133665768188905
2,0.3,SUB,47,0.17594819127055897
2,0.3,SUB,48,0.16621591015911846
2,0.3,SUB,49,0.12361652263444373
2,0.3,VI,0,2.243134448852147
2,0.3,VI,1,2.392125082593459
2,0.3,VI,2,2.0548709126627367
2,0.3,VI,3,1.7478463737525542
2,0.3,VI,4,2.5524646477325295
2,0.3,VI,5,1.9191070851998489
2,0.3,VI,6,2.1448923547929386
2,0.3,VI,7,1.7102904678284567
2,0.3,VI,8,1.6151539970827857
2,0.3,VI,9,1.7062226204883058
2,0.3,VI,10,2.112322236553059
2,0.3,VI,11,1.7426057360428955
2,0.3,VI,12,1.7792107514865803
2,0.3,VI,13,1.8116780431555937
2,0.3,VI,14,1.8876554858491603
2,0.3,VI,15,2.1322477662246415
2,0.3,VI,16,1.9524103214134387
2,0.3,VI,17,1.6492754090749049
2,0.3,VI,18,2.0843747265369403
2,0.3,VI,19,2.3456861597189334
2,0.3,VI,20,1.6919019891930813
2,0.3,VI,21,2.113927393110348
2,0.3,VI,22,1.9990782224010506
2,0.3,VI,23,2.1923185032060006
2,0.3,VI,24,1.6848842294526374
2,0.3,VI,25,1.9774352390602943
2,0.3,VI,26,2.203969842787857
2,0.3,VI,27,1.8886824869726535
2,0.3,VI,28,1.918025877403095
2,0.3,VI,29,2.272193982642106
2,0.3,VI,30,1.952402802070761
2,0.3,VI,31,1.9507704322087784
2,0.3,VI,32,1.2889125575198404
2,0.3,VI,33,2.3932330985818275
2,0.3,VI,34,2.2021073374753506
2,0.3,VI,35,1.6643335527430905
2,0.3,VI,36,2.2428304943991644
2,0.3,VI,37,2.1512323753010345
2,0.3,VI,38,1.3202388809575878
2,0.3,VI,39,2.1566123534274366
2,0.3,VI,40,2.1730472869839015
2,0.3,VI,41,1.8941959248497866
2,0.3,VI,42,2.06917512777269
2,0.3,VI,43,1.8844870511947902
2,0.3,VI,44,2.097886532504786
2,0.3,VI,45,1.5627948776158789
2,0.3,VI,46,1.6115015292434014
2,0.3,VI,47,1.718561542439361
2,0.3,VI,48,1.768068651953086
2,0.3,VI,49,1.5216198754940804
2,0.5,SUB,0,0.14791973554256688
2,0.5,SUB,1,0.14094174381509678
2,0.5,SUB,2,0.18280510163798477
2,0.5,SUB,3,0.1488258326450319
2,0.5,SUB,4,0.17853940160862444
2,0.5,SUB,5,0.1805390225527548
2,0.5,SUB,6,0.125271592365247
2,0.5,SUB,7,0.167869179081232
2,0.5,SUB,8,0.19816674296787581
2,0.5,SUB,9,0.11082659104641132
2,0.5,SUB,10,0.16666351648946917
2,0.5,SUB,11,0.15165246574116822
2,0.5,SUB,12,0.12716619810493182
2,0.5,SUB,13,0.1544863886809246
2,0.5,SUB,14,0.17948767535019355
2,0.5,SUB,15,0.1860824595063478
2,0.5,SUB,16,0.23439167861158214
2,0.5,SUB,17,0.17797109542657824
2,0.5,SUB,18,0.18726191386085067
2,0.5,SUB,19,0.18122207522245076
2,0.5,SUB,20,0.1849877309327708
2,0.5,SUB,21,0.21266716914968134
2,0.5,SUB,22,0.13835184373372275
2,0.5,SUB,23,0.19018586177435085
2,0.5,SUB,24,0.15987239283258112
2,0.5,SUB,25,0.153160984137089
2,0.5,SUB,26,0.1452415041159627
2,0.5,SUB,27,0.16644439059354427
2,0.5,SUB,28,0.21785452857790633
2,0.5,SUB,29,0.21728756785419412
2,0.5,SUB,30,0.14815729864661492
2,0.5,SUB,31,0.18596438092683856
2,0.5,SUB,32,0.13664240760430135
2,0.5,SUB,33,0.19023956027849695
2,0.5,SUB,34,0.13827790004993593
2,0.5,SUB,35,0.1964229041316435
2,0.5,SUB,36,0.16882744253030524
2,0.5,SUB,37,0.22791337184879615
2,0.5,SUB,38,0.19469760163489772
2,0.5,SUB,39,0.16306815283732987
2,0.5,SUB,40,0.16039455937612493
2,0.5,SUB,41,0.18867271551022968
2,0.5,SUB,42,0.16698628992938144
2,0.5,SUB,43,0.19662150758330205
2,0.5,SUB,44,0.16442355428029712
2,0.5,SUB,45,0.1736424346384959
2,0.5,SUB,46,0.1365786164782613
2,0.5,SUB,47,0.17508889422089885
2,0.5,SUB,48,0.21925385193213143
2,0.5,SUB,49,0.17718517166351205
2,0.5,VI,0,1.562991422214136
2,0.5,VI,1,2.202549351621387
2,0.5,VI,2,1.7795870434503964
2,0.5,VI,3,2.1927636758914444
2,0.5,VI,4,2.0741228659837834
2,0.5,VI,5,1.9527678477597552
2,0.5,VI,6,2.157054009418477
2,0.5,VI,7,1.7429289625067548
2,0.5,VI,8,2.1031879874330537
2,0.5,VI,9,1.9184620082073833
2,0.5,VI,10,1.8880193897583215
2,0.5,VI,11,1.6922545533689872
2,0.5,VI,12,2.3926067877975314
2,0.5,VI,13,1.9778052979031808
2,0.5,VI,14,2.0982014670865454
2,0.5,VI,15,1.9993263665573475
2,0.5,VI,16,1.6116901157594297
2,0.5,VI,17,2.2042820706497173
2,0.5,VI,18,1.8848210097340632
2,0.5,VI,19,1.5218213616921459
2,0.5,VI,20,2.026278694369025
2,0.5,VI,21,2.1734092523153836
2,0.5,VI,22,1.9416067118902394
2,0.5,VI,23,1.9193559445380006
2,0.5,VI,24,2.393647118722314
2,0.5,VI,25,2.5529537821116914
2,0.5,VI,26,2.053974217306583
2,0.5,VI,27,2.151636542559878
2,0.5,VI,28,1.9510660221974665
2,0.5,VI,29,1.7188440225797283
2,0.5,VI,30,2.5636338297592682
2,0.5,VI,31,2.112653685921381
2,0.5,VI,32,2.234434681682208
2,0.5,VI,33,1.6154133448057193
2,0.5,VI,34,1.7482095199438392
2,0.5,VI,35,1.7314945418858572
2,0.5,VI,36,1.6851019449780087
2,0.5,VI,37,1.6645584848613604
2,0.5,VI,38,1.320345727281072
2,0.5,VI,39,1.649447356826376
2,0.5,VI,40,2.243599393192013
2,0.5,VI,41,2.114266240128299
2,0.5,VI,42,2.119145261603051
2,0.5,VI,43,1.9526940991560224
2,0.5,VI,44,1.843300099612368
2,0.5,VI,45,1.2890530880370525
2,0.5,VI,46,2.13258891123187
2,0.5,VI,47,1.9089445888374268
2,0.5,VI,48,1.8944974680009208
2,0.5,VI,49,2.069580196502707
2,0.7,SUB,0,0.2055167316855435
2,0.7,SUB,1,0.24966494251714047
2,0.7,SUB,2,0.20107014025883874
2,0.7,SUB,3,0.263521062845852
2,0.7,SUB,4,0.21694929079958591
2,0.7,SUB,5,0.21714199627276745
2,0.7,SUB,6,0.19662009454302148
2,0.7,SUB,7,0.27072752285519597
2,0.7,SUB,8,0.3176086812572049
2,0.7,SUB,9,0.3109528408497233
2,0.7,SUB,10,0.2561814477569804
2,0.7,SUB,11,0.26103919985812035
2,0.7,SUB,12,0.27618872764041397
2,0.7,SUB,13,0.25095144921926765
2,0.7,SUB,14,0.248113605325323
2,0.7,SUB,15,0.2608982945414842
2,0.7,SUB,16,0.2282661006305902
2,0.7,SUB,17,0.3166299302683391
2,0.7,SUB,18,0.2609329518171284
2,0.7,SUB,19,0.20616461785754783
2,0.7,SUB,20,0.2830332108084525
2,0.7,SUB,21,0.32653710621652726
2,0.7,SUB,22,0.31852868760364456
2,0.7,SUB,23,0.22416500908112535
2,0.7,SUB,24,0.29574554952568366
2,0.7,SUB,25,0.24410920830689192
2,0.7,SUB,26,0.24002385321394157
2,0.7,SUB,27,0.31701444105641635
2,0.7,SUB,28,0.2620820642748572
2,0.7,SUB,29,0.2580474394971388
2,0.7,SUB,30,0.22350638355436847
2,0.7,SUB,31,0.25825131036838345
2,0.7,SUB,32,0.2683497069192057
2,0.7,SUB,33,0.2952291688978552
2,0.7,SUB,34,0.3302507981770002
2,0.7,SUB,35,0.23864348223285636
2,0.7,SUB,36,0.24520078367273515
2,0.7,SUB,37,0.26290327842440153
2,0.7,SUB,38,0.2687923224780817
2,0.7,SUB,39,0.24630537553661644
2,0.7,SUB,40,0.2800741073612587
2,0.7,SUB,41,0.25700285457992145
2,0.7,SUB,42,0.28889949691928934
2,0.7,SUB,43,0.31107465565466713
2,0.7,SUB,44,0.2766629139218302
2,0.7,SUB,45,0.22067960737041278
2,0.7,SUB,46,0.2665593363926128
2,0.7,SUB,47,0.2936273464323531
2,0.7,SUB,48,0.22466214055941672
2,0.7,SUB,49,0.2556469123050777
2,0.7,VI,0,2.132527849410449
2,0.7,VI,1,2.2042237847881547
2,0.7,VI,2,2.3925203636752204
2,0.7,VI,3,2.1515638113062545
2,0.7,VI,4,2.1125989127201352
2,0.7,VI,5,1.9183757202361569
2,0.7,VI,6,2.2725483993152915
2,0.7,VI,7,1.8556115802049757
2,0.7,VI,8,1.7187993271849291
2,0.7,VI,9,1.951016738615
2,0.7,VI,10,2.1190818107252687
2,0.7,VI,11,2.1926804107175646
2,0.7,VI,12,2.1849324405300865
2,0.7,VI,13,2.1031369743358144
2,0.7,VI,14,2.2024649100585525
2,0.7,VI,15,2.24351012318214
2,0.7,VI,16,2.552866934080572
2,0.7,VI,17,1.7795217131439756
2,0.7,VI,18,1.3203319539565586
2,0.7,VI,19,2.5635438558332946
2,0.7,VI,20,1.5629594809636271
2,0.7,VI,21,1.4741740412815092
2,0.7,VI,22,1.7064230377931038
2,0.7,VI,23,2.2343547249574476
2,0.7,VI,24,1.6444374019219965
2,0.7,VI,25,1.7104881191974013
2,0.7,VI,26,2.114211359299601
2,0.7,VI,27,1.7314409888797353
2,0.7,VI,28,1.8879555521463267
2,0.7,VI,29,1.941528768474212
2,0.7,VI,30,2.1569729487138694
2,0.7,VI,31,1.7610178733469202
2,0.7,VI,32,1.6116616010239007
2,0.7,VI,33,2.0981488050228836
2,0.7,VI,34,2.0740472413877775
2,0.7,VI,35,2.3460288123826634
2,0.7,VI,36,1.888907335983175
2,0.7,VI,37,1.2890364297850414
2,0.7,VI,38,2.0262338705142446
2,0.7,VI,39,2.393575525111305
2,0.7,VI,40,1.8042456501901305
2,0.7,VI,41,2.069505398375514
2,0.7,VI,42,1.952642344226912
2,0.7,VI,43,1.7428756549221056
2,0.7,VI,44,2.1733440989198964
2,0.7,VI,45,1.8120159726814116
2,0.7,VI,46,1.5217876200615967
2,0.7,VI,47,1.7682486803776298
2,0.7,VI,48,1.9193161378066204
2,0.7,VI,49,1.649424804492719
2,0.9,SUB,0,0.267517137591189
2,0.9,SUB,1,0.3062100111256143
2,0.9,SUB,2,0.3274051577711768
2,0.9,SUB,3,0.3239795365414147
2,0.9,SUB,4,0.30081410849384654
2,0.9,SUB,5,0.3259746874741576
2,0.9,SUB,6,0.34296125105034025
2,0.9,SUB,7,0.3478027896682089
2,0.9,SUB,8,0.23166973050890358
2,0.9,SUB,9,0.34699215648356185
2,0.9,SUB,10,0.3096040957927377
2,0.9,SUB,11,0.2834122579539828
2,0.9,SUB,12,0.3218907555808328
2,0.9,SUB,13,0.2721602504831024
2,0.9,SUB,14,0.2686857683478875
2,0.9,SUB,15,0.2984312043822738
2,0.9,SUB,16,0.24260866955794932
2,0.9,SUB,17,0.28252225695422734
2,0.9,SUB,18,0.34014800474242274
2,0.9,SUB,19,0.3170831611429227
2,0.9,SUB,20,0.27217396329812243
2,0.9,SUB,21,0.33373908884607895
2,0.9,SUB,22,0.31074267924737375
2,0.9,SUB,23,0.3027574446084587
2,0.9,SUB,24,0.2594409015328285
2,0.9,SUB,25,0.3203314948189493
2,0.9,SUB,26,0.30357373949175637
2,0.9,SUB,27,0.3100372218890922
2,0.9,SUB,28,0.3141132654260131
2,0.9,SUB,29,0.30978959279823093
2,0.9,SUB,30,0.29915165298168284
2,0.9,SUB,31,0.3024329911778993
2,0.9,SUB,32,0.261917491121913
2,0.9,SUB,33,0.4071631568631162
2,0.9,SUB,34,0.2751606188085706
2,0.9,SUB,35,0.28444671389327997
2,0.9,SUB,36,0.3953251626081814
2,0.9,SUB,37,0.31341509355849245
2,0.9,SUB,38,0.2803079373455916
2,0.9,SUB,39,0.27224268134939356
2,0.9,SUB,40,0.24217938076358295
2,0.9,SUB,41,0.33150535052497593
2,0.9,SUB,42,0.264751066701967
2,0.9,SUB,43,0.28803166590842194
2,0.9,SUB,44,0.25622618828677945
2,0.9,SUB,45,0.3184038265482419
2,0.9,SUB,46,0.28755582658558065
2,0.9,SUB,47,0.3167923358519966
2,0.9,SUB,48,0.25427614128014375
2,0.9,SUB,49,0.2715348570791257
2,0.9,VI,0,1.7105357967993364
2,0.9,VI,1,2.151643272286442
2,0.9,VI,2,1.7682924858037363
2,0.9,VI,3,1.8889568158926955
2,0.9,VI,4,1.7188494809546755
2,0.9,VI,5,1.5629954975309812
2,0.9,VI,6,1.5218337272325488
2,0.9,VI,7,2.173414587763853
2,0.9,VI,8,1.812097037046411
2,0.9,VI,9,2.204289919019877
2,0.9,VI,10,2.2444323786413802
2,0.9,VI,11,1.6494537149341477
2,0.9,VI,12,1.8433088667683035
2,0.9,VI,13,1.9510731119814968
2,0.9,VI,14,2.084692628264831
2,0.9,VI,15,1.4742195837309986
2,0.9,VI,16,1.9184669778511714
2,0.9,VI,17,1.8945038821607763
2,0.9,VI,18,2.0552127548863712
2,0.9,VI,19,2.2436051345533574
2,0.9,VI,20,1.8880281069053484
2,0.9,VI,21,1.804293086409954
2,0.9,VI,22,1.9527729777245322
2,0.9,VI,23,2.0695863085197783
2,0.9,VI,24,2.272632860085241
2,0.9,VI,25,2.10319577651129
2,0.9,VI,26,2.2344397427347777
2,0.9,VI,27,2.132597523991047
2,0.9,VI,28,1.2890589894816242
2,0.9,VI,29,1.6116973155762253
2,0.9,VI,30,1.9089516759299219
2,0.9,VI,31,1.7429339877817192
2,0.9,VI,32,2.3926139243138254
2,0.9,VI,33,1.7064723821967378
2,0.9,VI,34,1.6154190482674944
2,0.9,VI,35,1.7610561751910951
2,0.9,VI,36,1.855660007059009
2,0.9,VI,37,1.999336563380559
2,0.9,VI,38,2.1927691474011555
2,0.9,VI,39,2.2432132973939134
2,0.9,VI,40,1.9778105313317542
2,0.9,VI,41,2.046333340544162
2,0.9,VI,42,1.9193677823193018
2,0.9,VI,43,2.119154483608403
2,0.9,VI,44,1.7315002216121393
2,0.9,VI,45,1.6444752708415558
2,0.9,VI,46,2.552961492860528
2,0.9,VI,47,1.9527029953939357
2,0.9,VI,48,1.748214054316784
2,0.9,VI,49,2.0539817939608622
2,1.0,SUB,0,0.36486979863383345
2,1.0,SUB,1,0.3476933437105331
2,1.0,SUB,2,0.3148207975547133
2,1.0,SUB,3,0.25737817359136655
2,1.0,SUB,4,0.4072844476166459
2,1.0,SUB,5,0.3504150064589713
2,1.0,SUB,6,0.3842880238141107
2,1.0,SUB,7,0.33379212627594346
2,1.0,SUB,8,0.30754838113957766
2,1.0,SUB,9,0.32192268809905183
2,1.0,SUB,10,0.38790370404710844
2,1.0,SUB,11,0.38510857246479496
2,1.0,SUB,12,0.2900748387565434
2,1.0,SUB,13,0.4084996656777023
2,1.0,SUB,14,0.3462420317280206
2,1.0,SUB,15,0.31782110995019397
2,1.0,SUB,16,0.3309335649008513
2,1.0,SUB,17,0.34256744155182633
2,1.0,SUB,18,0.39237397248621275
2,1.0,SUB,19,0.3725613488655433
2,1.0,SUB,20,0.28983142736208495
2,1.0,SUB,21,0.4033304202153426
2,1.0,SUB,22,0.3009678621229633
2,1.0,SUB,23,0.30237139898767434
2,1.0,SUB,24,0.3802956458885339
2,1.0,SUB,25,0.35963284367874315
2,1.0,SUB,26,0.3631723726659709
2,1.0,SUB,27,0.2943198464008084
2,1.0,SUB,28,0.2876792816077401
2,1.0,SUB,29,0.35167393126771046
2,1.0,SUB,30,0.35481937532055075
2,1.0,SUB,31,0.36450877035012824
2,1.0,SUB,32,0.33139549306296745
2,1.0,SUB,33,0.369289343150628
2,1.0,SUB,34,0.3911595836129712
2,1.0,SUB,35,0.3736902986368589
2,1.0,SUB,36,0.3330368491229243
2,1.0,SUB,37,0.38980424264137975
2,1.0,SUB,38,0.3698855396037014
2,1.0,SUB,39,0.37845917714901045
2,1.0,SUB,40,0.35620000094827636
2,1.0,SUB,41,0.3192894176733259
2,1.0,SUB,42,0.338022414205072
2,1.0,SUB,43,0.31059920792723666
2,1.0,SUB,44,0.2695269229640923
2,1.0,SUB,45,0.30030765178829955
2,1.0,SUB,46,0.3920470667746967
2,1.0,SUB,47,0.3779030431237304
2,1.0,SUB,48,0.2641572642614577
2,1.0,SUB,49,0.3297561192438171
2,1.0,VI,0,2.1191388111711817
2,1.0,VI,1,1.562984765947631
2,1.0,VI,2,2.2726134345826092
2,1.0,VI,3,1.9777937568861117
2,1.0,VI,4,1.9089410765329817
2,1.0,VI,5,2.1734053935605555
2,1.0,VI,6,2.243193226020959
2,1.0,VI,7,1.7682830354104189
2,1.0,VI,8,2.1453169881054652
2,1.0,VI,9,1.7481931961186954
2,1.0,VI,10,2.112651988758363
2,1.0,VI,11,1.8042814488828172
2,1.0,VI,12,2.157043610327178
2,1.0,VI,13,2.1849780245761465
2,1.0,VI,14,1.6645542271064766
2,1.0,VI,15,1.9415931257689378
2,1.0,VI,16,2.34610053930796
2,1.0,VI,17,2.055203645808215
2,1.0,VI,18,2.1031870956998144
2,1.0,VI,19,1.718839599808842
2,1.0,VI,20,2.202538558411793
2,1.0,VI,21,2.098196593837614
2,1.0,VI,22,1.918449317930919
2,1.0,VI,23,2.39259528869374
2,1.0,VI,24,2.151625631977253
2,1.0,VI,25,2.2042821262966634
2,1.0,VI,26,1.8944921023939552
2,1.0,VI,27,1.8889459496399317
2,1.0,VI,28,2.5636274497162557
2,1.0,VI,29,1.952694258691512
2,1.0,VI,30,2.074109856030832
2,1.0,VI,31,1.6116887730688192
2,1.0,VI,32,1.8556541837082356
2,1.0,VI,33,1.9527593225299704
2,1.0,VI,34,1.9510549954086744
2,1.0,VI,35,2.3936404333900247
2,1.0,VI,36,1.7105247985167407
2,1.0,VI,37,1.779576245707834
2,1.0,VI,38,2.2344218268901965
2,1.0,VI,39,2.114261486821466
2,1.0,VI,40,2.243592993846597
2,1.0,VI,41,2.05396160241973
2,1.0,VI,42,1.9993252314288417
2,1.0,VI,43,1.6494441869994139
2,1.0,VI,44,1.3203429347250413
2,1.0,VI,45,1.8433002751092336
2,1.0,VI,46,1.474202588625356
2,1.0,VI,47,2.0262763789771494
2,1.0,VI,48,2.0846825092083945
2,1.0,VI,49,1.2890477205507542
3,0.0,SUB,0,0.032861885293690746
3,0.0,SUB,1,0.01085994412011728
3,0.0,SUB,2,0.04636834260152319
3,0.0,SUB,3,0.03318153528012393
3,0.0,SUB,4,0.03785698057289223
3,0.0,SUB,5,0.04699526975485701
3,0.0,SUB,6,0.02702583162553858
3,0.0,SUB,7,0.04539072902619385
3,0.0,SUB,8,0.04075556305139902
3,0.0,SUB,9,0.017467535038503432
3,0.0,SUB,10,0.02601050230538476
3,0.0,SUB,11,0.043841102560086415
3,0.0,SUB,12,0.03384614947763804
3,0.0,SUB,13,0.03652713389067685
3,0.0,SUB,14,0.04399700647011507
3,0.0,SUB,15,0.029457130835226827
3,0.0,SUB,16,0.047034322866412695
3,0.0,SUB,17,0.04162372682076798
3,0.0,SUB,18,0.032050059714927706
3,0.0,SUB,19,0.03278084723595345
3,0.0,SUB,20,0.037155543997227806
3,0.0,SUB,21,0.03874285525473465
3,0.0,SUB,22,0.02201389567305708
3,0.0,SUB,23,0.03443588845814357
3,0.0,SUB,24,0.045147421288384545
3,0.0,SUB,25,0.03899014213691193
3,0.0,SUB,26,0.03681264676078699
3,0.0,SUB,27,0.03876595488364524
3,0.0,SUB,28,0.05377388169833452
3,0.0,SUB,29,0.04064966614815511
3,0.0,SUB,30,0.043463120149368636
3,0.0,SUB,31,0.044824397259368445
3,0.0,SUB,32,0.023579678456300168
3,0.0,SUB,33,0.03134035590847825
3,0.0,SUB,34,0.03468487085694704
3,0.0,SUB,35,0.04755626429922351
3,0.0,SUB,36,0.026092845214382425
3,0.0,SUB,37,0.04166970493061766
3,0.0,SUB,38,0.02399113660451628
3,0.0,SUB,39,0.027556294149582106
3,0.0,SUB,40,0.026794923821113287
3,0.0,SUB,41,0.04201470073401633
3,0.0,SUB,42,0.038939992634733356
3,0.0,SUB,43,0.023661803080792094
3,0.0,SUB,44,0.05540718786393549
3,0.0,SUB,45,0.037703909597390596
3,0.0,SUB,46,0.031293841246976956
3,0.0,SUB,47,0.02983649652202176
3,0.0,SUB,48,0.044688810002454615
3,0.0,SUB,49,0.038152901832052014
3,0.0,VI,0,0.0011186928195645223
3,0.0,VI,1,2.714506175234633e-07
3,0.0,VI,2,0.000240569032074672
3,0.0,VI,3,6.003288609892903e-07
3,0.0,VI,4,8.003613069139345e-05
3,0.0,VI,5,5.496766433051219e-07
3,0.0,VI,6,0.0002887816976288106
3,0.0,VI,7,0.0003010547133108398
3,0.0,VI,8,0.00010305089965766751
3,0.0,VI,9,1.266241016229782e-06
3,0.0,VI,10,8.187867029089317e-06
3,0.0,VI,11,2.7582487217498325e-05
3,0.0,VI,12,1.4971117747773455e-05
3,0.0,VI,13,8.454342740742284e-05
3,0.0,VI,14,0.000352972354562823
3,0.0,VI,15,0.001981103337925811
3,0.0,VI,16,2.5784257429162535e-07
3,0.0,VI,17,3.578999289417021e-05
3,0.0,VI,18,4.0460639382056514e-07
3,0.0,VI,19,5.474154263802748e-06
3,0.0,VI,20,2.1204619124707775e-05
3,0.0,VI,21,8.206736423170938e-05
3,0.0,VI,22,3.1647568264925615e-07
3,0.0,VI,23,4.986941725226585e-07
3,0.0,VI,24,3.9831374436669095e-05
3,0.0,VI,25,2.839165617468717e-07
3,0.0,VI,26,5.184501721655687e-07
3,0.0,VI,27,4.09448350489292e-07
3,0.0,VI,28,0.0006307636883960888
3,0.0,VI,29,2.703354145058509e-06
3,0.0,VI,30,6.252206588983587e-05
3,0.0,VI,31,3.315470321642238e-05
3,0.0,VI,32,3.47885389582755e-05
3,0.0,VI,33,0.0029922564076010935
3,0.0,VI,34,0.0005395523575171115
3,0.0,VI,35,0.00107670335853969
3,0.0,VI,36,0.0009086399259352752
3,0.0,VI,37,0.0008146241185600368
3,0.0,VI,38,2.3187298941249836e-07
3,0.0,VI,39,4.473291844543331e-07
3,0.0,VI,40,0.0008967056361048668
3,0.0,VI,41,0.0006706642002335616
3,0.0,VI,42,1.7693413098320784e-05
3,0.0,VI,43,6.843933967779961e-07
3,0.0,VI,44,4.205522570522758e-07
3,0.0,VI,45,0.0009441190565099885
3,0.0,VI,46,6.656523438479494e-07
3,0.0,VI,47,0.00027324418411952184
3,0.0,VI,48,0.00027058013138354394
3,0.0,VI,49,3.535172845749745e-06
3,0.01,SUB,0,0.036025567956414935
3,0.01,SUB,1,0.03570684946651619
3,0.01,SUB,2,0.011473562429451432
3,0.01,SUB,3,0.03203496698033157
3,0.01,SUB,4,0.0373058697920673
3,0.01,SUB,5,0.016435631216616016
3,0.01,SUB,6,0.05941773273591264
3,0.01,SUB,7,0.03457369075790336
3,0.01,SUB,8,0.03554561270658937
3,0.01,SUB,9,0.027807430201616582
3,0.01,SUB,10,0.020727184099097955
3,0.01,SUB,11,0.038721811351631524
3,0.01,SUB,12,0.032105428266400254
3,0.01,SUB,13,0.034062492108823714
3,0.01,SUB,14,0.05723508825702352
3,0.01,SUB,15,0.04412708890964889
3,0.01,SUB,16,0.04459285812749188
3,0.01,SUB,17,0.01671522813908098
3,0.01,SUB,18,0.03302609938048644
3,0.01,SUB,19,0.045479470359612674
3,0.01,SUB,20,0.03001431278600849
3,0.01,SUB,21,0.04282634680788894
3,0.01,SUB,22,0.04373446083524161
3,0.01,SUB,23,0.02773934603553204
3,0.01,SUB,24,0.02289143807678335
3,0.01,SUB,25,0.017636663917486854
3,0.01,SUB,26,0.042137510549214593
3,0.01,SUB,27,0.063723834952841
3,0.01,SUB,28,0.020769287301466866
3,0.01,SUB,29,0.034280867323735066
3,0.01,SUB,30,0.03128855505161957
3,0.01,SUB,31,0.0342286321601716
3,0.01,SUB,32,0.04491322715350272
3,0.01,SUB,33,0.05653095003003753
3,0.01,SUB,34,0.031992301020801715
3,0.01,SUB,35,0.01776336044367793
3,0.01,SUB,36,0.013992034530434431
3,0.01,SUB,37,0.016561899304373254
3,0.01,SUB,38,0.026205459327651243
3,0.01,SUB,39,0.025630825664882798
3,0.01,SUB,40,0.027367055157516335
3,0.01,SUB,41,0.029391848110953293
3,0.01,SUB,42,0.021640626525187827
3,0.01,SUB,43,0.04142420711599029
3,0.01,SUB,44,0.039503968999044944
3,0.01,SUB,45,0.013285419125523586
3,0.01,SUB,46,0.03107611042013585
3,0.01,SUB,47,0.02818621335245376
3,0.01,SUB,48,0.04701166772156797
3,0.01,SUB,49,0.020917369541470953
3,0.01,VI,0,0.008259383164363029
3,0.01,VI,1,0.0073419604836676726
3,0.01,VI,2,0.0051081173737852715
3,0.01,VI,3,0.007238218389948355
3,0.01,VI,4,0.009344838062661695
3,0.01,VI,5,0.005519525749733546
3,0.01,VI,6,0.015750056414001234
3,0.01,VI,7,0.007869556836265402
3,0.01,VI,8,0.012361295300061815
3,0.01,VI,9,0.013106822226501124
3,0.01,VI,10,0.007025509592922719
3,0.01,VI,11,0.0067434322963206015
3,0.01,VI,12,0.00981180719190208
3,0.01,VI,13,0.008397293539812955
3,0.01,VI,14,0.009529997341934285
3,0.01,VI,15,0.0074273628742332455
3,0.01,VI,16,0.008183951904261525
3,0.01,VI,17,0.011042348839210717
3,0.01,VI,18,0.02016482552297178
3,0.01,VI,19,0.007250760639092179
3,0.01,VI,20,0.007891346973122633
3,0.01,VI,21,0.013240792416682877
3,0.01,VI,22,0.009002250502244999
3,0.01,VI,23,0.008827855334944313
3,0.01,VI,24,0.006992678371760626
3,0.01,VI,25,0.008680401545179623
3,0.01,VI,26,0.007883583813623422
3,0.01,VI,27,0.007260608107036651
3,0.01,VI,28,0.01458975225821867
3,0.01,VI,29,0.012668016483448561
3,0.01,VI,30,0.008653910033981234
3,0.01,VI,31,0.008678672842453342
3,0.01,VI,32,0.011152352378959582
3,0.01,VI,33,0.009684283030649062
3,0.01,VI,34,0.013628616347049174
3,0.01,VI,35,0.007107693014083572
3,0.01,VI,36,0.009964819452209997
3,0.01,VI,37,0.010914827144344106
3,0.01,VI,38,0.010566478639460367
3,0.01,VI,39,0.008977405782029579
3,0.01,VI,40,0.006527854587291073
3,0.01,VI,41,0.00743169491788621
3,0.01,VI,42,0.007122796770537422
3,0.01,VI,43,0.009046492047625388
3,0.01,VI,44,0.008355026045341812
3,0.01,VI,45,0.008219954772292997
3,0.01,VI,46,0.010226505553102104
3,0.01,VI,47,0.010934076463231772
3,0.01,VI,48,0.009606444520594042
3,0.01,VI,49,0.012910084763514275
3,0.05,SUB,0,0.039808927848813985
3,0.05,SUB,1,0.03988733075912456
3,0.05,SUB,2,0.02988447729976995
3,0.05,SUB,3,0.03973746588962387
3,0.05,SUB,4,0.02713466043704034
3,0.05,SUB,5,0.024640021193900376
3,0.05,SUB,6,0.031184804781759362
3,0.05,SUB,7,0.029901412362110635
3,0.05,SUB,8,0.035900974918184135
3,0.05,SUB,9,0.0537046158249845
3,0.05,SUB,10,0.03889285990323422
3,0.05,SUB,11,0.049519287063776556
3,0.05,SUB,12,0.040202820071607984
3,0.05,SUB,13,0.03484789470892553
3,0.05,SUB,14,0.028878493045064183
3,0.05,SUB,15,0.0448262215043121
3,0.05,SUB,16,0.04455328329205158
3,0.05,SUB,17,0.029110783926196787
3,0.05,SUB,18,0.05989004383986127
3,0.05,SUB,19,0.043038469368360574
3,0.05,SUB,20,0.03807599558405466
3,0.05,SUB,21,0.033157514936556644
3,0.05,SUB,22,0.051462916643058146
3,0.05,SUB,23,0.0408761907618003
3,0.05,SUB,24,0.03381530539842788
3,0.05,SUB,25,0.030676290817812597
3,0.05,SUB,26,0.05205025239698651
3,0.05,SUB,27,0.055172102017283835
3,0.05,SUB,28,0.03889087569134246
3,0.05,SUB,29,0.03774113961108427
3,0.05,SUB,30,0.03965466759652872
3,0.05,SUB,31,0.03747133567443824
3,0.05,SUB,32,0.03775815239716854
3,0.05,SUB,33,0.04537252827442889
3,0.05,SUB,34,0.03316803535661983
3,0.05,SUB,35,0.04574223533839949
3,0.05,SUB,36,0.031651465192054154
3,0.05,SUB,37,0.03380872288937166
3,0.05,SUB,38,0.04459888789852511
3,0.05,SUB,39,0.033066163913878704
3,0.05,SUB,40,0.05284948421431836
3,0.05,SUB,41,0.02412805924355489
3,0.05,SUB,42,0.052476626057879026
3,0.05,SUB,43,0.061846768697319206
3,0.05,SUB,44,0.03707285446216198
3,0.05,SUB,45,0.042267764478087305
3,0.05,SUB,46,0.05128962674688795
3,0.05,SUB,47,0.027580619945531237
3,0.05,SUB,48,0.05495830025960054
3,0.05,SUB,49,0.041239251596711206
3,0.05,VI,0,1.9895537362869264
3,0.05,VI,1,1.8976922310792566
3,0.05,VI,2,1.546928078564696
3,0.05,VI,3,2.115099312384178
3,0.05,VI,4,2.1318120293328957
3,0.05,VI,5,2.015177256622349
3,0.05,VI,6,1.9163739359866867
3,0.05,VI,7,2.0861690847078074
3,0.05,VI,8,1.7477754062625694
3,0.05,VI,9,2.390210491674481
3,0.05,VI,10,1.2353719233886669
3,0.05,VI,11,1.965780254702745
3,0.05,VI,12,1.8405563051065663
3,0.05,VI,13,1.9892403778452004
3,0.05,VI,14,2.090913938059435
3,0.05,VI,15,2.0179626678145453
3,0.05,VI,16,1.2883632152622395
3,0.05,VI,17,2.281916026845973
3,0.05,VI,18,2.1137924870112
3,0.05,VI,19,2.034469462083826
3,0.05,VI,20,1.5967677465644665
3,0.05,VI,21,2.460822582930857
3,0.05,VI,22,1.6413852524768975
3,0.05,VI,23,1.6991945024061053
3,0.05,VI,24,2.441925877476817
3,0.05,VI,25,1.4897122616551695
3,0.05,VI,26,1.6276180679360421
3,0.05,VI,27,1.6669250088910281
3,0.05,VI,28,1.593997935785361
3,0.05,VI,29,1.5365297935021807
3,0.05,VI,30,1.872498554787632
3,0.05,VI,31,1.8918718307466882
3,0.05,VI,32,1.8800118001363744
3,0.05,VI,33,2.206641095686712
3,0.05,VI,34,1.7648396539494458
3,0.05,VI,35,1.983365231283443
3,0.05,VI,36,2.115168367954522
3,0.05,VI,37,1.7223470642559966
3,0.05,VI,38,1.4071447829916248
3,0.05,VI,39,1.7783073280017285
3,0.05,VI,40,1.653437048086547
3,0.05,VI,41,1.7048786523962627
3,0.05,VI,42,1.743715667437812
3,0.05,VI,43,1.9800902663297566
3,0.05,VI,44,1.557097166235988
3,0.05,VI,45,2.222858919024368
3,0.05,VI,46,1.713804706721607
3,0.05,VI,47,1.7461861483723824
3,0.05,VI,48,1.9348802568767887
3,0.05,VI,49,1.4504994672190654
3,0.1,SUB,0,0.07156939951678583
3,0.1,SUB,1,0.08200304454846277
3,0.1,SUB,2,0.050975742779247595
3,0.1,SUB,3,0.06452393842278813
3,0.1,SUB,4,0.041176798110431734
3,0.1,SUB,5,0.06385263185905418
3,0.1,SUB,6,0.08668423887887589
3,0.1,SUB,7,0.05172062794839758
3,0.1,SUB,8,0.06601683550664253
3,0.1,SUB,9,0.05486895197046975
3,0.1,SUB,10,0.06320836977078373
3,0.1,SUB,11,0.059732872706611116
3,0.1,SUB,12,0.05852323315623873
3,0.1,SUB,13,0.04781990313995349
3,0.1,SUB,14,0.047931039026089216
3,0.1,SUB,15,0.06740198809734006
3,0.1,SUB,16,0.05307294786484968
3,0.1,SUB,17,0.06118706709989138
3,0.1,SUB,18,0.047673020366152584
3,0.1,SUB,19,0.05575916672829504
3,0.1,SUB,20,0.04543916786815606
3,0.1,SUB,21,0.04563673204882937
3,0.1,SUB,22,0.06787088356957066
3,0.1,SUB,23,0.046535202580112185
3,0.1,SUB,24,0.048905175107452584
3,0.1,SUB,25,0.03185888976902005
3,0.1,SUB,26,0.06435409592729786
3,0.1,SUB,27,0.07198923350233245
3,0.1,SUB,28,0.05079686917030637
3,0.1,SUB,29,0.05560454997381516
3,0.1,SUB,30,0.054670336054059764
3,0.1,SUB,31,0.04532817216828295
3,0.1,SUB,32,0.057875446847084754
3,0.1,SUB,33,0.04764035039303314
3,0.1,SUB,34,0.04826125746490369
3,0.1,SUB,35,0.043477185808970496
3,0.1,SUB,36,0.047266929820980776
3,0.1,SUB,37,0.03874872701621535
3,0.1,SUB,38,0.07506532937785976
3,0.1,SUB,39,0.05747970815044732
3,0.1,SUB,40,0.0889143268640003
3,0.1,SUB,41,0.038446754187297046
3,0.1,SUB,42,0.05222112750642911
3,0.1,SUB,43,0.063061901234203
3,0.1,SUB,44,0.08900800964339543
3,0.1,SUB,45,0.05757007881320726
3,0.1,SUB,46,0.053810375639419476
3,0.1,SUB,47,0.05132508956895984
3,0.1,SUB,48,0.05952993385885932
3,0.1,SUB,49,0.06277656596318108
3,0.1,VI,0,1.6881161730542458
3,0.1,VI,1,1.871502360906294
3,0.1,VI,2,1.8707192944879025
3,0.1,VI,3,1.8614444066269547
3,0.1,VI,4,1.9753812177040213
3,0.1,VI,5,1.7305161330380203
3,0.1,VI,6,1.6922373441888519
3,0.1,VI,7,1.7885706589654213
3,0.1,VI,8,0.9505219102002859
3,0.1,VI,9,2.1432073530191578
3,0.1,VI,10,1.8745363032045042
3,0.1,VI,11,2.050431477150014
3,0.1,VI,12,2.2538211632894063
3,0.1,VI,13,2.18920213094637
3,0.1,VI,14,2.4611608842902593
3,0.1,VI,15,2.258977190308443
3,0.1,VI,16,1.8567448754201321
3,0.1,VI,17,1.948308122279591
3,0.1,VI,18,1.9146296101966656
3,0.1,VI,19,1.6861780981014671
3,0.1,VI,20,1.867750559928532
3,0.1,VI,21,1.8761407177909328
3,0.1,VI,22,1.684971230589221
3,0.1,VI,23,2.3179015343489815
3,0.1,VI,24,1.6734762848977107
3,0.1,VI,25,2.637931425796579
3,0.1,VI,26,1.94261993330216
3,0.1,VI,27,2.0288907084249694
3,0.1,VI,28,1.5583480885955154
3,0.1,VI,29,2.078827224668653
3,0.1,VI,30,2.3351355684813178
3,0.1,VI,31,2.012351648950952
3,0.1,VI,32,1.896600937124116
3,0.1,VI,33,2.1961639333734704
3,0.1,VI,34,2.3375938774494585
3,0.1,VI,35,1.6999044217702335
3,0.1,VI,36,2.1855200784586013
3,0.1,VI,37,2.3502673094458544
3,0.1,VI,38,1.9486705645586335
3,0.1,VI,39,2.0228364566734447
3,0.1,VI,40,1.6378403806643675
3,0.1,VI,41,2.303718904860113
3,0.1,VI,42,2.3725859250400503
3,0.1,VI,43,1.458363868127645
3,0.1,VI,44,1.8431315712323308
3,0.1,VI,45,1.7795118855907484
3,0.1,VI,46,1.3388477799278025
3,0.1,VI,47,1.9988993460921491
3,0.1,VI,48,1.7205601728255435
3,0.1,VI,49,1.9164327874854152
3,0.3,SUB,0,0.12535514672107928
3,0.3,SUB,1,0.08384612666405962
3,0.3,SUB,2,0.09217294787238924
3,0.3,SUB,3,0.10750088768432374
3,0.3,SUB,4,0.15097120164724528
3,0.3,SUB,5,0.07607798275680602
3,0.3,SUB,6,0.12799300216711643
3,0.3,SUB,7,0.08768304711683024
3,0.3,SUB,8,0.11872501338022796
3,0.3,SUB,9,0.09712460336164132
3,0.3,SUB,10,0.15804342295139534
3,0.3,SUB,11,0.11158717486653934
3,0.3,SUB,12,0.08923510447451595
3,0.3,SUB,13,0.1476531928433846
3,0.3,SUB,14,0.12433336079613075
3,0.3,SUB,15,0.09597715858640224
3,0.3,SUB,16,0.17327703730560443
3,0.3,SUB,17,0.0984928695665919
3,0.3,SUB,18,0.13412582947801197
3,0.3,SUB,19,0.13479717231692448
3,0.3,SUB,20,0.14461798386708613
3,0.3,SUB,21,0.12574264747865327
3,0.3,SUB,22,0.11235465106496312
3,0.3,SUB,23,0.14296707840742712
3,0.3,SUB,24,0.1444764369279636
3,0.3,SUB,25,0.1013821391804045
3,0.3,SUB,26,0.07415065300770907
3,0.3,SUB,27,0.14614380070967475
3,0.3,SUB,28,0.09231509189572773
3,0.3,SUB,29,0.13763654097276712
3,0.3,SUB,30,0.11729682296844096
3,0.3,SUB,31,0.1499431074254315
3,0.3,SUB,32,0.12499504698612356
3,0.3,SUB,33,0.13544872676784536
3,0.3,SUB,34,0.1063512765008287
3,0.3,SUB,35,0.09152498707752131
3,0.3,SUB,36,0.10400024249180087
3,0.3,SUB,37,0.11319306660768745
3,0.3,SUB,38,0.11517324220954686
3,0.3,SUB,39,0.06844686975678332
3,0.3,SUB,40,0.08590049035340709
3,0.3,SUB,41,0.12756286458725472
3,0.3,SUB,42,0.11400476991420004
3,0.3,SUB,43,0.1639231765448217
3,0.3,SUB,44,0.10493588799249284
3,0.3,SUB,45,0.1247336767311944
3,0.3,SUB,46,0.12453874702197375
3,0.3,SUB,47,0.11304620020863929
3,0.3,SUB,48,0.1104248435545706
3,0.3,SUB,49,0.11285000620944306
3,0.3,VI,0,2.33849606062818
3,0.3,VI,1,1.9676034089745713
3,0.3,VI,2,2.196874865370277
3,0.3,VI,3,1.7004692613380143
3,0.3,VI,4,2.0230435861519753
3,0.3,VI,5,1.976244027468655
3,0.3,VI,6,1.8755070229179593
3,0.3,VI,7,2.2993673568701256
3,0.3,VI,8,1.6074548191638056
3,0.3,VI,9,2.051644850888228
3,0.3,VI,10,2.2600253654081808
3,0.3,VI,11,1.5039202597662416
3,0.3,VI,12,2.1905812332795906
3,0.3,VI,13,2.546923461726115
3,0.3,VI,14,1.721623720469929
3,0.3,VI,15,2.144075418004143
3,0.3,VI,16,1.917244894545091
3,0.3,VI,17,1.7806390999551946
3,0.3,VI,18,1.4592024921812836
3,0.3,VI,19,1.9155117401228727
3,0.3,VI,20,2.05833657387489
3,0.3,VI,21,1.7476840919097294
3,0.3,VI,22,1.689115889208097
3,0.3,VI,23,1.6873169246929947
3,0.3,VI,24,1.9493798635546196
3,0.3,VI,25,2.013493436423579
3,0.3,VI,26,2.30456549476501
3,0.3,VI,27,2.150061975622628
3,0.3,VI,28,2.3364367070529783
3,0.3,VI,29,1.8074613953259018
3,0.3,VI,30,2.3733292309044858
3,0.3,VI,31,1.694603890007461
3,0.3,VI,32,1.9050648746469756
3,0.3,VI,33,2.0798479806825947
3,0.3,VI,34,1.6387287436658382
3,0.3,VI,35,2.2885072361117755
3,0.3,VI,36,2.351342826300578
3,0.3,VI,37,2.227111806697328
3,0.3,VI,38,1.3398135576329686
3,0.3,VI,39,2.5598130078457078
3,0.3,VI,40,2.0488342120867644
3,0.3,VI,41,1.4589901525725026
3,0.3,VI,42,1.8723498321935583
3,0.3,VI,43,2.02971700186807
3,0.3,VI,44,2.6391508615832775
3,0.3,VI,45,1.949244726066254
3,0.3,VI,46,1.84379664826987
3,0.3,VI,47,1.6929815248996045
3,0.3,VI,48,1.8769172946652561
3,0.3,VI,49,1.857593514900816
3,0.5,SUB,0,0.19266970643139342
3,0.5,SUB,1,0.17084295836087598
3,0.5,SUB,2,0.1712057215426181
3,0.5,SUB,3,0.1866263628226714
3,0.5,SUB,4,0.12301936967020546
3,0.5,SUB,5,0.1730805343328369
3,0.5,SUB,6,0.21389564641573147
3,0.5,SUB,7,0.17310195830136846
3,0.5,SUB,8,0.13655560032468803
3,0.5,SUB,9,0.19240558919978537
3,0.5,SUB,10,0.12898231648273903
3,0.5,SUB,11,0.19236006854166432
3,0.5,SUB,12,0.1677798731295944
3,0.5,SUB,13,0.14747811320242743
3,0.5,SUB,14,0.14668605290852627
3,0.5,SUB,15,0.1846602747493347
3,0.5,SUB,16,0.11525250498427979
3,0.5,SUB,17,0.16093339847702104
3,0.5,SUB,18,0.15806345649919118
3,0.5,SUB,19,0.15305120952002077
3,0.5,SUB,20,0.1856352187760017
3,0.5,SUB,21,0.13666100889835375
3,0.5,SUB,22,0.15535828348823222
3,0.5,SUB,23,0.1623773688764052
3,0.5,SUB,24,0.1819892258366842
3,0.5,SUB,25,0.15575066720146102
3,0.5,SUB,26,0.1772526267147178
3,0.5,SUB,27,0.19908538533630768
3,0.5,SUB,28,0.15384799052322412
3,0.5,SUB,29,0.17907632611335458
3,0.5,SUB,30,0.1675162270578105
3,0.5,SUB,31,0.1586912792118167
3,0.5,SUB,32,0.19391200465027014
3,0.5,SUB,33,0.15407790579971578
3,0.5,SUB,34,0.1872663089423493
3,0.5,SUB,35,0.18735258700292423
3,0.5,SUB,36,0.1422789412249694
3,0.5,SUB,37,0.13995717186935247
3,0.5,SUB,38,0.12500289609991974
3,0.5,SUB,39,0.15667655267159972
3,0.5,SUB,40,0.1486132794614609
3,0.5,SUB,41,0.182527846727424
3,0.5,SUB,42,0.16066840964275889
3,0.5,SUB,43,0.16932981780703346
3,0.5,SUB,44,0.16448795724815768
3,0.5,SUB,45,0.15768332724779247
3,0.5,SUB,46,0.14637488100636153
3,0.5,SUB,47,0.1252089336576345
3,0.5,SUB,48,0.1788195387881121
3,0.5,SUB,49,0.16425576047392706
3,0.5,VI,0,0.9516295747066482
3,0.5,VI,1,1.7327246647929146
3,0.5,VI,2,1.869878861250624
3,0.5,VI,3,1.9443671174597341
3,0.5,VI,4,1.9779371432380188
3,0.5,VI,5,2.0540508813066367
3,0.5,VI,6,1.8734996770472458
3,0.5,VI,7,2.0241314791146308
3,0.5,VI,8,2.191635952375531
3,0.5,VI,9,1.6937224518052385
3,0.5,VI,10,2.145650332607869
3,0.5,VI,11,2.2608152733373448
3,0.5,VI,12,2.3749994624995048
3,0.5,VI,13,1.8984838068546435
3,0.5,VI,14,2.306387830361082
3,0.5,VI,15,1.905932549496374
3,0.5,VI,16,1.6081666856423376
3,0.5,VI,17,1.5598317524833916
3,0.5,VI,18,1.459844850292749
3,0.5,VI,19,2.198726140846853
3,0.5,VI,20,2.0595427987661967
3,0.5,VI,21,2.2567293181442794
3,0.5,VI,22,1.6881237951908794
3,0.5,VI,23,1.4595848884153846
3,0.5,VI,24,2.319811793289581
3,0.5,VI,25,2.3373164605379637
3,0.5,VI,26,1.8586076744863018
3,0.5,VI,27,1.6866548603692784
3,0.5,VI,28,1.3404057428853768
3,0.5,VI,29,2.151233146309896
3,0.5,VI,30,1.7226515433748955
3,0.5,VI,31,1.6960972871132407
3,0.5,VI,32,2.228309539907577
3,0.5,VI,33,1.8088857324979049
3,0.5,VI,34,1.9502017063366823
3,0.5,VI,35,1.8632234967875332
3,0.5,VI,36,2.0507022581532435
3,0.5,VI,37,1.6752237552337008
3,0.5,VI,38,1.781384124679865
3,0.5,VI,39,2.2895153777527195
3,0.5,VI,40,2.000581534735536
3,0.5,VI,41,2.0524836281389622
3,0.5,VI,42,1.9161777336451487
3,0.5,VI,43,2.0808144800666044
3,0.5,VI,44,2.4637972224115403
3,0.5,VI,45,2.3527915364653347
3,0.5,VI,46,1.5044580275258768
3,0.5,VI,47,1.8731910384188029
3,0.5,VI,48,1.7482584107059096
3,0.5,VI,49,2.3003128528966776
3,0.7,SUB,0,0.23773487824792852
3,0.7,SUB,1,0.2658653830821862
3,0.7,SUB,2,0.23912866947281686
3,0.7,SUB,3,0.2062763366377871
3,0.7,SUB,4,0.25904660677187674
3,0.7,SUB,5,0.23825811193303376
3,0.7,SUB,6,0.26839982688104874
3,0.7,SUB,7,0.23009776912021748
3,0.7,SUB,8,0.3020419904347473
3,0.7,SUB,9,0.25891520847704436
3,0.7,SUB,10,0.28415102751872523
3,0.7,SUB,11,0.26950444911365423
3,0.7,SUB,12,0.26148338676152694
3,0.7,SUB,13,0.2749850951108006
3,0.7,SUB,14,0.23312459643541938
3,0.7,SUB,15,0.2698916319406234
3,0.7,SUB,16,0.2852434683197284
3,0.7,SUB,17,0.20374212465205027
3,0.7,SUB,18,0.22859662538303366
3,0.7,SUB,19,0.242888307461143
3,0.7,SUB,20,0.2824410374146741
3,0.7,SUB,21,0.26309858417438003
3,0.7,SUB,22,0.27613157336111904
3,0.7,SUB,23,0.17961504930080446
3,0.7,SUB,24,0.29151805809364084
3,0.7,SUB,25,0.2609292026070081
3,0.7,SUB,26,0.2811594910606652
3,0.7,SUB,27,0.2632964775011087
3,0.7,SUB,28,0.2335996282309543
3,0.7,SUB,29,0.29159670739797744
3,0.7,SUB,30,0.21434799225570228
3,0.7,SUB,31,0.27877488702357683
3,0.7,SUB,32,0.23778502416160607
3,0.7,SUB,33,0.20518052267422568
3,0.7,SUB,34,0.24316475042145222
3,0.7,SUB,35,0.20829210027918985
3,0.7,SUB,36,0.21454288634695406
3,0.7,SUB,37,0.28866861047488224
3,0.7,SUB,38,0.22657182562364664
3,0.7,SUB,39,0.17688678278571698
3,0.7,SUB,40,0.29462939426109813
3,0.7,SUB,41,0.23316514269087013
3,0.7,SUB,42,0.245893348858013
3,0.7,SUB,43,0.2263584311340816
3,0.7,SUB,44,0.22930148265266265
3,0.7,SUB,45,0.28748837323730325
3,0.7,SUB,46,0.2955520585644442
3,0.7,SUB,47,0.24623446516629421
3,0.7,SUB,48,0.24223636320281675
3,0.7,SUB,49,0.2789712998550822
3,0.7,VI,0,2.3400972873200807
3,0.7,VI,1,1.8777746547878538
3,0.7,VI,2,1.702134815439115
3,0.7,VI,3,1.675133293295859
3,0.7,VI,4,2.059389676722081
3,0.7,VI,5,1.7225562088746704
3,0.7,VI,6,1.7326047013995012
3,0.7,VI,7,2.1455116854447063
3,0.7,VI,8,2.2249443155216846
3,0.7,VI,9,1.6959731132844642
3,0.7,VI,10,2.2281334264253454
3,0.7,VI,11,2.030586697509558
3,0.7,VI,12,2.15104486199959
3,0.7,VI,13,2.352600911341105
3,0.7,VI,14,1.5597560017274017
3,0.7,VI,15,1.944273687281611
3,0.7,VI,16,1.8697775457511516
3,0.7,VI,17,2.191433480775237
3,0.7,VI,18,1.9500321971962105
3,0.7,VI,19,2.3748345810380167
3,0.7,VI,20,1.8982816862828376
3,0.7,VI,21,2.3062128321002286
3,0.7,VI,22,1.8451847473022962
3,0.7,VI,23,1.7811988736049986
3,0.7,VI,24,2.052303579508307
3,0.7,VI,25,1.9506585989438425
3,0.7,VI,26,2.2893929596002773
3,0.7,VI,27,2.300141314041104
3,0.7,VI,28,1.6865168204791803
3,0.7,VI,29,1.8087724108517238
3,0.7,VI,30,1.459778563739851
3,0.7,VI,31,1.8733476090527375
3,0.7,VI,32,2.2565051873657205
3,0.7,VI,33,1.9682548058350544
3,0.7,VI,34,1.8584998816650824
3,0.7,VI,35,1.4594840127298465
3,0.7,VI,36,1.3403386770817567
3,0.7,VI,37,2.6402445709498283
3,0.7,VI,38,2.561387175072505
3,0.7,VI,39,1.6079706261534785
3,0.7,VI,40,2.0539081300261777
3,0.7,VI,41,2.0806942464729445
3,0.7,VI,42,1.6879029203907214
3,0.7,VI,43,2.0483655445293105
3,0.7,VI,44,1.977802050534934
3,0.7,VI,45,2.5481626842867615
3,0.7,VI,46,2.260677873369251
3,0.7,VI,47,2.4636207412621287
3,0.7,VI,48,1.7898724351652426
3,0.7,VI,49,2.024013341051552
3,0.9,SUB,0,0.35612404966225447
3,0.9,SUB,1,0.353786135973281
3,0.9,SUB,2,0.256145809793592
3,0.9,SUB,3,0.2865700840798586
3,0.9,SUB,4,0.3486766824636693
3,0.9,SUB,5,0.24029869329912953
3,0.9,SUB,6,0.3582469226317802
3,0.9,SUB,7,0.3310299565691118
3,0.9,SUB,8,0.27879448619873926
3,0.9,SUB,9,0.2647452524747097
3,0.9,SUB,10,0.3413923226639866
3,0.9,SUB,11,0.34247384450895246
3,0.9,SUB,12,0.2981653556547084
3,0.9,SUB,13,0.32169939368657824
3,0.9,SUB,14,0.27488449630666695
3,0.9,SUB,15,0.31637006247094185
3,0.9,SUB,16,0.2574806632460628
3,0.9,SUB,17,0.3256803687332889
3,0.9,SUB,18,0.358310124359895
3,0.9,SUB,19,0.2971910775175288
3,0.9,SUB,20,0.3050787295360577
3,0.9,SUB,21,0.2717250602727398
3,0.9,SUB,22,0.28589972922382517
3,0.9,SUB,23,0.297776934082678
3,0.9,SUB,24,0.25317042987121113
3,0.9,SUB,25,0.24884665340022386
3,0.9,SUB,26,0.2636607200992271
3,0.9,SUB,27,0.30225606830154617
3,0.9,SUB,28,0.29047609924941364
3,0.9,SUB,29,0.28779749870727
3,0.9,SUB,30,0.27432039996497876
3,0.9,SUB,31,0.30933940907032625
3,0.9,SUB,32,0.29151276051577146
3,0.9,SUB,33,0.29385266140477523
3,0.9,SUB,34,0.33123560276161285
3,0.9,SUB,35,0.3536914988643763
3,0.9,SUB,36,0.24340504075009792
3,0.9,SUB,37,0.2775764855957554
3,0.9,SUB,38,0.2615758807689797
3,0.9,SUB,39,0.26049142494261707
3,0.9,SUB,40,0.2654871312412245
3,0.9,SUB,41,0.27672384915220555
3,0.9,SUB,42,0.22438288734984715
3,0.9,SUB,43,0.37216223603269244
3,0.9,SUB,44,0.3133199473915249
3,0.9,SUB,45,0.27356317413693954
3,0.9,SUB,46,0.28218691569793103
3,0.9,SUB,47,0.3162803150276752
3,0.9,SUB,48,0.29911448430241394
3,0.9,SUB,49,0.29020896658657597
3,0.9,VI,0,1.7482384526870636
3,0.9,VI,1,2.2607615722345726
3,0.9,VI,2,1.73268899448121
3,0.9,VI,3,1.7812836043165516
3,0.9,VI,4,1.789943901540879
3,0.9,VI,5,2.225044320155832
3,0.9,VI,6,1.3403885126085633
3,0.9,VI,7,1.9683210471222374
3,0.9,VI,8,1.9443409721742078
3,0.9,VI,9,2.3402311338979813
3,0.9,VI,10,1.6393277408060336
3,0.9,VI,11,2.3197411916307216
3,0.9,VI,12,1.873442039306249
3,0.9,VI,13,2.3372239434979125
3,0.9,VI,14,2.1456107866391156
3,0.9,VI,15,1.8983870248213965
3,0.9,VI,16,1.87316365647436
3,0.9,VI,17,1.6880040681516382
3,0.9,VI,18,1.6865969930792606
3,0.9,VI,19,2.256640673847814
3,0.9,VI,20,2.050676249586378
3,0.9,VI,21,1.7226214779291835
3,0.9,VI,22,2.0306515121684234
3,0.9,VI,23,1.9185899038139824
3,0.9,VI,24,2.2894828846339172
3,0.9,VI,25,2.3527205697164786
3,0.9,VI,26,1.8088635472479053
3,0.9,VI,27,1.8631765334794939
3,0.9,VI,28,1.459821322297972
3,0.9,VI,29,1.905897542018785
3,0.9,VI,30,2.1511358395664595
3,0.9,VI,31,2.1986855722010783
3,0.9,VI,32,2.4637391661304586
3,0.9,VI,33,1.504438097367885
3,0.9,VI,34,1.675191452036206
3,0.9,VI,35,1.55980344067702
3,0.9,VI,36,2.6403531627843133
3,0.9,VI,37,2.0246953701198405
3,0.9,VI,38,2.1915297760672425
3,0.9,VI,39,2.188228313469981
3,0.9,VI,40,2.0594840839177344
3,0.9,VI,41,1.6080580139045397
3,0.9,VI,42,1.8778498069444964
3,0.9,VI,43,0.9516225044278891
3,0.9,VI,44,1.6960687484232837
3,0.9,VI,45,2.5615004957347582
3,0.9,VI,46,1.9779063822872531
3,0.9,VI,47,1.4595421462729834
3,0.9,VI,48,1.9161455734903439
3,0.9,VI,49,2.048430085788362
3,1.0,SUB,0,0.31530416955836826
3,1.0,SUB,1,0.24273534621390042
3,1.0,SUB,2,0.27049499189441595
3,1.0,SUB,3,0.24608288364854938
3,1.0,SUB,4,0.31662158783126737
3,1.0,SUB,5,0.27947478550987215
3,1.0,SUB,6,0.3060937019638937
3,1.0,SUB,7,0.2924769396593131
3,1.0,SUB,8,0.3081587256227051
3,1.0,SUB,9,0.26468486102582667
3,1.0,SUB,10,0.3050890698883867
3,1.0,SUB,11,0.2840361543301744
3,1.0,SUB,12,0.2609527400533547
3,1.0,SUB,13,0.2960964133818789
3,1.0,SUB,14,0.30220433118931705
3,1.0,SUB,15,0.29126767345563503
3,1.0,SUB,16,0.2712016294354199
3,1.0,SUB,17,0.2742564965945165
3,1.0,SUB,18,0.3500285175078925
3,1.0,SUB,19,0.2421610077682466
3,1.0,SUB,20,0.3004092359051773
3,1.0,SUB,21,0.30477371767003797
3,1.0,SUB,22,0.3162372770133275
3,1.0,SUB,23,0.26253110035207633
3,1.0,SUB,24,0.2706662229073963
3,1.0,SUB,25,0.3261414604307698
3,1.0,SUB,26,0.26323743167716307
3,1.0,SUB,27,0.26261006252944824
3,1.0,SUB,28,0.3230365673958225
3,1.0,SUB,29,0.22086877290634274
3,1.0,SUB,30,0.2998798579005446
3,1.0,SUB,31,0.33832756759191007
3,1.0,SUB,32,0.2959110454548625
3,1.0,SUB,33,0.3309093607054249
3,1.0,SUB,34,0.33092130623657456
3,1.0,SUB,35,0.24123239502571903
3,1.0,SUB,36,0.28991074162690517
3,1.0,SUB,37,0.3000793165460317
3,1.0,SUB,38,0.27109940085884493
3,1.0,SUB,39,0.24281484782710624
3,1.0,SUB,40,0.3272318802382426
3,1.0,SUB,41,0.2806241940838363
3,1.0,SUB,42,0.26361819459112434
3,1.0,SUB,43,0.2525836450266736
3,1.0,SUB,44,0.3549535386640474
3,1.0,SUB,45,0.3519213920051321
3,1.0,SUB,46,0.28507990020976626
3,1.0,SUB,47,0.33005598378215817
3,1.0,SUB,48,0.34026852653548023
3,1.0,SUB,49,0.2950581654464366
3,1.0,VI,0,1.6959995884330066
3,1.0,VI,1,1.4598066185884306
3,1.0,VI,2,2.0246371388229245
3,1.0,VI,3,1.6936617798093885
3,1.0,VI,4,1.8697801753899836
3,1.0,VI,5,1.6751551227081853
3,1.0,VI,6,2.306226346537778
3,1.0,VI,7,1.8763555351865053
3,1.0,VI,8,1.8733959365733077
3,1.0,VI,9,1.6879920223507976
3,1.0,VI,10,1.8631237234377238
3,1.0,VI,11,1.6865639237478847
3,1.0,VI,12,1.8730658922666408
3,1.0,VI,13,2.5613900390297464
3,1.0,VI,14,2.300186995769026
3,1.0,VI,15,2.0483959215558625
3,1.0,VI,16,2.25654289127892
3,1.0,VI,17,1.9778104575726372
3,1.0,VI,18,1.7326330825320058
3,1.0,VI,19,1.8983412407839328
3,1.0,VI,20,2.0004970752830493
3,1.0,VI,21,1.8585416268187815
3,1.0,VI,22,2.0523381727903094
3,1.0,VI,23,1.8777982388264325
3,1.0,VI,24,1.968266692577048
3,1.0,VI,25,2.4636434585991482
3,1.0,VI,26,1.5044090267198786
3,1.0,VI,27,1.7898869447823493
3,1.0,VI,28,1.9500995022611076
3,1.0,VI,29,2.191489069569655
3,1.0,VI,30,1.845206818181959
3,1.0,VI,31,1.808777499325717
3,1.0,VI,32,1.9160988424797636
3,1.0,VI,33,2.08073216301259
3,1.0,VI,34,2.0306159492984763
3,1.0,VI,35,1.6080536087821586
3,1.0,VI,36,2.198574358263869
3,1.0,VI,37,1.9506760828638912
3,1.0,VI,38,1.5597787656711002
3,1.0,VI,39,2.3401443172034044
3,1.0,VI,40,2.0594394814323165
3,1.0,VI,41,2.28938999873503
3,1.0,VI,42,1.702142134689317
3,1.0,VI,43,1.7812714596143897
3,1.0,VI,44,2.640275742954046
3,1.0,VI,45,2.2249825907909044
3,1.0,VI,46,2.188083459993192
3,1.0,VI,47,2.22817920909363
3,1.0,VI,48,2.0539286688989673
3,1.0,VI,49,2.337183172447215
4,0.0,SUB,0,0.024500872389051843
4,0.0,SUB,1,0.025501976053817235
4,0.0,SUB,2,0.037093524362965105
4,0.0,SUB,3,0.0241173764828278
4,0.0,SUB,4,0.03554837118877604
4,0.0,SUB,5,0.03026464088758077
4,0.0,SUB,6,0.027710424068303218
4,0.0,SUB,7,0.019948241894237082
4,0.0,SUB,8,0.022586609097341538
4,0.0,SUB,9,0.034116888307771695
4,0.0,SUB,10,0.019827695717571696
4,0.0,SUB,11,0.028748865766400483
4,0.0,SUB,12,0.030776503030704547
4,0.0,SUB,13,0.01663300641983855
4,0.0,SUB,14,0.027420637095972072
4,0.0,SUB,15,0.029629132955325117
4,0.0,SUB,16,0.027175023342568376
4,0.0,SUB,17,0.01732658703296212
4,0.0,SUB,18,0.031239430392641442
4,0.0,SUB,19,0.018273799614857575
4,0.0,SUB,20,0.03114233779739177
4,0.0,SUB,21,0.025077684634878018
4,0.0,SUB,22,0.037433388928177755
4,0.0,SUB,23,0.03558835949242322
4,0.0,SUB,24,0.014616150153047305
4,0.0,SUB,25,0.010847983344027947
4,0.0,SUB,26,0.021447120434315264
4,0.0,SUB,27,0.024602088381435166
4,0.0,SUB,28,0.026669180522933444
4,0.0,SUB,29,0.023793277683963925
4,0.0,SUB,30,0.025385206298481865
4,0.0,SUB,31,0.02252166028130029
4,0.0,SUB,32,0.034571321954441896
4,0.0,SUB,33,0.013950703534894486
4,0.0,SUB,34,0.028261533302790375
4,0.0,SUB,35,0.0371526446479052
4,0.0,SUB,36,0.018803258983764694
4,0.0,SUB,37,0.0206450007018587
4,0.0,SUB,38,0.016093479960537897
4,0.0,SUB,39,0.029960191640655724
4,0.0,SUB,40,0.0354109426022445
4,0.0,SUB,41,0.014023474622291917
4,0.0,SUB,42,0.027930173738888567
4,0.0,SUB,43,0.02587419487680914
4,0.0,SUB,44,0.040289383362246446
4,0.0,SUB,45,0.019910275031980795
4,0.0,SUB,46,0.024874773755812384
4,0.0,SUB,47,0.024146656531013052
4,0.0,SUB,48,0.022112872704943724
4,0.0,SUB,49,0.03348522592785692
4,0.0,VI,0,0.00017557615591969346
4,0.0,VI,1,8.373775841352893e-05
4,0.0,VI,2,4.2660607556900575e-07
4,0.0,VI,3,4.410963183898084e-06
4,0.0,VI,4,2.9638181158171565e-06
4,0.0,VI,5,2.3057477439056077e-06
4,0.0,VI,6,0.00010969592420089695
4,0.0,VI,7,1.522589159264311e-07
4,0.0,VI,8,8.478770764786258e-07
4,0.0,VI,9,5.795884911624478e-06
4,0.0,VI,10,8.070810350896546e-07
4,0.0,VI,11,0.00011050376950277215
4,0.0,VI,12,2.4291003104794892e-05
4,0.0,VI,13,1.078368189924195e-06
4,0.0,VI,14,2.782290475177776e-06
4,0.0,VI,15,6.73618958932979e-06
4,0.0,VI,16,1.1599375439774026e-06
4,0.0,VI,17,0.0003851777320839229
4,0.0,VI,18,3.6158578691568865e-06
4,0.0,VI,19,4.1462294705833695e-05
4,0.0,VI,20,0.00012518140849842016
4,0.0,VI,21,1.3797601620426759e-05
4,0.0,VI,22,9.560974535007276e-05
4,0.0,VI,23,1.3123766481047942e-07
4,0.0,VI,24,0.00045678160769957097
4,0.0,VI,25,1.2710011597034404e-07
4,0.0,VI,26,8.359900518784635e-05
4,0.0,VI,27,9.026034232432318e-07
4,0.0,VI,28,1.999111627913806e-07
4,0.0,VI,29,0.0001570953040152186
4,0.0,VI,30,0.0001299726122644226
4,0.0,VI,31,2.3962094853437135e-07
4,0.0,VI,32,2.7633781259740232e-05
4,0.0,VI,33,2.3163806232348163e-07
4,0.0,VI,34,4.236720052632223e-07
4,0.0,VI,35,0.00010730866135269658
4,0.0,VI,36,9.137285213365866e-05
4,0.0,VI,37,1.7480447649957025e-07
4,0.0,VI,38,4.9073444426250314e-05
4,0.0,VI,39,2.7802991152181137e-06
4,0.0,VI,40,0.0003779605243313553
4,0.0,VI,41,4.8552005825461214e-06
4,0.0,VI,42,0.00013710281374049768
4,0.0,VI,43,0.00014713849945730407
4,0.0,VI,44,5.942845714179223e-05
4,0.0,VI,45,6.639163211119273e-05
4,0.0,VI,46,9.328850147325047e-06
4,0.0,VI,47,7.6212165983352e-05
4,0.0,VI,48,4.8641189328071264e-05
4,0.0,VI,49,9.423934890242157e-05
4,0.01,SUB,0,0.018628260097943314
4,0.01,SUB,1,0.0440453606993686
4,0.01,SUB,2,0.01563129570373989
4,0.01,SUB,3,0.0517396066586031
4,0.01,SUB,4,0.05517780726500921
4,0.01,SUB,5,0.02113784079122815
4,0.01,SUB,6,0.01915400235655922
4,0.01,SUB,7,0.017290482675147156
4,0.01,SUB,8,0.029556348626402117
4,0.01,SUB,9,0.03331999771597207
4,0.01,SUB,10,0.06608058984367624
4,0.01,SUB,11,0.027634667458700767
4,0.01,SUB,12,0.05860763264338659
4,0.01,SUB,13,0.042947722451754246
4,0.01,SUB,14,0.027707405350624072
4,0.01,SUB,15,0.03206189277931529
4,0.01,SUB,16,0.04488857133497706
4,0.01,SUB,17,0.01269165447574061
4,0.01,SUB,18,0.0277140582831887
4,0.01,SUB,19,0.04605346607274278
4,0.01,SUB,20,0.024400019930844407
4,0.01,SUB,21,0.03249485349265325
4,0.01,SUB,22,0.04931121562941463
4,0.01,SUB,23,0.015192811993583907
4,0.01,SUB,24,0.04773457169473403
4,0.01,SUB,25,0.022170887325535387
4,0.01,SUB,26,0.021300194714963094
4,0.01,SUB,27,0.029532114984127573
4,0.01,SUB,28,0.04094716606976128
4,0.01,SUB,29,0.01276360368706842
4,0.01,SUB,30,0.02654024990784975
4,0.01,SUB,31,0.01749047924233297
4,0.01,SUB,32,0.031022031457959422
4,0.01,SUB,33,0.03484381491345384
4,0.01,SUB,34,0.01676120762256514
4,0.01,SUB,35,0.023858554083533292
4,0.01,SUB,36,0.029236917427481482
4,0.01,SUB,37,0.02267287472129135
4,0.01,SUB,38,0.021506073328761064
4,0.01,SUB,39,0.019390469221653155
4,0.01,SUB,40,0.018434433711840375
4,0.01,SUB,41,0.021457342380102783
4,0.01,SUB,42,0.03977601835451962
4,0.01,SUB,43,0.028228459985074544
4,0.01,SUB,44,0.01418102822770725
4,0.01,SUB,45,0.022588566011188044
4,0.01,SUB,46,0.04673576690538082
4,0.01,SUB,47,0.025050592464409417
4,0.01,SUB,48,0.01664908116933304
4,0.01,SUB,49,0.014980285382573438
4,0.01,VI,0,0.004847385742424625
4,0.01,VI,1,0.007345931422413218
4,0.01,VI,2,0.006523897784629931
4,0.01,VI,3,0.011848635090136764
4,0.01,VI,4,0.007716031796290846
4,0.01,VI,5,0.008023026465450646
4,0.01,VI,6,0.007661022108388356
4,0.01,VI,7,0.0068247459100182414
4,0.01,VI,8,0.005355771952430558
4,0.01,VI,9,0.006180982771160371
4,0.01,VI,10,0.014088566236266283
4,0.01,VI,11,0.0068723838918079245
4,0.01,VI,12,0.011631936914204683
4,0.01,VI,13,0.008124512903487091
4,0.01,VI,14,0.007854852967133313
4,0.01,VI,15,0.006756396641415949
4,0.01,VI,16,0.010816848429630866
4,0.01,VI,17,0.006231288207659433
4,0.01,VI,18,0.005644019890667924
4,0.01,VI,19,0.007331093810112085
4,0.01,VI,20,0.0051520683991347575
4,0.01,VI,21,0.008190626447734262
4,0.01,VI,22,0.008464303606327404
4,0.01,VI,23,0.0053420508086551004
4,0.01,VI,24,0.012491027757678469
4,0.01,VI,25,0.008076291524654012
4,0.01,VI,26,0.005587333483148492
4,0.01,VI,27,0.007323334711184021
4,0.01,VI,28,0.011697464665095986
4,0.01,VI,29,0.004116990779896948
4,0.01,VI,30,0.008576302490033142
4,0.01,VI,31,0.0066545971581647104
4,0.01,VI,32,0.009489822901880676
4,0.01,VI,33,0.007085495564348901
4,0.01,VI,34,0.012668035303805133
4,0.01,VI,35,0.007571202686267464
4,0.01,VI,36,0.006876259963301242
4,0.01,VI,37,0.010123711836950875
4,0.01,VI,38,0.004872833374067767
4,0.01,VI,39,0.006592178731467741
4,0.01,VI,40,0.00574635261345813
4,0.01,VI,41,0.005018768382139516
4,0.01,VI,42,0.00912087069235184
4,0.01,VI,43,0.007316016524159124
4,0.01,VI,44,0.006011658799852683
4,0.01,VI,45,0.006389187983183589
4,0.01,VI,46,0.00718163362871223
4,0.01,VI,47,0.00601478369729589
4,0.01,VI,48,0.005146956750659351
4,0.01,VI,49,0.006728196275912923
4,0.05,SUB,0,0.05359597826155217
4,0.05,SUB,1,0.04696135670037576
4,0.05,SUB,2,0.03201982532280073
4,0.05,SUB,3,0.02345975394318959
4,0.05,SUB,4,0.040466742873120194
4,0.05,SUB,5,0.032978758842800396
4,0.05,SUB,6,0.05106410697646596
4,0.05,SUB,7,0.04168578906941188
4,0.05,SUB,8,0.05262245631027277
4,0.05,SUB,9,0.052024916960293176
4,0.05,SUB,10,0.04916770892480857
4,0.05,SUB,11,0.028405145976872947
4,0.05,SUB,12,0.04030023887249063
4,0.05,SUB,13,0.04348874365359027
4,0.05,SUB,14,0.05574811610401357
4,0.05,SUB,15,0.047668499252617624
4,0.05,SUB,16,0.039578579190208636
4,0.05,SUB,17,0.051527410342294876
4,0.05,SUB,18,0.03833407165931282
4,0.05,SUB,19,0.041210042532768054
4,0.05,SUB,20,0.043079516889655674
4,0.05,SUB,21,0.032405041357934115
4,0.05,SUB,22,0.051547767671829774
4,0.05,SUB,23,0.04440902696334545
4,0.05,SUB,24,0.02592565229687645
4,0.05,SUB,25,0.03513486890521423
4,0.05,SUB,26,0.04106480404649684
4,0.05,SUB,27,0.04295089301905238
4,0.05,SUB,28,0.054007881202159894
4,0.05,SUB,29,0.03534464897359594
4,0.05,SUB,30,0.0351149240480668
4,0.05,SUB,31,0.04978742097715581
4,0.05,SUB,32,0.03979604533282971
4,0.05,SUB,33,0.06212907162882584
4,0.05,SUB,34,0.035852744884964254
4,0.05,SUB,35,0.05024607915489416
4,0.05,SUB,36,0.059513375435825355
4,0.05,SUB,37,0.043571399599144786
4,0.05,SUB,38,0.05886182540171665
4,0.05,SUB,39,0.02962731992178008
4,0.05,SUB,40,0.04605972348072564
4,0.05,SUB,41,0.05213939514855798
4,0.05,SUB,42,0.032061012696363696
4,0.05,SUB,43,0.05997986478270416
4,0.05,SUB,44,0.046552235391156674
4,0.05,SUB,45,0.03640569180830194
4,0.05,SUB,46,0.05642587966262594
4,0.05,SUB,47,0.02813854810711552
4,0.05,SUB,48,0.0379729066011437
4,0.05,SUB,49,0.0427290981445804
4,0.05,VI,0,2.055512969251642
4,0.05,VI,1,2.076083863291211
4,0.05,VI,2,2.285138798591285
4,0.05,VI,3,2.403979211860293
4,0.05,VI,4,1.8294958016319955
4,0.05,VI,5,2.2066333611825564
4,0.05,VI,6,2.200082996399043
4,0.05,VI,7,2.3599708577755933
4,0.05,VI,8,1.7971336083665115
4,0.05,VI,9,2.138648678638026
4,0.05,VI,10,2.37819184426363
4,0.05,VI,11,2.258584028142784
4,0.05,VI,12,2.1830841860316927
4,0.05,VI,13,2.156473352824774
4,0.05,VI,14,1.8835990041565165
4,0.05,VI,15,2.399962172295857
4,0.05,VI,16,2.0638568438512643
4,0.05,VI,17,2.5096811595150204
4,0.05,VI,18,2.140565319935928
4,0.05,VI,19,2.264300751422519
4,0.05,VI,20,2.1886080929204974
4,0.05,VI,21,1.8694882075754937
4,0.05,VI,22,1.8094721719999363
4,0.05,VI,23,1.8043753614762537
4,0.05,VI,24,2.4979395496136236
4,0.05,VI,25,2.3583078477824833
4,0.05,VI,26,2.31633020386702
4,0.05,VI,27,2.443866575171203
4,0.05,VI,28,1.848230835344363
4,0.05,VI,29,2.136579528093602
4,0.05,VI,30,2.4471545405111454
4,0.05,VI,31,1.8568436438266627
4,0.05,VI,32,2.1112390909350665
4,0.05,VI,33,1.723087986243149
4,0.05,VI,34,2.3987281952990562
4,0.05,VI,35,1.785886144915674
4,0.05,VI,36,2.197583547242961
4,0.05,VI,37,2.285675531393418
4,0.05,VI,38,2.2429101033742387
4,0.05,VI,39,2.5863687746297632
4,0.05,VI,40,2.2095365992637017
4,0.05,VI,41,1.723570737092975
4,0.05,VI,42,2.323404507450465
4,0.05,VI,43,2.3016663469302547
4,0.05,VI,44,2.2436211340364745
4,0.05,VI,45,1.7604123959718578
4,0.05,VI,46,2.475005578731488
4,0.05,VI,47,2.408828633661749
4,0.05,VI,48,2.0075253752177886
4,0.05,VI,49,2.7304758897190573
4,0.1,SUB,0,0.05977079156667876
4,0.1,SUB,1,0.05004445811125307
4,0.1,SUB,2,0.06184555942981058
4,0.1,SUB,3,0.06047863257808602
4,0.1,SUB,4,0.04778512927310855
4,0.1,SUB,5,0.05177059630492576
4,0.1,SUB,6,0.06276483911183796
4,0.1,SUB,7,0.05058650145064364
4,0.1,SUB,8,0.05285200702761178
4,0.1,SUB,9,0.053487739647888305
4,0.1,SUB,10,0.06808467308518584
4,0.1,SUB,11,0.04743203396207984
4,0.1,SUB,12,0.06218693887646799
4,0.1,SUB,13,0.05499244801515586
4,0.1,SUB,14,0.05597223349779204
4,0.1,SUB,15,0.041220826156761495
4,0.1,SUB,16,0.07205429611994947
4,0.1,SUB,17,0.04767562311803836
4,0.1,SUB,18,0.05954828372521665
4,0.1,SUB,19,0.06367192124134995
4,0.1,SUB,20,0.05012868786333391
4,0.1,SUB,21,0.05127987015428648
4,0.1,SUB,22,0.06019485108946997
4,0.1,SUB,23,0.062400128832609016
4,0.1,SUB,24,0.04956182922359434
4,0.1,SUB,25,0.06527551899027784
4,0.1,SUB,26,0.05125465585790834
4,0.1,SUB,27,0.07147410901140357
4,0.1,SUB,28,0.04231107560487937
4,0.1,SUB,29,0.058227902184464414
4,0.1,SUB,30,0.06407191602729423
4,0.1,SUB,31,0.05501086124378175
4,0.1,SUB,32,0.07684086525386333
4,0.1,SUB,33,0.05750872471759931
4,0.1,SUB,34,0.04398806984575454
4,0.1,SUB,35,0.03638813897690934
4,0.1,SUB,36,0.06583257497290665
4,0.1,SUB,37,0.05914170845282362
4,0.1,SUB,38,0.0552193842733175
4,0.1,SUB,39,0.0571632695350161
4,0.1,SUB,40,0.047646783130133326
4,0.1,SUB,41,0.055897811936353646
4,0.1,SUB,42,0.054859088228550595
4,0.1,SUB,43,0.06588558659390377
4,0.1,SUB,44,0.05267955076461785
4,0.1,SUB,45,0.06846418026398984
4,0.1,SUB,46,0.049845745955484154
4,0.1,SUB,47,0.07513843597687223
4,0.1,SUB,48,0.06286383840208908
4,0.1,SUB,49,0.057960395199307305
4,0.1,VI,0,2.398710937177013
4,0.1,VI,1,2.730459703131043
4,0.1,VI,2,2.4471388109032803
4,0.1,VI,3,2.076068331751726
4,0.1,VI,4,2.183068856242243
4,0.1,VI,5,2.586354466472599
4,0.1,VI,6,2.209519143619495
4,0.1,VI,7,2.007514982854917
4,0.1,VI,8,2.156457057236647
4,0.1,VI,9,1.6669896119044487
4,0.1,VI,10,2.5096652012589975
4,0.1,VI,11,2.399944829898458
4,0.1,VI,12,2.3140308306197594
4,0.1,VI,13,2.2671384184344974
4,0.1,VI,14,2.0538447498076597
4,0.1,VI,15,2.2642848387580696
4,0.1,VI,16,1.9961004855152453
4,0.1,VI,17,2.1975666076481426
4,0.1,VI,18,2.215406816128138
4,0.1,VI,19,1.8835935403804431
4,0.1,VI,20,2.4979218876412275
4,0.1,VI,21,2.111229331754396
4,0.1,VI,22,1.723566507356725
4,0.1,VI,23,1.8568249124787493
4,0.1,VI,24,2.188599484929719
4,0.1,VI,25,2.28566192899966
4,0.1,VI,26,2.380334044820404
4,0.1,VI,27,1.7971270535920465
4,0.1,VI,28,1.8576400653366325
4,0.1,VI,29,2.0930479872007974
4,0.1,VI,30,2.0555076499127534
4,0.1,VI,31,2.3781778452239126
4,0.1,VI,32,2.587925858633096
4,0.1,VI,33,1.8894365296948845
4,0.1,VI,34,1.8694711488609794
4,0.1,VI,35,2.323388078308321
4,0.1,VI,36,1.9109956100519419
4,0.1,VI,37,2.3599556635399708
4,0.1,VI,38,2.1405598876966687
4,0.1,VI,39,2.289045803011434
4,0.1,VI,40,2.0638441569424226
4,0.1,VI,41,2.3046153772673605
4,0.1,VI,42,2.408812484361587
4,0.1,VI,43,1.8294891224810546
4,0.1,VI,44,2.3016549060045945
4,0.1,VI,45,2.003543565707709
4,0.1,VI,46,2.4039665233176457
4,0.1,VI,47,2.242894959574655
4,0.1,VI,48,2.474990018111688
4,0.1,VI,49,1.7858762444821392
4,0.3,SUB,0,0.12671991348884423
4,0.3,SUB,1,0.17460119077226657
4,0.3,SUB,2,0.11859542831214058
4,0.3,SUB,3,0.14307709014266412
4,0.3,SUB,4,0.09281983912670422
4,0.3,SUB,5,0.17077184124117725
4,0.3,SUB,6,0.15874798063059242
4,0.3,SUB,7,0.1294018972441637
4,0.3,SUB,8,0.09426027823741324
4,0.3,SUB,9,0.12708818279790474
4,0.3,SUB,10,0.1762580482099892
4,0.3,SUB,11,0.1418348682906494
4,0.3,SUB,12,0.167166094549939
4,0.3,SUB,13,0.16294035002365603
4,0.3,SUB,14,0.14321300853643593
4,0.3,SUB,15,0.13791825415863987
4,0.3,SUB,16,0.17318959400108785
4,0.3,SUB,17,0.13603401650980287
4,0.3,SUB,18,0.10552047874897451
4,0.3,SUB,19,0.11739823423499833
4,0.3,SUB,20,0.12544719704877175
4,0.3,SUB,21,0.15424100459671633
4,0.3,SUB,22,0.1712109239774353
4,0.3,SUB,23,0.11047434410101097
4,0.3,SUB,24,0.13639881439089963
4,0.3,SUB,25,0.19885808745545772
4,0.3,SUB,26,0.14250932875602254
4,0.3,SUB,27,0.11487442278582431
4,0.3,SUB,28,0.11304500384472153
4,0.3,SUB,29,0.13837924352562073
4,0.3,SUB,30,0.15242336288154984
4,0.3,SUB,31,0.18578596170242803
4,0.3,SUB,32,0.12346606014810428
4,0.3,SUB,33,0.16448153720159223
4,0.3,SUB,34,0.13444508716352507
4,0.3,SUB,35,0.16687144890734087
4,0.3,SUB,36,0.12366826145322464
4,0.3,SUB,37,0.1493927239192755
4,0.3,SUB,38,0.14831390560053995
4,0.3,SUB,39,0.12316159617331107
4,0.3,SUB,40,0.20855738045981842
4,0.3,SUB,41,0.10028484727382381
4,0.3,SUB,42,0.1275650617289785
4,0.3,SUB,43,0.15965840951672747
4,0.3,SUB,44,0.15810359123139223
4,0.3,SUB,45,0.15373352276706612
4,0.3,SUB,46,0.1292551641511605
4,0.3,SUB,47,0.10974069010628992
4,0.3,SUB,48,0.14069340280460904
4,0.3,SUB,49,0.15005041999741622
4,0.3,VI,0,2.1971985470666695
4,0.3,VI,1,1.8292994989250866
4,0.3,VI,2,1.8834544370586388
4,0.3,VI,3,2.15611043761815
4,0.3,VI,4,2.1403398198160652
4,0.3,VI,5,2.0072643239548893
4,0.3,VI,6,2.0757379244701326
4,0.3,VI,7,1.7234343753061916
4,0.3,VI,8,1.857494971938099
4,0.3,VI,9,2.199740156834296
4,0.3,VI,10,2.30426026977111
4,0.3,VI,11,1.72285011246462
4,0.3,VI,12,2.1109886212208036
4,0.3,VI,13,2.1361884674521456
4,0.3,VI,14,2.313655871671986
4,0.3,VI,15,1.6668619169972134
4,0.3,VI,16,1.9250215446581949
4,0.3,VI,17,2.323028017094846
4,0.3,VI,18,1.7602422833327993
4,0.3,VI,19,2.215114432556568
4,0.3,VI,20,2.3596166253992257
4,0.3,VI,21,1.8092817369233345
4,0.3,VI,22,2.2572055635314956
4,0.3,VI,23,2.258170434811329
4,0.3,VI,24,2.187659860297726
4,0.3,VI,25,1.8480215251454446
4,0.3,VI,26,2.4467627350762347
4,0.3,VI,27,2.0553396167055835
4,0.3,VI,28,2.242551825771868
4,0.3,VI,29,2.063588475300395
4,0.3,VI,30,2.408436780262526
4,0.3,VI,31,2.1384124702026543
4,0.3,VI,32,1.8691676729129008
4,0.3,VI,33,2.316049569379778
4,0.3,VI,34,2.263940012979087
4,0.3,VI,35,2.3975747613363367
4,0.3,VI,36,2.1827696752417336
4,0.3,VI,37,2.3799788368235077
4,0.3,VI,38,1.8891662738849322
4,0.3,VI,39,2.398340993687539
4,0.3,VI,40,2.301352164537142
4,0.3,VI,41,2.40364040545682
4,0.3,VI,42,1.8564571243369767
4,0.3,VI,43,2.497515582557887
4,0.3,VI,44,1.7856858448154667
4,0.3,VI,45,1.9107824125923831
4,0.3,VI,46,2.585996146624725
4,0.3,VI,47,2.4746370846268277
4,0.3,VI,48,2.5092787547983946
4,0.3,VI,49,2.2668601681693064
4,0.5,SUB,0,0.23571522239184686
4,0.5,SUB,1,0.26602005504421444
4,0.5,SUB,2,0.2344892820994815
4,0.5,SUB,3,0.21826146689430695
4,0.5,SUB,4,0.22867952562824054
4,0.5,SUB,5,0.25846646489736996
4,0.5,SUB,6,0.24304063175966642
4,0.5,SUB,7,0.23725839596925152
4,0.5,SUB,8,0.1753064654016339
4,0.5,SUB,9,0.2373325273334768
4,0.5,SUB,10,0.27169321513381833
4,0.5,SUB,11,0.2717829649988984
4,0.5,SUB,12,0.27694578974942374
4,0.5,SUB,13,0.22207872686182212
4,0.5,SUB,14,0.2491942044936671
4,0.5,SUB,15,0.22026528138548607
4,0.5,SUB,16,0.19769008231654359
4,0.5,SUB,17,0.22139386065958794
4,0.5,SUB,18,0.2276568102071957
4,0.5,SUB,19,0.30416386561703596
4,0.5,SUB,20,0.23873377497194057
4,0.5,SUB,21,0.23110790954744112
4,0.5,SUB,22,0.21772429752293457
4,0.5,SUB,23,0.24884995833974982
4,0.5,SUB,24,0.23972367602301692
4,0.5,SUB,25,0.22039775373474432
4,0.5,SUB,26,0.2213016929576078
4,0.5,SUB,27,0.2774937106392415
4,0.5,SUB,28,0.24823165515106824
4,0.5,SUB,29,0.25216715267280154
4,0.5,SUB,30,0.22821396327356722
4,0.5,SUB,31,0.24262038493651358
4,0.5,SUB,32,0.22650820307923664
4,0.5,SUB,33,0.2543569084773272
4,0.5,SUB,34,0.25977684897080217
4,0.5,SUB,35,0.2279267165788356
4,0.5,SUB,36,0.20654836534865345
4,0.5,SUB,37,0.21204317870427175
4,0.5,SUB,38,0.27243193484531575
4,0.5,SUB,39,0.22058036888358806
4,0.5,SUB,40,0.29255665432578304
4,0.5,SUB,41,0.2715449160392186
4,0.5,SUB,42,0.22694439293360855
4,0.5,SUB,43,0.30697344166605534
4,0.5,SUB,44,0.27357749145751303
4,0.5,SUB,45,0.24647417068418606
4,0.5,SUB,46,0.24596689628706198
4,0.5,SUB,47,0.23467849151338732
4,0.5,SUB,48,0.25834667736420774
4,0.5,SUB,49,0.2653259424139091
4,0.5,VI,0,1.8294929762298662
4,0.5,VI,1,2.304628012732491
4,0.5,VI,2,2.403975024741074
4,0.5,VI,3,2.3599665312450675
4,0.5,VI,4,1.8709588643196973
4,0.5,VI,5,2.443861873075323
4,0.5,VI,6,1.6669918578565464
4,0.5,VI,7,2.4471499834768666
4,0.5,VI,8,2.1405623553928765
4,0.5,VI,9,2.1879816332452666
4,0.5,VI,10,2.1386456867266284
4,0.5,VI,11,2.3163253449832464
4,0.5,VI,12,2.2890526622274425
4,0.5,VI,13,2.587936217377927
4,0.5,VI,14,2.076079706341838
4,0.5,VI,15,2.0638533938787647
4,0.5,VI,16,2.258578954591372
4,0.5,VI,17,2.3999573533607066
4,0.5,VI,18,2.053849052201879
4,0.5,VI,19,1.8482287030148394
4,0.5,VI,20,1.7858839649914724
4,0.5,VI,21,2.73047074467894
4,0.5,VI,22,2.2000793863227375
4,0.5,VI,23,1.8094697793706056
4,0.5,VI,24,2.156469463845385
4,0.5,VI,25,2.209532240647347
4,0.5,VI,26,2.3583035728565096
4,0.5,VI,27,2.1365752699010008
4,0.5,VI,28,1.8694850647546106
4,0.5,VI,29,1.8894478715725895
4,0.5,VI,30,2.4979351726896164
4,0.5,VI,31,2.3234002076467157
4,0.5,VI,32,2.197579081619805
4,0.5,VI,33,2.408824738696766
4,0.5,VI,34,1.9109998610748609
4,0.5,VI,35,2.093058304610993
4,0.5,VI,36,2.0555101365624218
4,0.5,VI,37,2.3987239029782743
4,0.5,VI,38,2.007522216316541
4,0.5,VI,39,1.7971309993169402
4,0.5,VI,40,2.301662279188737
4,0.5,VI,41,2.111235855222324
4,0.5,VI,42,2.183080699273443
4,0.5,VI,43,1.9252614464087137
4,0.5,VI,44,1.9961048537936392
4,0.5,VI,45,2.2671479737873477
4,0.5,VI,46,2.2642964164720674
4,0.5,VI,47,2.2856719093459
4,0.5,VI,48,1.8043724717027863
4,0.5,VI,49,1.7230854787631251
4,0.7,SUB,0,0.2790494118382888
4,0.7,SUB,1,0.3068007237235987
4,0.7,SUB,2,0.2739521433377495
4,0.7,SUB,3,0.2473432969277264
4,0.7,SUB,4,0.21933687947229719
4,0.7,SUB,5,0.2665735807767145
4,0.7,SUB,6,0.23507328881479128
4,0.7,SUB,7,0.20138625594099285
4,0.7,SUB,8,0.33975447036618184
4,0.7,SUB,9,0.21280522992038184
4,0.7,SUB,10,0.27687618078537235
4,0.7,SUB,11,0.25908248396493294
4,0.7,SUB,12,0.2975392907238751
4,0.7,SUB,13,0.3226936244999279
4,0.7,SUB,14,0.26397389391779374
4,0.7,SUB,15,0.24754804206600364
4,0.7,SUB,16,0.23951200244052323
4,0.7,SUB,17,0.25899033837189694
4,0.7,SUB,18,0.29042476847790505
4,0.7,SUB,19,0.2286582471609003
4,0.7,SUB,20,0.2791717809768903
4,0.7,SUB,21,0.26884896970283856
4,0.7,SUB,22,0.2252148408910686
4,0.7,SUB,23,0.2352301573549739
4,0.7,SUB,24,0.2765595887275157
4,0.7,SUB,25,0.24442483366418047
4,0.7,SUB,26,0.3056979783968268
4,0.7,SUB,27,0.23231935385730518
4,0.7,SUB,28,0.3048461345557723
4,0.7,SUB,29,0.21173312065110161
4,0.7,SUB,30,0.24424663153358941
4,0.7,SUB,31,0.30786810785427804
4,0.7,SUB,32,0.2910145575066088
4,0.7,SUB,33,0.2433845494161051
4,0.7,SUB,34,0.25965167749296414
4,0.7,SUB,35,0.3160895438586752
4,0.7,SUB,36,0.2691576202353412
4,0.7,SUB,37,0.2864049788347384
4,0.7,SUB,38,0.24273804983957561
4,0.7,SUB,39,0.30010728234714407
4,0.7,SUB,40,0.21164937156287436
4,0.7,SUB,41,0.2859370327019581
4,0.7,SUB,42,0.2467494981785862
4,0.7,SUB,43,0.3080362760958763
4,0.7,SUB,44,0.24317318083753023
4,0.7,SUB,45,0.22948700873549677
4,0.7,SUB,46,0.23850844897432183
4,0.7,SUB,47,0.2709340167252649
4,0.7,SUB,48,0.2791957170196086
4,0.7,SUB,49,0.25270672683788065
4,0.7,VI,0,2.257478452025651
4,0.7,VI,1,2.443856992297264
4,0.7,VI,2,1.8294913501377055
4,0.7,VI,3,2.1886008779770707
4,0.7,VI,4,2.197572251487302
4,0.7,VI,5,1.8894453332169263
4,0.7,VI,6,1.7858808031830489
4,0.7,VI,7,2.403968444176827
4,0.7,VI,8,2.3046236247422844
4,0.7,VI,9,2.2066271816565246
4,0.7,VI,10,2.4088209395981144
4,0.7,VI,11,1.7230797472438066
4,0.7,VI,12,1.9960993206157487
4,0.7,VI,13,1.925260333851404
4,0.7,VI,14,1.6669899504777457
4,0.7,VI,15,2.063848608847867
4,0.7,VI,16,2.076073883957782
4,0.7,VI,17,2.285667498738354
4,0.7,VI,18,2.0538481744581545
4,0.7,VI,19,2.1365695894305974
4,0.7,VI,20,2.397862459166727
4,0.7,VI,21,2.1830759520871506
4,0.7,VI,22,2.37818643365218
4,0.7,VI,23,2.5863586319092793
4,0.7,VI,24,2.289051944474269
4,0.7,VI,25,2.358299657309164
4,0.7,VI,26,1.8043695308777312
4,0.7,VI,27,2.730465697891716
4,0.7,VI,28,1.8694818857897721
4,0.7,VI,29,2.3233946820582885
4,0.7,VI,30,2.35996126514683
4,0.7,VI,31,1.9109983821935272
4,0.7,VI,32,2.3140370729133375
4,0.7,VI,33,2.156464118681233
4,0.7,VI,34,2.0555047686763364
4,0.7,VI,35,2.0035538048093087
4,0.7,VI,36,2.3803390816797045
4,0.7,VI,37,1.7235654105551006
4,0.7,VI,38,2.0075187276773607
4,0.7,VI,39,1.7604045444739647
4,0.7,VI,40,2.3999500484290626
4,0.7,VI,41,2.267144162586204
4,0.7,VI,42,1.857636441984704
4,0.7,VI,43,2.316323495566002
4,0.7,VI,44,2.2851296939976233
4,0.7,VI,45,2.21541082591054
4,0.7,VI,46,2.209524186161939
4,0.7,VI,47,2.587929713096812
4,0.7,VI,48,1.7971302262526447
4,0.7,VI,49,1.8835932057758469
4,0.9,SUB,0,0.320346159493141
4,0.9,SUB,1,0.363090270497604
4,0.9,SUB,2,0.3599247009947619
4,0.9,SUB,3,0.3394341743753015
4,0.9,SUB,4,0.43865352116054723
4,0.9,SUB,5,0.32694680762945183
4,0.9,SUB,6,0.4042616612397893
4,0.9,SUB,7,0.34790521835006966
4,0.9,SUB,8,0.4026909480718466
4,0.9,SUB,9,0.3304586057928718
4,0.9,SUB,10,0.36549608742364437
4,0.9,SUB,11,0.36523881214356796
4,0.9,SUB,12,0.38490635526166
4,0.9,SUB,13,0.3826014381325237
4,0.9,SUB,14,0.39445723807560634
4,0.9,SUB,15,0.38696762456378725
4,0.9,SUB,16,0.2822237316895024
4,0.9,SUB,17,0.31274433352945097
4,0.9,SUB,18,0.38598891420863396
4,0.9,SUB,19,0.2952729835314399
4,0.9,SUB,20,0.3098182347052912
4,0.9,SUB,21,0.39801913565219865
4,0.9,SUB,22,0.3099892302080453
4,0.9,SUB,23,0.36377886562078127
4,0.9,SUB,24,0.43232880610800045
4,0.9,SUB,25,0.3340098372501278
4,0.9,SUB,26,0.4015869505935691
4,0.9,SUB,27,0.45110730444029684
4,0.9,SUB,28,0.31507640518249036
4,0.9,SUB,29,0.3468409547490491
4,0.9,SUB,30,0.25340987067153997
4,0.9,SUB,31,0.3252654846318988
4,0.9,SUB,32,0.3546286147717886
4,0.9,SUB,33,0.33495514218977684
4,0.9,SUB,34,0.3515356067612475
4,0.9,SUB,35,0.3900481114894631
4,0.9,SUB,36,0.4342747178252917
4,0.9,SUB,37,0.32148526786438886
4,0.9,SUB,38,0.29843779969658196
4,0.9,SUB,39,0.4623402753463211
4,0.9,SUB,40,0.317417351696909
4,0.9,SUB,41,0.3743833014032049
4,0.9,SUB,42,0.28529084669694094
4,0.9,SUB,43,0.39053402236957196
4,0.9,SUB,44,0.3218901316018075
4,0.9,SUB,45,0.33129382479247377
4,0.9,SUB,46,0.3272337055733359
4,0.9,SUB,47,0.3801298534967283
4,0.9,SUB,48,0.3609048902628275
4,0.9,SUB,49,0.33213496752031935
4,0.9,VI,0,1.8894010744598515
4,0.9,VI,1,2.288976854148447
4,0.9,VI,2,1.8567924069385917
4,0.9,VI,3,1.666963041269711
4,0.9,VI,4,2.2428439425123083
4,0.9,VI,5,2.188539355217565
4,0.9,VI,6,2.4087585436826386
4,0.9,VI,7,2.003498743079916
4,0.9,VI,8,2.58629474885857
4,0.9,VI,9,2.197499980382035
4,0.9,VI,10,2.2153659707637026
4,0.9,VI,11,2.380269674048348
4,0.9,VI,12,2.0074621912349397
4,0.9,VI,13,1.9252153934782903
4,0.9,VI,14,2.378114106336374
4,0.9,VI,15,2.4437667675671557
4,0.9,VI,16,2.2584931336537912
4,0.9,VI,17,1.809425253651343
4,0.9,VI,18,1.99605467712426
4,0.9,VI,19,2.053787350092211
4,0.9,VI,20,1.7603606489732608
4,0.9,VI,21,2.5878706992334735
4,0.9,VI,22,2.32332321887676
4,0.9,VI,23,1.8709132256561292
4,0.9,VI,24,2.285612695393503
4,0.9,VI,25,2.447068753132092
4,0.9,VI,26,2.4749413096860278
4,0.9,VI,27,2.200014321464365
4,0.9,VI,28,2.1564033254199617
4,0.9,VI,29,1.7235304851355104
4,0.9,VI,30,2.183017708948911
4,0.9,VI,31,2.358227365554927
4,0.9,VI,32,1.797095161291321
4,0.9,VI,33,2.730360024540945
4,0.9,VI,34,2.4039013545808627
4,0.9,VI,35,1.8043220298112344
4,0.9,VI,36,2.209477046274563
4,0.9,VI,37,1.7858484507019978
4,0.9,VI,38,2.3998730891461193
4,0.9,VI,39,2.243560566108046
4,0.9,VI,40,2.0637849116412244
4,0.9,VI,41,2.509585473292809
4,0.9,VI,42,2.13649927738892
4,0.9,VI,43,2.1405181209704702
4,0.9,VI,44,2.285046345688413
4,0.9,VI,45,2.3986423410410023
4,0.9,VI,46,1.8835528321765225
4,0.9,VI,47,2.3139804442886245
4,0.9,VI,48,2.093009188412324
4,0.9,VI,49,2.3162353677535052
4,1.0,SUB,0,0.336909642984852
4,1.0,SUB,1,0.3422329358143294
4,1.0,SUB,2,0.3069550308704891
4,1.0,SUB,3,0.3182585473098137
4,1.0,SUB,4,0.34351207677597184
4,1.0,SUB,5,0.2797143622696426
4,1.0,SUB,6,0.3511924864461941
4,1.0,SUB,7,0.3865803642963261
4,1.0,SUB,8,0.2698285977765175
4,1.0,SUB,9,0.36131393179984683
4,1.0,SUB,10,0.390791966769014
4,1.0,SUB,11,0.3553593156360856
4,1.0,SUB,12,0.40075789138391493
4,1.0,SUB,13,0.410820532023984
4,1.0,SUB,14,0.3822598018888249
4,1.0,SUB,15,0.32694715024681653
4,1.0,SUB,16,0.316886289689683
4,1.0,SUB,17,0.3685199840501303
4,1.0,SUB,18,0.3489440670680919
4,1.0,SUB,19,0.3724245297248925
4,1.0,SUB,20,0.3158939920008117
4,1.0,SUB,21,0.34672235129621254
4,1.0,SUB,22,0.3088447354221956
4,1.0,SUB,23,0.36953668679116214
4,1.0,SUB,24,0.35201332732364404
4,1.0,SUB,25,0.29065242210250886
4,1.0,SUB,26,0.2925732559124709
4,1.0,SUB,27,0.3214982869702721
4,1.0,SUB,28,0.3828868031313777
4,1.0,SUB,29,0.30777194391279483
4,1.0,SUB,30,0.3413780529106314
4,1.0,SUB,31,0.42698143773949304
4,1.0,SUB,32,0.4099961625358648
4,1.0,SUB,33,0.3744380694471903
4,1.0,SUB,34,0.3292271441061544
4,1.0,SUB,35,0.41677444919864315
4,1.0,SUB,36,0.3753148024653892
4,1.0,SUB,37,0.3574051300371551
4,1.0,SUB,38,0.36528770512938896
4,1.0,SUB,39,0.3583151575332674
4,1.0,SUB,40,0.33548853878141216
4,1.0,SUB,41,0.32612553326316246
4,1.0,SUB,42,0.29993475600598263
4,1.0,SUB,43,0.32788426099580137
4,1.0,SUB,44,0.38661904625743504
4,1.0,SUB,45,0.303442497800908
4,1.0,SUB,46,0.31624451487003813
4,1.0,SUB,47,0.34332237443746283
4,1.0,SUB,48,0.28769884965963244
4,1.0,SUB,49,0.3298303744626749
4,1.0,VI,0,2.3582908420483806
4,1.0,VI,1,2.730446079371121
4,1.0,VI,2,2.3999305766373262
4,1.0,VI,3,2.474982376402044
4,1.0,VI,4,1.797120066564811
4,1.0,VI,5,1.785871702599094
4,1.0,VI,6,2.5096537417281537
4,1.0,VI,7,1.870943889682241
4,1.0,VI,8,2.0638393134960027
4,1.0,VI,9,2.301641277667325
4,1.0,VI,10,1.86947718529046
4,1.0,VI,11,2.076052783316784
4,1.0,VI,12,2.0538411037314774
4,1.0,VI,13,1.7603955879643447
4,1.0,VI,14,2.316304911320615
4,1.0,VI,15,2.2671298806471767
4,1.0,VI,16,2.497921365716613
4,1.0,VI,17,2.408811011843411
4,1.0,VI,18,2.2000581916172632
4,1.0,VI,19,2.3046110854062665
4,1.0,VI,20,2.242883950858795
4,1.0,VI,21,2.4471233995193336
4,1.0,VI,22,2.378177082062477
4,1.0,VI,23,2.3140273122816106
4,1.0,VI,24,2.14054487614074
4,1.0,VI,25,2.055492663070615
4,1.0,VI,26,2.2890431260002644
4,1.0,VI,27,2.3803225361003313
4,1.0,VI,28,2.257456912319686
4,1.0,VI,29,2.187967406182319
4,1.0,VI,30,2.2095125654380197
4,1.0,VI,31,1.9109821555864381
4,1.0,VI,32,1.8294829962177295
4,1.0,VI,33,2.4438381287905404
4,1.0,VI,34,2.197553510991849
4,1.0,VI,35,1.7235588442641074
4,1.0,VI,36,1.925252307033422
4,1.0,VI,37,2.0075004024797862
4,1.0,VI,38,2.003543714807202
4,1.0,VI,39,1.889438186470211
4,1.0,VI,40,2.1885832228347195
4,1.0,VI,41,2.215401710845183
4,1.0,VI,42,2.2585492241791014
4,1.0,VI,43,2.3987085290405767
4,1.0,VI,44,1.6669830462024113
4,1.0,VI,45,2.1386356069130925
4,1.0,VI,46,2.183068181674585
4,1.0,VI,47,2.1112142628240056
4,1.0,VI,48,2.4039488924488532
4,1.0,VI,49,2.359950607644417
5,0.0,SUB,0,0.019275697212045792
5,0.0,SUB,1,0.04723145135656516
5,0.0,SUB,2,0.022541012449090687
5,0.0,SUB,3,0.018626440002000005
5,0.0,SUB,4,0.03463017278105969
5,0.0,SUB,5,0.020750848830958846
5,0.0,SUB,6,0.06430279688923322
5,0.0,SUB,7,0.03610116665461614
5,0.0,SUB,8,0.02051617818726094
5,0.0,SUB,9,0.022523412802184613
5,0.0,SUB,10,0.023240345751289766
5,0.0,SUB,11,0.026858402152524698
5,0.0,SUB,12,0.018446158832492836
5,0.0,SUB,13,0.05530064781476587
5,0.0,SUB,14,0.02431772709751374
5,0.0,SUB,15,0.03872256662592141
5,0.0,SUB,16,0.03887237593971263
5,0.0,SUB,17,0.05512461557023271
5,0.0,SUB,18,0.02320038730582578
5,0.0,SUB,19,0.05330212454762329
5,0.0,SUB,20,0.009890863586252225
5,0.0,SUB,21,0.009731155441637095
5,0.0,SUB,22,0.02638156219358091
5,0.0,SUB,23,0.03060308174116493
5,0.0,SUB,24,0.04029275843509103
5,0.0,SUB,25,0.018416928124170628
5,0.0,SUB,26,0.027768916566037187
5,0.0,SUB,27,0.026665645317067735
5,0.0,SUB,28,0.04250641016564301
5,0.0,SUB,29,0.032947661531634295
5,0.0,SUB,30,0.06116366166784208
5,0.0,SUB,31,0.022325629841566264
5,0.0,SUB,32,0.04133794886112421
5,0.0,SUB,33,0.01727248433997264
5,0.0,SUB,34,0.03285402732036822
5,0.0,SUB,35,0.018324186933679924
5,0.0,SUB,36,0.024926178264125083
5,0.0,SUB,37,0.04928844171340451
5,0.0,SUB,38,0.04185965461576946
5,0.0,SUB,39,0.03641375899736831
5,0.0,SUB,40,0.01581968380252746
5,0.0,SUB,41,0.02083653981739149
5,0.0,SUB,42,0.03816452354298156
5,0.0,SUB,43,0.028293501430634777
5,0.0,SUB,44,0.05597953178701552
5,0.0,SUB,45,0.05974962230532511
5,0.0,SUB,46,0.05395030599805999
5,0.0,SUB,47,0.03921086724971383
5,0.0,SUB,48,0.019489097495953556
5,0.0,SUB,49,0.027770177473932546
5,0.0,VI,0,1.9865492667599595e-05
5,0.0,VI,1,5.129973457677707e-05
5,0.0,VI,2,3.380228422579919e-06
5,0.0,VI,3,5.0680567495589464e-05
5,0.0,VI,4,1.1654385362850433e-05
5,0.0,VI,5,5.479035157090925e-05
5,0.0,VI,6,1.5464309192236802e-05
5,0.0,VI,7,2.9065078680984075e-05
5,0.0,VI,8,3.405899537702515e-05
5,0.0,VI,9,0.00018422815310549861
5,0.0,VI,10,6.210242992436235e-06
5,0.0,VI,11,4.7606030540405086e-06
5,0.0,VI,12,2.5338408531540957e-05
5,0.0,VI,13,5.710000300418384e-06
5,0.0,VI,14,5.4409277277855075e-05
5,0.0,VI,15,7.746974361331326e-06
5,0.0,VI,16,0.00042762974092643024
5,0.0,VI,17,5.267393128901953e-05
5,0.0,VI,18,1.6491937479444553e-05
5,0.0,VI,19,9.889880124410645e-05
5,0.0,VI,20,3.3256120186728484e-05
5,0.0,VI,21,0.0006816380378066995
5,0.0,VI,22,5.3087716485162754e-06
5,0.0,VI,23,3.499239163191684e-06
5,0.0,VI,24,4.0376369234745644e-05
5,0.0,VI,25,3.859444920018258e-05
5,0.0,VI,26,2.4201583325765683e-06
5,0.0,VI,27,6.964666076871454e-05
5,0.0,VI,28,1.788371415631702e-05
5,0.0,VI,29,3.61257466400395e-05
5,0.0,VI,30,2.1574952452247775e-05
5,0.0,VI,31,7.2221187637040845e-06
5,0.0,VI,32,1.608923585776171e-05
5,0.0,VI,33,4.217641439991443e-05
5,0.0,VI,34,1.4992277926806055e-05
5,0.0,VI,35,0.00045844401722188154
5,0.0,VI,36,5.674486437825961e-05
5,0.0,VI,37,0.0013403856614301306
5,0.0,VI,38,1.275169265410088e-05
5,0.0,VI,39,6.512610376957725e-05
5,0.0,VI,40,1.846513148751576e-05
5,0.0,VI,41,2.644496082444839e-05
5,0.0,VI,42,0.0009882541760031535
5,0.0,VI,43,5.601889161462851e-06
5,0.0,VI,44,4.952177986402077e-06
5,0.0,VI,45,7.721024915698685e-06
5,0.0,VI,46,0.0013836919585604249
5,0.0,VI,47,0.00041358592355697114
5,0.0,VI,48,1.3406204641685938e-05
5,0.0,VI,49,2.340340937805298e-06
5,0.01,SUB,0,0.026571197031056537
5,0.01,SUB,1,0.029503369018445302
5,0.01,SUB,2,0.027098115893347877
5,0.01,SUB,3,0.01201351305983433
5,0.01,SUB,4,0.02696491923720217
5,0.01,SUB,5,0.017217891270356157
5,0.01,SUB,6,0.023259000280572782
5,0.01,SUB,7,0.019069960612460784
5,0.01,SUB,8,0.024985150973278348
5,0.01,SUB,9,0.029190689263611604
5,0.01,SUB,10,0.030870028179782946
5,0.01,SUB,11,0.023576413840665774
5,0.01,SUB,12,0.020332489395377705
5,0.01,SUB,13,0.031194594628514268
5,0.01,SUB,14,0.024417710062920074
5,0.01,SUB,15,0.0419945195188517
5,0.01,SUB,16,0.03520179445551606
5,0.01,SUB,17,0.022265525147086507
5,0.01,SUB,18,0.02863942126857724
5,0.01,SUB,19,0.037923289967631765
5,0.01,SUB,20,0.03971721102286725
5,0.01,SUB,21,0.03030080402447187
5,0.01,SUB,22,0.021890046804764612
5,0.01,SUB,23,0.025583156643513787
5,0.01,SUB,24,0.02318412810672432
5,0.01,SUB,25,0.029766371658825827
5,0.01,SUB,26,0.031939342350444835
5,0.01,SUB,27,0.0159693665445153
5,0.01,SUB,28,0.025092162520984968
5,0.01,SUB,29,0.02984609529145112
5,0.01,SUB,30,0.021811138208308385
5,0.01,SUB,31,0.02549383466957517
5,0.01,SUB,32,0.02470365377467824
5,0.01,SUB,33,0.028597648266140484
5,0.01,SUB,34,0.022013732192037765
5,0.01,SUB,35,0.024103926483374172
5,0.01,SUB,36,0.02246094828104856
5,0.01,SUB,37,0.028660267208841808
5,0.01,SUB,38,0.03703526766119501
5,0.01,SUB,39,0.018591865867891244
5,0.01,SUB,40,0.02905722677067551
5,0.01,SUB,41,0.020699465923814143
5,0.01,SUB,42,0.026331160177810377
5,0.01,SUB,43,0.026143142235396096
5,0.01,SUB,44,0.037293179443906935
5,0.01,SUB,45,0.02625158284634892
5,0.01,SUB,46,0.023275087642064103
5,0.01,SUB,47,0.017683577301418663
5,0.01,SUB,48,0.019215536721531017
5,0.01,SUB,49,0.024800692787682387
5,0.01,VI,0,0.005501809130525046
5,0.01,VI,1,0.005229498310239382
5,0.01,VI,2,0.005146217919290682
5,0.01,VI,3,0.007431939923629995
5,0.01,VI,4,0.00463882583391575
5,0.01,VI,5,0.005213130926018841
5,0.01,VI,6,0.005121792606363497
5,0.01,VI,7,0.005323029707788364
5,0.01,VI,8,0.006040445492004127
5,0.01,VI,9,0.0070081035551981296
5,0.01,VI,10,0.0073987752734701465
5,0.01,VI,11,0.00545598102854144
5,0.01,VI,12,0.00533715272421981
5,0.01,VI,13,0.006135442895827308
5,0.01,VI,14,0.005081833514338848
5,0.01,VI,15,0.007139524252812
5,0.01,VI,16,0.00827153219356592
5,0.01,VI,17,0.006151598555252561
5,0.01,VI,18,0.005519257283348195
5,0.01,VI,19,0.006118136483431102
5,0.01,VI,20,0.007385182548139429
5,0.01,VI,21,0.006863722535947458
5,0.01,VI,22,0.004599541301639109
5,0.01,VI,23,0.0055252179697496745
5,0.01,VI,24,0.006385672608936559
5,0.01,VI,25,0.0058066270300768255
5,0.01,VI,26,0.005958324571254105
5,0.01,VI,27,0.006466607489501922
5,0.01,VI,28,0.005192348126417478
5,0.01,VI,29,0.005563724647373919
5,0.01,VI,30,0.004624261487998276
5,0.01,VI,31,0.005962406910217709
5,0.01,VI,32,0.006005439889776307
5,0.01,VI,33,0.005178978191154538
5,0.01,VI,34,0.005497541953122828
5,0.01,VI,35,0.0054315125877035285
5,0.01,VI,36,0.00603205470799529
5,0.01,VI,37,0.007191702807055099
5,0.01,VI,38,0.0070359350304047665
5,0.01,VI,39,0.00659031272266987
5,0.01,VI,40,0.008078020287020942
5,0.01,VI,41,0.007528418916606164
5,0.01,VI,42,0.005658621074398969
5,0.01,VI,43,0.006000095717071974
5,0.01,VI,44,0.0059578803989311915
5,0.01,VI,45,0.006031765966240037
5,0.01,VI,46,0.0047314067647543446
5,0.01,VI,47,0.005326934066512934
5,0.01,VI,48,0.005222116132408945
5,0.01,VI,49,0.005872595166338214
5,0.05,SUB,0,0.031407285321342376
5,0.05,SUB,1,0.05041496406025035
5,0.05,SUB,2,0.0271628876638159
5,0.05,SUB,3,0.04824435521380997
5,0.05,SUB,4,0.0538325523799893
5,0.05,SUB,5,0.03511754421315351
5,0.05,SUB,6,0.04141793910092848
5,0.05,SUB,7,0.05755835476418683
5,0.05,SUB,8,0.056213704109462824
5,0.05,SUB,9,0.05032646419184943
5,0.05,SUB,10,0.06806779762548165
5,0.05,SUB,11,0.08758690006868883
5,0.05,SUB,12,0.04240801845075006
5,0.05,SUB,13,0.0615197625226175
5,0.05,SUB,14,0.04539885923348068
5,0.05,SUB,15,0.04337663280104016
5,0.05,SUB,16,0.048253781949681315
5,0.05,SUB,17,0.03399933749898823
5,0.05,SUB,18,0.06814512774704737
5,0.05,SUB,19,0.03545287809196433
5,0.05,SUB,20,0.05887973220124633
5,0.05,SUB,21,0.041515699935620584
5,0.05,SUB,22,0.061257316392897894
5,0.05,SUB,23,0.07416142109548163
5,0.05,SUB,24,0.03529877381459546
5,0.05,SUB,25,0.0868649778539939
5,0.05,SUB,26,0.051559012958856856
5,0.05,SUB,27,0.07745955917793736
5,0.05,SUB,28,0.04255886119763038
5,0.05,SUB,29,0.061244301506760926
5,0.05,SUB,30,0.04003644183911757
5,0.05,SUB,31,0.04554142004692848
5,0.05,SUB,32,0.05539139635806067
5,0.05,SUB,33,0.0742540055315796
5,0.05,SUB,34,0.05418973831929308
5,0.05,SUB,35,0.022595166047070753
5,0.05,SUB,36,0.05438623970127001
5,0.05,SUB,37,0.042114120038647444
5,0.05,SUB,38,0.054131830830646405
5,0.05,SUB,39,0.06936766906913043
5,0.05,SUB,40,0.06088314218313926
5,0.05,SUB,41,0.05470453899019666
5,0.05,SUB,42,0.05122002920708778
5,0.05,SUB,43,0.06374980544360101
5,0.05,SUB,44,0.08238206534191539
5,0.05,SUB,45,0.027870314136730606
5,0.05,SUB,46,0.035250768361682464
5,0.05,SUB,47,0.04848948598371137
5,0.05,SUB,48,0.02634952386565759
5,0.05,SUB,49,0.03506394649268126
5,0.05,VI,0,1.616237487417041
5,0.05,VI,1,1.31284951119536
5,0.05,VI,2,1.876572305077347
5,0.05,VI,3,1.8584410761508938
5,0.05,VI,4,2.0896623850596665
5,0.05,VI,5,1.8286373625091605
5,0.05,VI,6,1.7974971880479582
5,0.05,VI,7,1.660067440872146
5,0.05,VI,8,1.988705302812833
5,0.05,VI,9,1.7387631714900935
5,0.05,VI,10,1.9775351480295837
5,0.05,VI,11,1.8576123745341344
5,0.05,VI,12,1.7629435512252531
5,0.05,VI,13,1.885964964946154
5,0.05,VI,14,1.8266288954512109
5,0.05,VI,15,2.0213672418603736
5,0.05,VI,16,1.9177071470531195
5,0.05,VI,17,1.8333782174728714
5,0.05,VI,18,1.4454452211666284
5,0.05,VI,19,1.7620719028724594
5,0.05,VI,20,1.6123075020641688
5,0.05,VI,21,1.7623204479322638
5,0.05,VI,22,1.5762444689031514
5,0.05,VI,23,1.554341391623661
5,0.05,VI,24,1.9586982180350072
5,0.05,VI,25,1.6744128584408187
5,0.05,VI,26,1.751038917833609
5,0.05,VI,27,1.8268130258831148
5,0.05,VI,28,1.9179570628859426
5,0.05,VI,29,1.7599981209638422
5,0.05,VI,30,1.9218080554344839
5,0.05,VI,31,2.0477644192408078
5,0.05,VI,32,1.7076080901771475
5,0.05,VI,33,2.210126041335226
5,0.05,VI,34,1.8641938895954326
5,0.05,VI,35,1.9270474120212058
5,0.05,VI,36,2.285439423658822
5,0.05,VI,37,1.9121898010465488
5,0.05,VI,38,1.6690667363431317
5,0.05,VI,39,1.139173139617437
5,0.05,VI,40,1.6842666306092593
5,0.05,VI,41,1.8456015876494478
5,0.05,VI,42,2.0074903523242584
5,0.05,VI,43,2.052770566277067
5,0.05,VI,44,2.074482787750464
5,0.05,VI,45,1.765775453584517
5,0.05,VI,46,2.3484993234515232
5,0.05,VI,47,1.868877008381449
5,0.05,VI,48,1.6753491427744327
5,0.05,VI,49,2.069604115075357
5,0.1,SUB,0,0.04356109529884028
5,0.1,SUB,1,0.07372728633890883
5,0.1,SUB,2,0.0783336258964967
5,0.1,SUB,3,0.03219140188322457
5,0.1,SUB,4,0.09579215697436713
5,0.1,SUB,5,0.08677300279290327
5,0.1,SUB,6,0.03380018242790627
5,0.1,SUB,7,0.0790986384907649
5,0.1,SUB,8,0.0636535941585698
5,0.1,SUB,9,0.07663199122726827
5,0.1,SUB,10,0.04895476438026398
5,0.1,SUB,11,0.0573473591061038
5,0.1,SUB,12,0.0743101693574198
5,0.1,SUB,13,0.04982012322425824
5,0.1,SUB,14,0.06706800752717207
5,0.1,SUB,15,0.06676420619321077
5,0.1,SUB,16,0.03417204598824105
5,0.1,SUB,17,0.08525012054594593
5,0.1,SUB,18,0.09340904392616707
5,0.1,SUB,19,0.04729853015998918
5,0.1,SUB,20,0.08275391679370937
5,0.1,SUB,21,0.051400557669741616
5,0.1,SUB,22,0.03547151973777363
5,0.1,SUB,23,0.061152569046817186
5,0.1,SUB,24,0.08583168133309466
5,0.1,SUB,25,0.04101542229351047
5,0.1,SUB,26,0.07733124257061075
5,0.1,SUB,27,0.045637314150545234
5,0.1,SUB,28,0.09859444848129598
5,0.1,SUB,29,0.06299893971485891
5,0.1,SUB,30,0.042169071415668766
5,0.1,SUB,31,0.09963107061032768
5,0.1,SUB,32,0.042646125945510316
5,0.1,SUB,33,0.05730668682657716
5,0.1,SUB,34,0.07971026245651187
5,0.1,SUB,35,0.038160015801923464
5,0.1,SUB,36,0.05306237392917769
5,0.1,SUB,37,0.08440424685108823
5,0.1,SUB,38,0.047636477235980995
5,0.1,SUB,39,0.07561079032445012
5,0.1,SUB,40,0.09325442810049264
5,0.1,SUB,41,0.044864887754089484
5,0.1,SUB,42,0.05274534591190208
5,0.1,SUB,43,0.04211868267856268
5,0.1,SUB,44,0.03781619298555462
5,0.1,SUB,45,0.0787182737151295
5,0.1,SUB,46,0.043901867481709454
5,0.1,SUB,47,0.04436539080085408
5,0.1,SUB,48,0.05284993179097835
5,0.1,SUB,49,0.0922304643700352
5,0.1,VI,0,2.3064306771897285
5,0.1,VI,1,1.671565315072945
5,0.1,VI,2,1.9802053630750018
5,0.1,VI,3,1.9235961109712056
5,0.1,VI,4,1.7833416910958373
5,0.1,VI,5,1.9529406532937261
5,0.1,VI,6,1.931156834680357
5,0.1,VI,7,1.9139407577468446
5,0.1,VI,8,1.8702401252704657
5,0.1,VI,9,2.0455487004450723
5,0.1,VI,10,2.0045126520748777
5,0.1,VI,11,1.9202278709344298
5,0.1,VI,12,1.7870276552915856
5,0.1,VI,13,1.6093537153485715
5,0.1,VI,14,1.9567896018633673
5,0.1,VI,15,1.859652102990052
5,0.1,VI,16,1.8909456609801765
5,0.1,VI,17,1.8916362471866934
5,0.1,VI,18,1.4501310045013058
5,0.1,VI,19,1.7878321471160288
5,0.1,VI,20,2.148248560726586
5,0.1,VI,21,1.8476497960704437
5,0.1,VI,22,2.0253883348610744
5,0.1,VI,23,1.850334656995901
5,0.1,VI,24,2.081270879736704
5,0.1,VI,25,1.851008826560642
5,0.1,VI,26,2.167573151122841
5,0.1,VI,27,2.361959374893453
5,0.1,VI,28,1.391613947222399
5,0.1,VI,29,1.8704462907125299
5,0.1,VI,30,1.9762429722145052
5,0.1,VI,31,1.8265072237063742
5,0.1,VI,32,1.8211947819232197
5,0.1,VI,33,1.915995084063457
5,0.1,VI,34,2.093783680465491
5,0.1,VI,35,1.8405142099730931
5,0.1,VI,36,2.3618629786092353
5,0.1,VI,37,1.757694615077708
5,0.1,VI,38,2.0520923153562136
5,0.1,VI,39,1.9701964086248034
5,0.1,VI,40,1.5134348129639639
5,0.1,VI,41,1.923152373952682
5,0.1,VI,42,1.786657045676192
5,0.1,VI,43,1.8301400121405724
5,0.1,VI,44,2.31717901040637
5,0.1,VI,45,2.0904704346672554
5,0.1,VI,46,2.2998870877944335
5,0.1,VI,47,2.3746763843326777
5,0.1,VI,48,2.029377039509796
5,0.1,VI,49,1.674292913740375
5,0.3,SUB,0,0.1382044691496192
5,0.3,SUB,1,0.14835301106657572
5,0.3,SUB,2,0.13537211828402404
5,0.3,SUB,3,0.14762865689693017
5,0.3,SUB,4,0.17705702355856306
5,0.3,SUB,5,0.13477885778209828
5,0.3,SUB,6,0.13374977975212682
5,0.3,SUB,7,0.11126411153649403
5,0.3,SUB,8,0.11376920980331418
5,0.3,SUB,9,0.1147942470436878
5,0.3,SUB,10,0.13038000200670039
5,0.3,SUB,11,0.16204277770188039
5,0.3,SUB,12,0.0971604720239332
5,0.3,SUB,13,0.14012290736918895
5,0.3,SUB,14,0.15091187581193657
5,0.3,SUB,15,0.1110509306678702
5,0.3,SUB,16,0.1695910971751631
5,0.3,SUB,17,0.12806430736096328
5,0.3,SUB,18,0.15474313962251768
5,0.3,SUB,19,0.12887051335062616
5,0.3,SUB,20,0.10610340180725385
5,0.3,SUB,21,0.08950209116233435
5,0.3,SUB,22,0.15626369877105825
5,0.3,SUB,23,0.08093824007995899
5,0.3,SUB,24,0.12866008756742853
5,0.3,SUB,25,0.08562585584939889
5,0.3,SUB,26,0.12088922996191019
5,0.3,SUB,27,0.09619012232442703
5,0.3,SUB,28,0.0948127333049877
5,0.3,SUB,29,0.09965662228626049
5,0.3,SUB,30,0.07789761122724811
5,0.3,SUB,31,0.11263454228905898
5,0.3,SUB,32,0.135215410243803
5,0.3,SUB,33,0.1487279131414391
5,0.3,SUB,34,0.10313402257778236
5,0.3,SUB,35,0.16706392525231628
5,0.3,SUB,36,0.15326290473246784
5,0.3,SUB,37,0.10926275632772428
5,0.3,SUB,38,0.15172534005526828
5,0.3,SUB,39,0.16801305703062633
5,0.3,SUB,40,0.15186171864247744
5,0.3,SUB,41,0.1436951049014761
5,0.3,SUB,42,0.11561827392004935
5,0.3,SUB,43,0.18797251216030952
5,0.3,SUB,44,0.12878917587678612
5,0.3,SUB,45,0.1457324972220988
5,0.3,SUB,46,0.10706240859208069
5,0.3,SUB,47,0.09742336180736746
5,0.3,SUB,48,0.1643262319527559
5,0.3,SUB,49,0.10461528263933703
5,0.3,VI,0,2.0293767703582604
5,0.3,VI,1,1.9202247985444274
5,0.3,VI,2,1.8596486388079136
5,0.3,VI,3,2.309067966817724
5,0.3,VI,4,2.1974666186029834
5,0.3,VI,5,1.6742933900138544
5,0.3,VI,6,1.9364586577545053
5,0.3,VI,7,1.8763367335650938
5,0.3,VI,8,2.0736916246488657
5,0.3,VI,9,1.915995000331826
5,0.3,VI,10,1.850334937901777
5,0.3,VI,11,2.3171774686617614
5,0.3,VI,12,1.9013003082608835
5,0.3,VI,13,1.8211937612954976
5,0.3,VI,14,1.516775086823766
5,0.3,VI,15,1.7870279570988639
5,0.3,VI,16,1.9762418203351202
5,0.3,VI,17,1.7576945918204443
5,0.3,VI,18,2.0808170123731498
5,0.3,VI,19,2.1482446648534905
5,0.3,VI,20,1.9701931052099029
5,0.3,VI,21,1.7451109739675061
5,0.3,VI,22,2.0812707767860203
5,0.3,VI,23,1.9266576052284528
5,0.3,VI,24,2.090466952804554
5,0.3,VI,25,2.1032048021763736
5,0.3,VI,26,1.8704427914112123
5,0.3,VI,27,1.9311568150850063
5,0.3,VI,28,1.9261256754073015
5,0.3,VI,29,1.450131144691767
5,0.3,VI,30,1.8301398717860868
5,0.3,VI,31,1.7878319101795506
5,0.3,VI,32,2.058274038708797
5,0.3,VI,33,1.6715639689408006
5,0.3,VI,34,2.3571173435944224
5,0.3,VI,35,2.045548121112332
5,0.3,VI,36,1.8265033451301453
5,0.3,VI,37,2.3618630549547097
5,0.3,VI,38,1.8476489592465146
5,0.3,VI,39,1.891635960490705
5,0.3,VI,40,1.9231512889536204
5,0.3,VI,41,1.9567893219321997
5,0.3,VI,42,2.3064282229254935
5,0.3,VI,43,2.0045101849926765
5,0.3,VI,44,1.6878456797263133
5,0.3,VI,45,1.7833364825251665
5,0.3,VI,46,2.299884232688858
5,0.3,VI,47,1.8909455340961265
5,0.3,VI,48,1.6907642129041245
5,0.3,VI,49,1.8702360338677708
5,0.5,SUB,0,0.21730682417749367
5,0.5,SUB,1,0.19251349650796357
5,0.5,SUB,2,0.179732776807264
5,0.5,SUB,3,0.23345828325460452
5,0.5,SUB,4,0.1448764358008732
5,0.5,SUB,5,0.14746650904701875
5,0.5,SUB,6,0.1516816431510106
5,0.5,SUB,7,0.18500103057794012
5,0.5,SUB,8,0.20221873833539686
5,0.5,SUB,9,0.15682868148118204
5,0.5,SUB,10,0.2215610877438072
5,0.5,SUB,11,0.1954844348474284
5,0.5,SUB,12,0.14994276160157818
5,0.5,SUB,13,0.1824686256583475
5,0.5,SUB,14,0.1565036024079819
5,0.5,SUB,15,0.17027550932337324
5,0.5,SUB,16,0.22090205328014298
5,0.5,SUB,17,0.17953461111157284
5,0.5,SUB,18,0.16670996622497475
5,0.5,SUB,19,0.20513378826166237
5,0.5,SUB,20,0.1938762595001804
5,0.5,SUB,21,0.20575123326408806
5,0.5,SUB,22,0.15742852422885584
5,0.5,SUB,23,0.15775483636031162
5,0.5,SUB,24,0.1888949799962438
5,0.5,SUB,25,0.18072586389228773
5,0.5,SUB,26,0.2295693469211171
5,0.5,SUB,27,0.20386270687721647
5,0.5,SUB,28,0.17911947915992973
5,0.5,SUB,29,0.17283697113691573
5,0.5,SUB,30,0.15384967713600833
5,0.5,SUB,31,0.1607533775769414
5,0.5,SUB,32,0.17887341501678913
5,0.5,SUB,33,0.21430127428762036
5,0.5,SUB,34,0.18117773961101874
5,0.5,SUB,35,0.22308427914057746
5,0.5,SUB,36,0.17060880419278926
5,0.5,SUB,37,0.1826323262740254
5,0.5,SUB,38,0.15682179229334653
5,0.5,SUB,39,0.12844875882339027
5,0.5,SUB,40,0.19048991635802415
5,0.5,SUB,41,0.17929389907431398
5,0.5,SUB,42,0.1548230449515446
5,0.5,SUB,43,0.1510061244820454
5,0.5,SUB,44,0.22163864846329712
5,0.5,SUB,45,0.1504674603737497
5,0.5,SUB,46,0.1474768246817861
5,0.5,SUB,47,0.16156078827868953
5,0.5,SUB,48,0.22063875659658502
5,0.5,SUB,49,0.1650135434016181
5,0.5,VI,0,1.9231101402360489
5,0.5,VI,1,1.7450675973383272
5,0.5,VI,2,2.3746197479258897
5,0.5,VI,3,2.1974224330089402
5,0.5,VI,4,1.8509571437356027
5,0.5,VI,5,1.936405851035686
5,0.5,VI,6,2.299836497603759
5,0.5,VI,7,2.3090066534113514
5,0.5,VI,8,2.103149311620983
5,0.5,VI,9,2.052033169566633
5,0.5,VI,10,1.8596095880643133
5,0.5,VI,11,1.7576514575585962
5,0.5,VI,12,1.8701837216356032
5,0.5,VI,13,1.671523550196342
5,0.5,VI,14,1.8300975057478022
5,0.5,VI,15,1.3915708812268344
5,0.5,VI,16,1.8087973121053467
5,0.5,VI,17,2.3063703796030697
5,0.5,VI,18,1.9266155462028636
5,0.5,VI,19,1.1434296024566803
5,0.5,VI,20,2.081214836272376
5,0.5,VI,21,2.167524368223938
5,0.5,VI,22,1.952893979930812
5,0.5,VI,23,2.3618047140334864
5,0.5,VI,24,2.1481949476865356
5,0.5,VI,25,2.09372346922336
5,0.5,VI,26,1.9761964749020842
5,0.5,VI,27,1.7832957585121303
5,0.5,VI,28,1.8264574466273629
5,0.5,VI,29,2.029325455448152
5,0.5,VI,30,1.8703936375744823
5,0.5,VI,31,1.9159500217845762
5,0.5,VI,32,2.0582280939433164
5,0.5,VI,33,1.9801622141326067
5,0.5,VI,34,1.9012373672842617
5,0.5,VI,35,2.0044681845921013
5,0.5,VI,36,1.9567427789273384
5,0.5,VI,37,1.674235284386384
5,0.5,VI,38,1.92608175508886
5,0.5,VI,39,1.7866115116174481
5,0.5,VI,40,1.9235488137021313
5,0.5,VI,41,1.8475972204569324
5,0.5,VI,42,2.025342110477971
5,0.5,VI,43,1.8651223139380193
5,0.5,VI,44,1.5167349162712649
5,0.5,VI,45,2.0736450036440557
5,0.5,VI,46,1.6878059001765497
5,0.5,VI,47,1.9311066551369354
5,0.5,VI,48,2.317119053258158
5,0.5,VI,49,2.357064723395654
5,0.7,SUB,0,0.22494442547053503
5,0.7,SUB,1,0.279214205725709
5,0.7,SUB,2,0.2705197418016085
5,0.7,SUB,3,0.24424816461450943
5,0.7,SUB,4,0.27223054747853304
5,0.7,SUB,5,0.194161154388785
5,0.7,SUB,6,0.23971029871024366
5,0.7,SUB,7,0.2845685852231005
5,0.7,SUB,8,0.257881179385332
5,0.7,SUB,9,0.2111684201350782
5,0.7,SUB,10,0.24914330217059386
5,0.7,SUB,11,0.23577856437977693
5,0.7,SUB,12,0.22320055508877024
5,0.7,SUB,13,0.24497578149329077
5,0.7,SUB,14,0.24168518990862847
5,0.7,SUB,15,0.2930102466948085
5,0.7,SUB,16,0.2505530439915422
5,0.7,SUB,17,0.2294864593697163
5,0.7,SUB,18,0.21460656971605707
5,0.7,SUB,19,0.26009617664012696
5,0.7,SUB,20,0.30436370674347785
5,0.7,SUB,21,0.2680614488679012
5,0.7,SUB,22,0.2853666539809736
5,0.7,SUB,23,0.264480382738071
5,0.7,SUB,24,0.2823979656549718
5,0.7,SUB,25,0.23648436026909733
5,0.7,SUB,26,0.2491294578595148
5,0.7,SUB,27,0.28812464106508456
5,0.7,SUB,28,0.19484800806481709
5,0.7,SUB,29,0.21987320579703043
5,0.7,SUB,30,0.2391522499034254
5,0.7,SUB,31,0.21997599423012507
5,0.7,SUB,32,0.25596690202992123
5,0.7,SUB,33,0.2696906621364396
5,0.7,SUB,34,0.2776342959048023
5,0.7,SUB,35,0.18997268377745052
5,0.7,SUB,36,0.24451477419006828
5,0.7,SUB,37,0.2322237825227709
5,0.7,SUB,38,0.2776985302566731
5,0.7,SUB,39,0.17210731998204815
5,0.7,SUB,40,0.2319136915934522
5,0.7,SUB,41,0.2615137154909354
5,0.7,SUB,42,0.21697770833329103
5,0.7,SUB,43,0.2767488946819926
5,0.7,SUB,44,0.23372458984027514
5,0.7,SUB,45,0.23779734655102447
5,0.7,SUB,46,0.20216845649698842
5,0.7,SUB,47,0.2611020004245489
5,0.7,SUB,48,0.24607375488940397
5,0.7,SUB,49,0.19475076901806787
5,0.7,VI,0,1.516747831457623
5,0.7,VI,1,2.045522465349353
5,0.7,VI,2,1.891609413918572
5,0.7,VI,3,1.847622043543313
5,0.7,VI,4,1.9801822288634534
5,0.7,VI,5,1.9701667191928758
5,0.7,VI,6,1.787803454925239
5,0.7,VI,7,1.7833158577040886
5,0.7,VI,8,2.1482243159373104
5,0.7,VI,9,1.8509800527275944
5,0.7,VI,10,1.9139147904881135
5,0.7,VI,11,1.6878162317207235
5,0.7,VI,12,1.5134038290940068
5,0.7,VI,13,1.6093231827589696
5,0.7,VI,14,2.317149743758827
5,0.7,VI,15,1.976215982635341
5,0.7,VI,16,2.081243886643204
5,0.7,VI,17,1.7450815368721324
5,0.7,VI,18,1.6715386473005618
5,0.7,VI,19,2.0736648382179657
5,0.7,VI,20,2.197444095726657
5,0.7,VI,21,1.9159682983453572
5,0.7,VI,22,1.920201991933436
5,0.7,VI,23,2.167548279497905
5,0.7,VI,24,1.9567629621516753
5,0.7,VI,25,1.9353721544806068
5,0.7,VI,26,2.0937537319124835
5,0.7,VI,27,1.859625101998044
5,0.7,VI,28,1.3915829895932539
5,0.7,VI,29,1.9311267509147934
5,0.7,VI,30,1.9529153390720178
5,0.7,VI,31,2.103177678098046
5,0.7,VI,32,2.3570911014064375
5,0.7,VI,33,1.7576676708120988
5,0.7,VI,34,1.9231253487716113
5,0.7,VI,35,1.9012671973396715
5,0.7,VI,36,1.8211659443990866
5,0.7,VI,37,1.1434377206054025
5,0.7,VI,38,2.090447951369807
5,0.7,VI,39,1.8404867434406282
5,0.7,VI,40,1.865149393655541
5,0.7,VI,41,2.374651217370932
5,0.7,VI,42,1.9364318323807217
5,0.7,VI,43,2.0807922841050996
5,0.7,VI,44,2.306403570501074
5,0.7,VI,45,2.058248168591588
5,0.7,VI,46,1.674262699755219
5,0.7,VI,47,2.3619346457165964
5,0.7,VI,48,1.8264836775760074
5,0.7,VI,49,1.7869989578343948
5,0.9,SUB,0,0.30485947758905546
5,0.9,SUB,1,0.3262789896552874
5,0.9,SUB,2,0.2884443112804367
5,0.9,SUB,3,0.3567358518554557
5,0.9,SUB,4,0.39038439528053387
5,0.9,SUB,5,0.2802818337130939
5,0.9,SUB,6,0.3413678782313907
5,0.9,SUB,7,0.3068516665038505
5,0.9,SUB,8,0.37248961169616845
5,0.9,SUB,9,0.3092971988808259
5,0.9,SUB,10,0.35598089493286705
5,0.9,SUB,11,0.2777183938741854
5,0.9,SUB,12,0.2773629345804814
5,0.9,SUB,13,0.4061348313767624
5,0.9,SUB,14,0.274167911334174
5,0.9,SUB,15,0.3519317923425065
5,0.9,SUB,16,0.2691989038643074
5,0.9,SUB,17,0.3359842944515231
5,0.9,SUB,18,0.341505278540514
5,0.9,SUB,19,0.30981314651405933
5,0.9,SUB,20,0.45122904857487117
5,0.9,SUB,21,0.32901648196249345
5,0.9,SUB,22,0.3118342628543944
5,0.9,SUB,23,0.3406555612048055
5,0.9,SUB,24,0.28870796616042665
5,0.9,SUB,25,0.24751434000881592
5,0.9,SUB,26,0.33371952232445196
5,0.9,SUB,27,0.3290938532749619
5,0.9,SUB,28,0.27496865391420483
5,0.9,SUB,29,0.4115730845096389
5,0.9,SUB,30,0.415804614345809
5,0.9,SUB,31,0.3146160900460324
5,0.9,SUB,32,0.29490550781746194
5,0.9,SUB,33,0.25535274966964766
5,0.9,SUB,34,0.37139840238864497
5,0.9,SUB,35,0.2686430636845741
5,0.9,SUB,36,0.3181984605672744
5,0.9,SUB,37,0.42457394612863164
5,0.9,SUB,38,0.37300753300490913
5,0.9,SUB,39,0.4002295815444488
5,0.9,SUB,40,0.3761465204424799
5,0.9,SUB,41,0.39662246135264634
5,0.9,SUB,42,0.37493148991202196
5,0.9,SUB,43,0.3092389002272161
5,0.9,SUB,44,0.3994066046382002
5,0.9,SUB,45,0.30790933262170683
5,0.9,SUB,46,0.313431436224878
5,0.9,SUB,47,0.3100653315195251
5,0.9,SUB,48,0.3363947866880389
5,0.9,SUB,49,0.36478376082024855
5,0.9,VI,0,1.8509979816166646
5,0.9,VI,1,1.7576811240458676
5,0.9,VI,2,1.5134239476240723
5,0.9,VI,3,1.913930862934905
5,0.9,VI,4,1.9801916704196383
5,0.9,VI,5,2.1482347501883226
5,0.9,VI,6,2.080805425388121
5,0.9,VI,7,1.8503216523383152
5,0.9,VI,8,1.690754515185232
5,0.9,VI,9,1.956776041025652
5,0.9,VI,10,2.0045000028229083
5,0.9,VI,11,1.826495600781075
5,0.9,VI,12,1.936448184672799
5,0.9,VI,13,1.9012879814146635
5,0.9,VI,14,1.830124972836878
5,0.9,VI,15,2.306415339155197
5,0.9,VI,16,1.890930607193752
5,0.9,VI,17,1.8476402041020143
5,0.9,VI,18,1.876325424534378
5,0.9,VI,19,2.081256916584293
5,0.9,VI,20,2.3171642791009894
5,0.9,VI,21,1.674280888894811
5,0.9,VI,22,1.7878183653432305
5,0.9,VI,23,1.7870158942935486
5,0.9,VI,24,1.9529250597754755
5,0.9,VI,25,1.8651660762591895
5,0.9,VI,26,2.3090519891702184
5,0.9,VI,27,1.8704364881319335
5,0.9,VI,28,2.029364069418253
5,0.9,VI,29,2.1974553087830513
5,0.9,VI,30,1.808834189782189
5,0.9,VI,31,1.4501201352534219
5,0.9,VI,32,1.6715548098398125
5,0.9,VI,33,1.9159792433884602
5,0.9,VI,34,1.5167683052825953
5,0.9,VI,35,1.68783025822661
5,0.9,VI,36,2.0736765035846325
5,0.9,VI,37,2.167558860259813
5,0.9,VI,38,2.3618463639022775
5,0.9,VI,39,2.1031938178261673
5,0.9,VI,40,1.9235840856869508
5,0.9,VI,41,1.9231403073879354
5,0.9,VI,42,1.9701857660887254
5,0.9,VI,43,1.9202155885899588
5,0.9,VI,44,1.8596393531021504
5,0.9,VI,45,2.0520771933033655
5,0.9,VI,46,2.090456458271041
5,0.9,VI,47,1.9311403984133124
5,0.9,VI,48,2.3571005604718502
5,0.9,VI,49,1.7450985642328172
5,1.0,SUB,0,0.3386179071409947
5,1.0,SUB,1,0.31764725861545434
5,1.0,SUB,2,0.2962861606070842
5,1.0,SUB,3,0.3592759785429007
5,1.0,SUB,4,0.3478620223907912
5,1.0,SUB,5,0.35869755655180713
5,1.0,SUB,6,0.30419064725719674
5,1.0,SUB,7,0.3276237076321669
5,1.0,SUB,8,0.311771018000437
5,1.0,SUB,9,0.3896975046158893
5,1.0,SUB,10,0.4130182350859893
5,1.0,SUB,11,0.2725502225355939
5,1.0,SUB,12,0.31804493090537483
5,1.0,SUB,13,0.36189180439100943
5,1.0,SUB,14,0.29339359113217045
5,1.0,SUB,15,0.3128047952061951
5,1.0,SUB,16,0.43397924691319795
5,1.0,SUB,17,0.3428855759176676
5,1.0,SUB,18,0.33696711417662756
5,1.0,SUB,19,0.265894039697105
5,1.0,SUB,20,0.27851257181162326
5,1.0,SUB,21,0.33749273304062527
5,1.0,SUB,22,0.2898513236845832
5,1.0,SUB,23,0.391110656792175
5,1.0,SUB,24,0.37513554490106166
5,1.0,SUB,25,0.3778344018341235
5,1.0,SUB,26,0.3811008502013567
5,1.0,SUB,27,0.3804967172835535
5,1.0,SUB,28,0.2563192194347959
5,1.0,SUB,29,0.3764857633076094
5,1.0,SUB,30,0.3125475977797643
5,1.0,SUB,31,0.3030447228602335
5,1.0,SUB,32,0.33098481408671043
5,1.0,SUB,33,0.2800730229003993
5,1.0,SUB,34,0.4004470087167241
5,1.0,SUB,35,0.3139959290540724
5,1.0,SUB,36,0.32339676528434097
5,1.0,SUB,37,0.3220891681090549
5,1.0,SUB,38,0.39742168185807536
5,1.0,SUB,39,0.35620331816118944
5,1.0,SUB,40,0.3895544411659577
5,1.0,SUB,41,0.3995365509029858
5,1.0,SUB,42,0.34551778437570285
5,1.0,SUB,43,0.3675890479392786
5,1.0,SUB,44,0.3770412484427982
5,1.0,SUB,45,0.2860389273619031
5,1.0,SUB,46,0.36950630101505605
5,1.0,SUB,47,0.2748999682820262
5,1.0,SUB,48,0.3712022278671968
5,1.0,SUB,49,0.35435476124000415
5,1.0,VI,0,2.103187617405622
5,1.0,VI,1,2.2998705720747243
5,1.0,VI,2,1.8301281528912117
5,1.0,VI,3,1.8211803332502867
5,1.0,VI,4,1.7576832055688283
5,1.0,VI,5,2.004501375206696
5,1.0,VI,6,1.9801908229305203
5,1.0,VI,7,2.073676800286807
5,1.0,VI,8,1.9364474668661735
5,1.0,VI,9,1.9529242401168974
5,1.0,VI,10,1.8264939746397364
5,1.0,VI,11,1.850996241583512
5,1.0,VI,12,1.5167680697734272
5,1.0,VI,13,1.7833247584142178
5,1.0,VI,14,1.671557662702535
5,1.0,VI,15,1.6878337287161045
5,1.0,VI,16,2.0808045474575656
5,1.0,VI,17,2.0937673594773263
5,1.0,VI,18,2.3571005073968085
5,1.0,VI,19,2.3618435671389686
5,1.0,VI,20,1.7870123184230662
5,1.0,VI,21,1.9159818006298526
5,1.0,VI,22,1.8702254960897353
5,1.0,VI,23,1.8088329179679254
5,1.0,VI,24,2.0520749310814885
5,1.0,VI,25,2.0582603290622234
5,1.0,VI,26,1.9567774695663769
5,1.0,VI,27,2.0904541218262414
5,1.0,VI,28,1.9235807691111557
5,1.0,VI,29,2.306411400863189
5,1.0,VI,30,1.7878207058724105
5,1.0,VI,31,1.9139281955743601
5,1.0,VI,32,1.5134227960162543
5,1.0,VI,33,2.3171590896202923
5,1.0,VI,34,2.0812566750248074
5,1.0,VI,35,1.9311407640811593
5,1.0,VI,36,1.9701769440933876
5,1.0,VI,37,2.0253739866220606
5,1.0,VI,38,1.9202153720854729
5,1.0,VI,39,1.9762295585539844
5,1.0,VI,40,2.3619433115419537
5,1.0,VI,41,2.148232914596718
5,1.0,VI,42,1.6093433057908682
5,1.0,VI,43,2.3090506458056446
5,1.0,VI,44,1.8651656730025632
5,1.0,VI,45,1.9012819494906197
5,1.0,VI,46,2.0455366257540155
5,1.0,VI,47,1.9266438593236102
5,1.0,VI,48,1.8916242071969542
5,1.0,VI,49,1.9353841382416264
6,0.0,SUB,0,0.037446889310969206
6,0.0,SUB,1,0.04698447870984224
6,0.0,SUB,2,0.048180260863205086
6,0.0,SUB,3,0.017927885800518954
6,0.0,SUB,4,0.026741722200865323
6,0.0,SUB,5,0.033474687072492945
6,0.0,SUB,6,0.030674054030308227
6,0.0,SUB,7,0.02344592159016135
6,0.0,SUB,8,0.0419685272761133
6,0.0,SUB,9,0.031094495337386497
6,0.0,SUB,10,0.033598013036425074
6,0.0,SUB,11,0.03367928693439549
6,0.0,SUB,12,0.03214918853092645
6,0.0,SUB,13,0.03216904062490908
6,0.0,SUB,14,0.03502052044548328
6,0.0,SUB,15,0.03065702435402351
6,0.0,SUB,16,0.02919463753812356
6,0.0,SUB,17,0.029147547294311026
6,0.0,SUB,18,0.03275393586913144
6,0.0,SUB,19,0.03165455270616943
6,0.0,SUB,20,0.034942440821979344
6,0.0,SUB,21,0.04022183551600115
6,0.0,SUB,22,0.0373667707289794
6,0.0,SUB,23,0.03333675878055593
6,0.0,SUB,24,0.03711057220034265
6,0.0,SUB,25,0.03138637962098286
6,0.0,SUB,26,0.028162715437318825
6,0.0,SUB,27,0.03205072792300428
6,0.0,SUB,28,0.036117112772224944
6,0.0,SUB,29,0.018960322454313047
6,0.0,SUB,30,0.03817788475882877
6,0.0,SUB,31,0.03891484803993185
6,0.0,SUB,32,0.038159017778214975
6,0.0,SUB,33,0.029139696035521176
6,0.0,SUB,34,0.020131180648418723
6,0.0,SUB,35,0.0319508848919527
6,0.0,SUB,36,0.020188334574489823
6,0.0,SUB,37,0.0398671411456859
6,0.0,SUB,38,0.015618782049920552
6,0.0,SUB,39,0.032840347323908343
6,0.0,SUB,40,0.03870796552622096
6,0.0,SUB,41,0.022725250609789617
6,0.0,SUB,42,0.035671722881667284
6,0.0,SUB,43,0.04363627867485311
6,0.0,SUB,44,0.04460725927639297
6,0.0,SUB,45,0.03671215228964214
6,0.0,SUB,46,0.03670979889633711
6,0.0,SUB,47,0.034319313011150994
6,0.0,SUB,48,0.036223793480078044
6,0.0,SUB,49,0.031028493786105983
6,0.0,VI,0,0.00121074801635946
6,0.0,VI,1,0.0010824554714077839
6,0.0,VI,2,2.3101517641919783e-07
6,0.0,VI,3,2.2100331242559327e-07
6,0.0,VI,4,6.46511056169206e-05
6,0.0,VI,5,0.0004163966099114922
6,0.0,VI,6,8.860213520356994e-05
6,0.0,VI,7,0.0005787518251994822
6,0.0,VI,8,4.2667270309934485e-07
6,0.0,VI,9,0.00024386686114724696
6,0.0,VI,10,0.000701990537043574
6,0.0,VI,11,0.0006689088326667068
6,0.0,VI,12,0.0010707538393857777
6,0.0,VI,13,0.003938573786974107
6,0.0,VI,14,0.002905199243629638
6,0.0,VI,15,0.0003856933532424334
6,0.0,VI,16,0.0021595693101070586
6,0.0,VI,17,0.000358455035935613
6,0.0,VI,18,0.0005338206650239664
6,0.0,VI,19,0.00038601549208179764
6,0.0,VI,20,1.7372899366831025e-07
6,0.0,VI,21,0.00017947722791263935
6,0.0,VI,22,0.00017926192508023743
6,0.0,VI,23,0.005098196052349061
6,0.0,VI,24,1.972254634820474e-07
6,0.0,VI,25,0.0009965070759831423
6,0.0,VI,26,0.0006101100218674371
6,0.0,VI,27,0.00031045074146467203
6,0.0,VI,28,0.0006756109972897915
6,0.0,VI,29,0.001098347563736603
6,0.0,VI,30,1.7934492488280308e-07
6,0.0,VI,31,0.0005105769900970337
6,0.0,VI,32,0.0036960277900018636
6,0.0,VI,33,0.0012029809105046014
6,0.0,VI,34,1.9084735791831248e-07
6,0.0,VI,35,0.004132899794175821
6,0.0,VI,36,0.0031740701018762693
6,0.0,VI,37,0.0013337529629935784
6,0.0,VI,38,2.207661367188262e-07
6,0.0,VI,39,1.0252020704462344e-06
6,0.0,VI,40,0.001103110310849219
6,0.0,VI,41,2.0897687617522775e-07
6,0.0,VI,42,0.0001856724818311055
6,0.0,VI,43,0.0002980809723179038
6,0.0,VI,44,0.0034344795643587705
6,0.0,VI,45,0.0018301416654552107
6,0.0,VI,46,0.000148505770387486
6,0.0,VI,47,0.003975621710435543
6,0.0,VI,48,1.3061931429562976e-07
6,0.0,VI,49,1.1398013183344476e-07
6,0.01,SUB,0,0.04180730308640507
6,0.01,SUB,1,0.03100816058637082
6,0.01,SUB,2,0.036307315161745735
6,0.01,SUB,3,0.030022190158267445
6,0.01,SUB,4,0.034479251105525195
6,0.01,SUB,5,0.04781755255158777
6,0.01,SUB,6,0.0372012091864236
6,0.01,SUB,7,0.03880497821833113
6,0.01,SUB,8,0.03798540002206801
6,0.01,SUB,9,0.047391262188941734
6,0.01,SUB,10,0.04025552662915369
6,0.01,SUB,11,0.030246178471703123
6,0.01,SUB,12,0.025317845318520375
6,0.01,SUB,13,0.05457299404442565
6,0.01,SUB,14,0.05028946033493739
6,0.01,SUB,15,0.03167145309495688
6,0.01,SUB,16,0.03393842453554941
6,0.01,SUB,17,0.03823458457677201
6,0.01,SUB,18,0.045671018512098316
6,0.01,SUB,19,0.036767866929722975
6,0.01,SUB,20,0.04866763297751242
6,0.01,SUB,21,0.031077969854057107
6,0.01,SUB,22,0.027643489972032708
6,0.01,SUB,23,0.054118424853214595
6,0.01,SUB,24,0.039868606577025595
6,0.01,SUB,25,0.06041865764356312
6,0.01,SUB,26,0.042205264923698686
6,0.01,SUB,27,0.02552728265142249
6,0.01,SUB,28,0.05257367855776845
6,0.01,SUB,29,0.03498998811293494
6,0.01,SUB,30,0.04142708400130353
6,0.01,SUB,31,0.04174681069937821
6,0.01,SUB,32,0.041990415815386505
6,0.01,SUB,33,0.024348693507879864
6,0.01,SUB,34,0.05043634416406886
6,0.01,SUB,35,0.024676074120100984
6,0.01,SUB,36,0.04111684828684409
6,0.01,SUB,37,0.04150097773894875
6,0.01,SUB,38,0.020691712600457275
6,0.01,SUB,39,0.026372200939494668
6,0.01,SUB,40,0.03168667649811957
6,0.01,SUB,41,0.04358263580825465
6,0.01,SUB,42,0.04816289577892543
6,0.01,SUB,43,0.04979986007664539
6,0.01,SUB,44,0.04799933553506671
6,0.01,SUB,45,0.0400967842581034
6,0.01,SUB,46,0.03704619081473155
6,0.01,SUB,47,0.04790260035368692
6,0.01,SUB,48,0.023862067350889832
6,0.01,SUB,49,0.03584831040241458
6,0.01,VI,0,0.006477062270825773
6,0.01,VI,1,0.0057829119656239505
6,0.01,VI,2,0.0104020594093185
6,0.01,VI,3,0.006633467879004884
6,0.01,VI,4,0.00733593804178948
6,0.01,VI,5,0.007511483797498851
6,0.01,VI,6,0.009564715438821808
6,0.01,VI,7,0.006954232211454271
6,0.01,VI,8,0.006677436184959871
6,0.01,VI,9,0.006551644216740476
6,0.01,VI,10,0.007468312709208579
6,0.01,VI,11,0.010696771337393638
6,0.01,VI,12,0.005490612368272694
6,0.01,VI,13,0.005686158920546901
6,0.01,VI,14,0.006496250322284966
6,0.01,VI,15,0.006566765157816703
6,0.01,VI,16,0.006573744943841609
6,0.01,VI,17,0.00491451011044983
6,0.01,VI,18,0.017879446133453717
6,0.01,VI,19,0.00819946275623279
6,0.01,VI,20,0.012038485247578607
6,0.01,VI,21,0.007087518444372198
6,0.01,VI,22,0.0063560541410425525
6,0.01,VI,23,0.0068712423490536485
6,0.01,VI,24,0.007302915383406013
6,0.01,VI,25,0.007581744641761577
6,0.01,VI,26,0.006089244473605137
6,0.01,VI,27,0.014288830531321
6,0.01,VI,28,0.015581047007079461
6,0.01,VI,29,0.005039696586963992
6,0.01,VI,30,0.014304313280570267
6,0.01,VI,31,0.006463526876346268
6,0.01,VI,32,0.006037154358319197
6,0.01,VI,33,0.007179023999377
6,0.01,VI,34,0.014752013647431306
6,0.01,VI,35,0.006666303333620748
6,0.01,VI,36,0.011701312454373388
6,0.01,VI,37,0.010070485063358616
6,0.01,VI,38,0.006161523813894959
6,0.01,VI,39,0.011465258601239833
6,0.01,VI,40,0.005894191100856615
6,0.01,VI,41,0.01239097655398325
6,0.01,VI,42,0.006482771967798735
6,0.01,VI,43,0.007601811654797985
6,0.01,VI,44,0.008177002045285925
6,0.01,VI,45,0.005437694644300822
6,0.01,VI,46,0.00856526463344735
6,0.01,VI,47,0.006526004744373173
6,0.01,VI,48,0.007917260132473458
6,0.01,VI,49,0.01516298787267215
6,0.05,SUB,0,0.055293852509463885
6,0.05,SUB,1,0.06730184117161053
6,0.05,SUB,2,0.03859094092318837
6,0.05,SUB,3,0.07238560182191174
6,0.05,SUB,4,0.030298009527265992
6,0.05,SUB,5,0.04916865084634261
6,0.05,SUB,6,0.06462743089261622
6,0.05,SUB,7,0.05036931670189141
6,0.05,SUB,8,0.049781552194665575
6,0.05,SUB,9,0.06158638296814546
6,0.05,SUB,10,0.05204518038150995
6,0.05,SUB,11,0.04336850134247724
6,0.05,SUB,12,0.05081112590223331
6,0.05,SUB,13,0.03289426053465177
6,0.05,SUB,14,0.055396025098222265
6,0.05,SUB,15,0.061107606975206015
6,0.05,SUB,16,0.054130209947709645
6,0.05,SUB,17,0.06778089734435921
6,0.05,SUB,18,0.04906249784414294
6,0.05,SUB,19,0.06859090820000797
6,0.05,SUB,20,0.042031195372273
6,0.05,SUB,21,0.0466426048213239
6,0.05,SUB,22,0.06994493962617103
6,0.05,SUB,23,0.03809548657025892
6,0.05,SUB,24,0.06295788157850415
6,0.05,SUB,25,0.04861946267375259
6,0.05,SUB,26,0.06370435771613916
6,0.05,SUB,27,0.04828814587597004
6,0.05,SUB,28,0.058487578498016266
6,0.05,SUB,29,0.056162824241880786
6,0.05,SUB,30,0.05913060906729139
6,0.05,SUB,31,0.05986114323201769
6,0.05,SUB,32,0.04309110996533513
6,0.05,SUB,33,0.050201507153596156
6,0.05,SUB,34,0.07830852976725235
6,0.05,SUB,35,0.07139097528872945
6,0.05,SUB,36,0.04755144468738873
6,0.05,SUB,37,0.06755713781246035
6,0.05,SUB,38,0.057146008408230066
6,0.05,SUB,39,0.06311608722801319
6,0.05,SUB,40,0.031745601646532944
6,0.05,SUB,41,0.0236976219031693
6,0.05,SUB,42,0.056863655504843826
6,0.05,SUB,43,0.044898740679976276
6,0.05,SUB,44,0.0659422239266676
6,0.05,SUB,45,0.03860456351495316
6,0.05,SUB,46,0.0597031918839067
6,0.05,SUB,47,0.07243387112384726
6,0.05,SUB,48,0.042472137977207766
6,0.05,SUB,49,0.04568032555987759
6,0.05,VI,0,1.99366591320898
6,0.05,VI,1,1.7906066232408013
6,0.05,VI,2,1.5234919971481342
6,0.05,VI,3,1.8029016930837312
6,0.05,VI,4,2.0924605153568328
6,0.05,VI,5,1.992146397261543
6,0.05,VI,6,2.196354076492863
6,0.05,VI,7,1.8960249958314952
6,0.05,VI,8,1.5713702008282442
6,0.05,VI,9,1.674934961106301
6,0.05,VI,10,2.163898725301239
6,0.05,VI,11,1.8555269353413224
6,0.05,VI,12,2.107858977291744
6,0.05,VI,13,1.525376122696509
6,0.05,VI,14,2.231356577619975
6,0.05,VI,15,1.1529419778104615
6,0.05,VI,16,1.8400648488412699
6,0.05,VI,17,1.8976264408715866
6,0.05,VI,18,1.9065428538051612
6,0.05,VI,19,1.9022717321573548
6,0.05,VI,20,1.7598655898575202
6,0.05,VI,21,1.3976231509955406
6,0.05,VI,22,1.6956117657358922
6,0.05,VI,23,2.0938486859210887
6,0.05,VI,24,1.130435288012514
6,0.05,VI,25,1.6241604783364634
6,0.05,VI,26,1.6852943105874274
6,0.05,VI,27,1.611421086048642
6,0.05,VI,28,1.778545119598052
6,0.05,VI,29,1.6868995516195664
6,0.05,VI,30,1.9172797487001707
6,0.05,VI,31,2.0952064759197047
6,0.05,VI,32,2.027299605141035
6,0.05,VI,33,1.7952862770734985
6,0.05,VI,34,1.916254953919003
6,0.05,VI,35,1.4553561275265139
6,0.05,VI,36,2.242068560208396
6,0.05,VI,37,1.2990274244455255
6,0.05,VI,38,1.8609779300609717
6,0.05,VI,39,1.9563871979820482
6,0.05,VI,40,1.9217355541888241
6,0.05,VI,41,1.6838411835298104
6,0.05,VI,42,1.788520959069751
6,0.05,VI,43,1.8554524461168498
6,0.05,VI,44,1.994705041566469
6,0.05,VI,45,1.8186806530469983
6,0.05,VI,46,1.5388743956257567
6,0.05,VI,47,1.9673409889186235
6,0.05,VI,48,2.180302152102509
6,0.05,VI,49,1.9449801569129066
6,0.1,SUB,0,0.05815819351708215
6,0.1,SUB,1,0.05352090058607845
6,0.1,SUB,2,0.062095057925745184
6,0.1,SUB,3,0.04708133914283113
6,0.1,SUB,4,0.024478002578965784
6,0.1,SUB,5,0.06748721160016016
6,0.1,SUB,6,0.06533977256003999
6,0.1,SUB,7,0.05724165960343967
6,0.1,SUB,8,0.04470478156907836
6,0.1,SUB,9,0.0695574695951153
6,0.1,SUB,10,0.03380296104008095
6,0.1,SUB,11,0.0573997531401443
6,0.1,SUB,12,0.06832864964910035
6,0.1,SUB,13,0.03307412362279102
6,0.1,SUB,14,0.05533299277779035
6,0.1,SUB,15,0.056514985787624344
6,0.1,SUB,16,0.0576548059895303
6,0.1,SUB,17,0.03931628131443605
6,0.1,SUB,18,0.08052390755100214
6,0.1,SUB,19,0.0819860963615848
6,0.1,SUB,20,0.06649888243483061
6,0.1,SUB,21,0.05464083107247023
6,0.1,SUB,22,0.037549485076021384
6,0.1,SUB,23,0.04126558123107879
6,0.1,SUB,24,0.049596561845686095
6,0.1,SUB,25,0.050509602410880386
6,0.1,SUB,26,0.04765443284232285
6,0.1,SUB,27,0.05559558033401419
6,0.1,SUB,28,0.06506327526610514
6,0.1,SUB,29,0.04182718319219991
6,0.1,SUB,30,0.0673415387170697
6,0.1,SUB,31,0.046218182702934936
6,0.1,SUB,32,0.05675944411325919
6,0.1,SUB,33,0.07561249184844637
6,0.1,SUB,34,0.06684693956881632
6,0.1,SUB,35,0.05794223290427866
6,0.1,SUB,36,0.04133444741323163
6,0.1,SUB,37,0.060432502188931474
6,0.1,SUB,38,0.033193822242489325
6,0.1,SUB,39,0.05940247936568934
6,0.1,SUB,40,0.05295639773857827
6,0.1,SUB,41,0.05332500003819062
6,0.1,SUB,42,0.06120908637766753
6,0.1,SUB,43,0.055010640979958225
6,0.1,SUB,44,0.04853479696785373
6,0.1,SUB,45,0.06209290934388991
6,0.1,SUB,46,0.05493193800315576
6,0.1,SUB,47,0.04430753811739802
6,0.1,SUB,48,0.059338325257784465
6,0.1,SUB,49,0.041838173431910285
6,0.1,VI,0,1.7864442645797414
6,0.1,VI,1,1.7791797680144332
6,0.1,VI,2,1.130991684896885
6,0.1,VI,3,1.896417858508765
6,0.1,VI,4,1.6844869277352008
6,0.1,VI,5,1.9950268115146508
6,0.1,VI,6,1.898254701260695
6,0.1,VI,7,1.5088072391977723
6,0.1,VI,8,2.1814918650467767
6,0.1,VI,9,2.095828531619613
6,0.1,VI,10,2.094441612045755
6,0.1,VI,11,1.6876329942184591
6,0.1,VI,12,1.840957408079791
6,0.1,VI,13,2.0939540592431563
6,0.1,VI,14,1.783773826509589
6,0.1,VI,15,1.6877868923782116
6,0.1,VI,16,1.7237514310417348
6,0.1,VI,17,1.9230323338580397
6,0.1,VI,18,2.197122973758231
6,0.1,VI,19,1.9169317592146666
6,0.1,VI,20,1.8791969947259908
6,0.1,VI,21,1.8974979644225067
6,0.1,VI,22,2.2009828816409374
6,0.1,VI,23,2.1571755161481785
6,0.1,VI,24,1.8560061363169966
6,0.1,VI,25,2.1655872776024805
6,0.1,VI,26,2.165109287241778
6,0.1,VI,27,1.9684890231389562
6,0.1,VI,28,1.9955476779900725
6,0.1,VI,29,1.819147385244473
6,0.1,VI,30,1.7912656779740093
6,0.1,VI,31,1.5633518476307604
6,0.1,VI,32,1.8779829710698532
6,0.1,VI,33,1.1534539175951612
6,0.1,VI,34,2.2179653428132373
6,0.1,VI,35,1.744873492287281
6,0.1,VI,36,2.109734824529027
6,0.1,VI,37,1.6255436117720723
6,0.1,VI,38,1.5726791741521144
6,0.1,VI,39,1.5325277681531735
6,0.1,VI,40,1.9180224543274933
6,0.1,VI,41,1.8937844834115105
6,0.1,VI,42,1.9577494621839757
6,0.1,VI,43,1.6767145076563643
6,0.1,VI,44,1.9456841157684974
6,0.1,VI,45,1.5717403133042864
6,0.1,VI,46,2.027793437754491
6,0.1,VI,47,1.4937782822908778
6,0.1,VI,48,1.8558865299132146
6,0.1,VI,49,1.5239115369850187
6,0.3,SUB,0,0.10094470596559886
6,0.3,SUB,1,0.1311909455086514
6,0.3,SUB,2,0.16013756428528128
6,0.3,SUB,3,0.11471230261348818
6,0.3,SUB,4,0.12222295812878
6,0.3,SUB,5,0.11445095202969191
6,0.3,SUB,6,0.10949507005251215
6,0.3,SUB,7,0.1113069466824965
6,0.3,SUB,8,0.1400719888690335
6,0.3,SUB,9,0.13089681813010703
6,0.3,SUB,10,0.09280259298292984
6,0.3,SUB,11,0.13475765601413187
6,0.3,SUB,12,0.12836476554090276
6,0.3,SUB,13,0.12779349598709888
6,0.3,SUB,14,0.15878932597641027
6,0.3,SUB,15,0.12637224638443256
6,0.3,SUB,16,0.12550708969876323
6,0.3,SUB,17,0.11932860879777495
6,0.3,SUB,18,0.11447742091719698
6,0.3,SUB,19,0.10541286214634857
6,0.3,SUB,20,0.1098373209540095
6,0.3,SUB,21,0.1621936733248438
6,0.3,SUB,22,0.12189312950677267
6,0.3,SUB,23,0.11711500819667735
6,0.3,SUB,24,0.09649177053865789
6,0.3,SUB,25,0.12875958648517136
6,0.3,SUB,26,0.12388331499301154
6,0.3,SUB,27,0.11296657171333405
6,0.3,SUB,28,0.13225339928128987
6,0.3,SUB,29,0.13537899442720377
6,0.3,SUB,30,0.14544122904585405
6,0.3,SUB,31,0.15411404064389703
6,0.3,SUB,32,0.140404553282935
6,0.3,SUB,33,0.14641223706663672
6,0.3,SUB,34,0.14436294847862613
6,0.3,SUB,35,0.0992397595598333
6,0.3,SUB,36,0.11335165504761938
6,0.3,SUB,37,0.17210052320499714
6,0.3,SUB,38,0.12532883339290962
6,0.3,SUB,39,0.12339750158339509
6,0.3,SUB,40,0.11593946306742793
6,0.3,SUB,41,0.13458171470910682
6,0.3,SUB,42,0.11799376035110325
6,0.3,SUB,43,0.1365088403215745
6,0.3,SUB,44,0.11467716219215626
6,0.3,SUB,45,0.14336380985535965
6,0.3,SUB,46,0.12811437534392336
6,0.3,SUB,47,0.1259498912659011
6,0.3,SUB,48,0.11839468510348872
6,0.3,SUB,49,0.1034382316795649
6,0.3,VI,0,2.027590141378685
6,0.3,VI,1,1.8788908036902778
6,0.3,VI,2,1.7862516967488935
6,0.3,VI,3,1.5395941854176731
6,0.3,VI,4,1.7957238919454028
6,0.3,VI,5,1.725826060257252
6,0.3,VI,6,2.2004026150398377
6,0.3,VI,7,1.9928013118298946
6,0.3,VI,8,2.095605714899047
6,0.3,VI,9,1.8557953939371026
6,0.3,VI,10,1.7835861905339123
6,0.3,VI,11,1.8980025994988927
6,0.3,VI,12,1.3979551995777721
6,0.3,VI,13,1.1308468180130584
6,0.3,VI,14,1.8777839456467744
6,0.3,VI,15,1.5715762276714615
6,0.3,VI,16,1.9952593448930858
6,0.3,VI,17,1.5082984423401051
6,0.3,VI,18,1.9454100587535421
6,0.3,VI,19,1.6874542087719446
6,0.3,VI,20,2.164702286222337
6,0.3,VI,21,2.232017845964577
6,0.3,VI,22,2.243207170910116
6,0.3,VI,23,1.8557119655036804
6,0.3,VI,24,1.7601131444402294
6,0.3,VI,25,1.8406566081185032
6,0.3,VI,26,1.6251095101709456
6,0.3,VI,27,2.1811093175917122
6,0.3,VI,28,1.5237674826567078
6,0.3,VI,29,1.6962466885104022
6,0.3,VI,30,1.8615865173103092
6,0.3,VI,31,1.818971659153583
6,0.3,VI,32,1.6117324827493285
6,0.3,VI,33,2.156606605549929
6,0.3,VI,34,1.7447145113596099
6,0.3,VI,35,2.093485159577259
6,0.3,VI,36,2.1650739828124053
6,0.3,VI,37,1.9166860222764541
6,0.3,VI,38,1.6874941531234993
6,0.3,VI,39,1.968145848223958
6,0.3,VI,40,1.9177791015062338
6,0.3,VI,41,1.6761853548273968
6,0.3,VI,42,1.7890611172698567
6,0.3,VI,43,1.572544481628451
6,0.3,VI,44,1.897012444647435
6,0.3,VI,45,1.7235872961124077
6,0.3,VI,46,1.893623775505795
6,0.3,VI,47,1.1533055659073779
6,0.3,VI,48,1.922621755819313
6,0.3,VI,49,1.778957745377026
6,0.5,SUB,0,0.22424599389531827
6,0.5,SUB,1,0.18335444850008514
6,0.5,SUB,2,0.19813180627204346
6,0.5,SUB,3,0.19978768904039876
6,0.5,SUB,4,0.15225117233239327
6,0.5,SUB,5,0.1365324080477295
6,0.5,SUB,6,0.10896508266933709
6,0.5,SUB,7,0.21653891472878817
6,0.5,SUB,8,0.23975611238368655
6,0.5,SUB,9,0.17333701268969315
6,0.5,SUB,10,0.22153698714398226
6,0.5,SUB,11,0.20758084935700374
6,0.5,SUB,12,0.1327882287808243
6,0.5,SUB,13,0.17673464044704928
6,0.5,SUB,14,0.14680481814501642
6,0.5,SUB,15,0.19725512593527705
6,0.5,SUB,16,0.21511921943310786
6,0.5,SUB,17,0.23338943468216183
6,0.5,SUB,18,0.16937572304328502
6,0.5,SUB,19,0.24749105162910676
6,0.5,SUB,20,0.16914645634964626
6,0.5,SUB,21,0.1928364802527137
6,0.5,SUB,22,0.17593183522825645
6,0.5,SUB,23,0.15371053218691447
6,0.5,SUB,24,0.1291172640572868
6,0.5,SUB,25,0.17873996601032544
6,0.5,SUB,26,0.24931864665009768
6,0.5,SUB,27,0.15904846133412537
6,0.5,SUB,28,0.24349596353496347
6,0.5,SUB,29,0.22233787677715208
6,0.5,SUB,30,0.23206443884111438
6,0.5,SUB,31,0.19712123677995158
6,0.5,SUB,32,0.14775781272814842
6,0.5,SUB,33,0.17730131247260364
6,0.5,SUB,34,0.21543821669833255
6,0.5,SUB,35,0.19327168692157007
6,0.5,SUB,36,0.17048301778911454
6,0.5,SUB,37,0.20266302301731345
6,0.5,SUB,38,0.11169783352993615
6,0.5,SUB,39,0.24234237291877578
6,0.5,SUB,40,0.15796472689680055
6,0.5,SUB,41,0.22859454424663292
6,0.5,SUB,42,0.16555755816221687
6,0.5,SUB,43,0.1837922615014379
6,0.5,SUB,44,0.18146817660336126
6,0.5,SUB,45,0.14720744760137625
6,0.5,SUB,46,0.14446604750167055
6,0.5,SUB,47,0.14537849838873615
6,0.5,SUB,48,0.1710054370977091
6,0.5,SUB,49,0.13140301094975618
6,0.5,VI,0,1.89795590740141
6,0.5,VI,1,1.3979666557093944
6,0.5,VI,2,1.786159828609707
6,0.5,VI,3,1.855728018920208
6,0.5,VI,4,2.200579685761753
6,0.5,VI,5,1.7600545213325347
6,0.5,VI,6,1.726032604781503
6,0.5,VI,7,1.6116463014249618
6,0.5,VI,8,2.1968428109086413
6,0.5,VI,9,2.1567919816700036
6,0.5,VI,10,1.9453541074870124
6,0.5,VI,11,1.7890267484375055
6,0.5,VI,12,1.9037204549428164
6,0.5,VI,13,1.855625793766669
6,0.5,VI,14,1.9068563547316502
6,0.5,VI,15,2.181140131797958
6,0.5,VI,16,1.8788790093224894
6,0.5,VI,17,2.2320806825654245
6,0.5,VI,18,2.243427996772488
6,0.5,VI,19,1.9928121491856114
6,0.5,VI,20,2.094120172813782
6,0.5,VI,21,1.8406071312248602
6,0.5,VI,22,1.7788416312691406
6,0.5,VI,23,1.6855022090845049
6,0.5,VI,24,1.4936171351057093
6,0.5,VI,25,2.1652148523814736
6,0.5,VI,26,1.7910485734036221
6,0.5,VI,27,1.8935435976108514
6,0.5,VI,28,2.2176761899188304
6,0.5,VI,29,1.6876268670893346
6,0.5,VI,30,1.9952274187881236
6,0.5,VI,31,1.8188803064584909
6,0.5,VI,32,1.625360986560808
6,0.5,VI,33,1.5086061992364779
6,0.5,VI,34,2.1647251544214496
6,0.5,VI,35,1.5323844639495035
6,0.5,VI,36,2.0955222631824815
6,0.5,VI,37,1.8615546856045524
6,0.5,VI,38,1.56315359284479
6,0.5,VI,39,1.9166667863966071
6,0.5,VI,40,1.9176502511224058
6,0.5,VI,41,1.5397723177324032
6,0.5,VI,42,2.027515085343278
6,0.5,VI,43,1.1308787402327694
6,0.5,VI,44,1.9226994361744782
6,0.5,VI,45,1.6841381138610676
6,0.5,VI,46,1.5236991999068867
6,0.5,VI,47,1.687349384429796
6,0.5,VI,48,1.877661030404623
6,0.5,VI,49,1.676431992457234
6,0.7,SUB,0,0.2636383277644029
6,0.7,SUB,1,0.2605841515546511
6,0.7,SUB,2,0.18731332928815514
6,0.7,SUB,3,0.21254348325829794
6,0.7,SUB,4,0.2268200373029558
6,0.7,SUB,5,0.23700183324913734
6,0.7,SUB,6,0.1991957317257335
6,0.7,SUB,7,0.1843397233221743
6,0.7,SUB,8,0.18805939206437944
6,0.7,SUB,9,0.20487790250379465
6,0.7,SUB,10,0.1969192543589305
6,0.7,SUB,11,0.22171069411116068
6,0.7,SUB,12,0.18292056468912352
6,0.7,SUB,13,0.2043360536257002
6,0.7,SUB,14,0.20309936703905224
6,0.7,SUB,15,0.2070909872003752
6,0.7,SUB,16,0.21846737233427724
6,0.7,SUB,17,0.24245914519970316
6,0.7,SUB,18,0.2460869459324905
6,0.7,SUB,19,0.21338692185978034
6,0.7,SUB,20,0.1854575290639838
6,0.7,SUB,21,0.19849525809882346
6,0.7,SUB,22,0.2138060370839797
6,0.7,SUB,23,0.24011641367300665
6,0.7,SUB,24,0.19538388863710654
6,0.7,SUB,25,0.22223078454413098
6,0.7,SUB,26,0.2880998258164405
6,0.7,SUB,27,0.24593667217888265
6,0.7,SUB,28,0.20585081242681477
6,0.7,SUB,29,0.2531584118814506
6,0.7,SUB,30,0.2321416990772912
6,0.7,SUB,31,0.230316100123945
6,0.7,SUB,32,0.21809385001257117
6,0.7,SUB,33,0.19390523563140008
6,0.7,SUB,34,0.1988151514878842
6,0.7,SUB,35,0.23500316013392153
6,0.7,SUB,36,0.22005164738715455
6,0.7,SUB,37,0.2386373386331258
6,0.7,SUB,38,0.21887718590745356
6,0.7,SUB,39,0.20706111526144264
6,0.7,SUB,40,0.2343063669416528
6,0.7,SUB,41,0.2222713750491517
6,0.7,SUB,42,0.25614905339883337
6,0.7,SUB,43,0.17935242208073754
6,0.7,SUB,44,0.19263009035113238
6,0.7,SUB,45,0.2411030368078249
6,0.7,SUB,46,0.1874102128554042
6,0.7,SUB,47,0.19674140171189242
6,0.7,SUB,48,0.18925951134346267
6,0.7,SUB,49,0.18566446192419156
6,0.7,VI,0,1.8789938748601815
6,0.7,VI,1,2.2433157444089797
6,0.7,VI,2,1.5324594563524598
6,0.7,VI,3,1.6253771320123205
6,0.7,VI,4,1.7889646099044831
6,0.7,VI,5,1.6962032124289825
6,0.7,VI,6,1.7260424292746896
6,0.7,VI,7,1.7447218369821287
6,0.7,VI,8,1.5236872763346763
6,0.7,VI,9,1.9227847819658634
6,0.7,VI,10,2.04523114155294
6,0.7,VI,11,1.611791392330719
6,0.7,VI,12,1.8935649009753284
6,0.7,VI,13,1.8777715748996655
6,0.7,VI,14,1.8189220776431227
6,0.7,VI,15,1.6854456066987358
6,0.7,VI,16,1.8407382392594636
6,0.7,VI,17,1.7861835247844382
6,0.7,VI,18,1.995173101857228
6,0.7,VI,19,1.5716356296614884
6,0.7,VI,20,1.5631857982506105
6,0.7,VI,21,1.897253982101167
6,0.7,VI,22,1.6764598736133798
6,0.7,VI,23,1.53980746989375
6,0.7,VI,24,2.0274758443256298
6,0.7,VI,25,1.9068523898789795
6,0.7,VI,26,2.1969452086047245
6,0.7,VI,27,1.9681632432605891
6,0.7,VI,28,1.1309376054875266
6,0.7,VI,29,2.1647556727138806
6,0.7,VI,30,1.9947873349961251
6,0.7,VI,31,2.1811666250166013
6,0.7,VI,32,1.7788188654527055
6,0.7,VI,33,1.1533854000324137
6,0.7,VI,34,1.7235467007442915
6,0.7,VI,35,1.8616589330316107
6,0.7,VI,36,1.9455016521245698
6,0.7,VI,37,2.2005044004334917
6,0.7,VI,38,2.165333955561876
6,0.7,VI,39,1.7956499087578837
6,0.7,VI,40,1.9572934995349065
6,0.7,VI,41,2.15684997816264
6,0.7,VI,42,1.6876779203769225
6,0.7,VI,43,1.5256686762525
6,0.7,VI,44,1.398034784503191
6,0.7,VI,45,1.803521094076793
6,0.7,VI,46,1.760018889219895
6,0.7,VI,47,1.8555876590311289
6,0.7,VI,48,2.0941754196283577
6,0.7,VI,49,1.8961313024089954
6,0.9,SUB,0,0.213058808037748
6,0.9,SUB,1,0.22421787821700137
6,0.9,SUB,2,0.24121775277913107
6,0.9,SUB,3,0.24153497917643335
6,0.9,SUB,4,0.2044015144875001
6,0.9,SUB,5,0.24248435047121084
6,0.9,SUB,6,0.2638703460279523
6,0.9,SUB,7,0.23928424240642676
6,0.9,SUB,8,0.20448385839865596
6,0.9,SUB,9,0.241359272718838
6,0.9,SUB,10,0.19205129850562475
6,0.9,SUB,11,0.2809521327326623
6,0.9,SUB,12,0.1851633484002938
6,0.9,SUB,13,0.22943232911533942
6,0.9,SUB,14,0.22997739301397582
6,0.9,SUB,15,0.24104796990273308
6,0.9,SUB,16,0.14420001094510804
6,0.9,SUB,17,0.2592419738182568
6,0.9,SUB,18,0.22539117467327002
6,0.9,SUB,19,0.18846754833450757
6,0.9,SUB,20,0.21284723215711776
6,0.9,SUB,21,0.283674335688326
6,0.9,SUB,22,0.2646845050439015
6,0.9,SUB,23,0.22314992915869541
6,0.9,SUB,24,0.20442708323116263
6,0.9,SUB,25,0.19707790664100053
6,0.9,SUB,26,0.1937983019590666
6,0.9,SUB,27,0.2331839449421041
6,0.9,SUB,28,0.20864919029943485
6,0.9,SUB,29,0.25919740296402993
6,0.9,SUB,30,0.223827028980153
6,0.9,SUB,31,0.2060190207760298
6,0.9,SUB,32,0.23365608333594257
6,0.9,SUB,33,0.2289024689405307
6,0.9,SUB,34,0.2830259527538841
6,0.9,SUB,35,0.22496897834930035
6,0.9,SUB,36,0.2019520957116812
6,0.9,SUB,37,0.26526830817491015
6,0.9,SUB,38,0.20687210007640497
6,0.9,SUB,39,0.2001801478799105
6,0.9,SUB,40,0.19535089431472685
6,0.9,SUB,41,0.18762048267780512
6,0.9,SUB,42,0.28572053860859825
6,0.9,SUB,43,0.2533751492129866
6,0.9,SUB,44,0.21629024171350772
6,0.9,SUB,45,0.19978443165787163
6,0.9,SUB,46,0.2732056138763761
6,0.9,SUB,47,0.2266736235656397
6,0.9,SUB,48,0.2575858738338107
6,0.9,SUB,49,0.23495410223509472
6,0.9,VI,0,1.89751042215504
6,0.9,VI,1,1.6858558280035303
6,0.9,VI,2,1.6965082120955421
6,0.9,VI,3,1.898263485956178
6,0.9,VI,4,1.7602928345397761
6,0.9,VI,5,1.856014716697639
6,0.9,VI,6,1.9169441215735703
6,0.9,VI,7,2.1571922859757895
6,0.9,VI,8,1.8559023008486828
6,0.9,VI,9,2.165127502223909
6,0.9,VI,10,1.398107731323959
6,0.9,VI,11,1.9950392777612174
6,0.9,VI,12,1.9230461006071458
6,0.9,VI,13,1.8618711464667501
6,0.9,VI,14,1.6877937684559239
6,0.9,VI,15,1.5399714348100633
6,0.9,VI,16,1.6844958661334342
6,0.9,VI,17,1.456540907255521
6,0.9,VI,18,2.1655999756258404
6,0.9,VI,19,1.945693297134176
6,0.9,VI,20,1.893796993001113
6,0.9,VI,21,2.2438108271836352
6,0.9,VI,22,1.9041545111683453
6,0.9,VI,23,1.9180405993638763
6,0.9,VI,24,1.7237638587678565
6,0.9,VI,25,1.1534596001971247
6,0.9,VI,26,1.8779954755158943
6,0.9,VI,27,1.7959525961565599
6,0.9,VI,28,1.8964332713017784
6,0.9,VI,29,1.50881703709726
6,0.9,VI,30,1.687640221965226
6,0.9,VI,31,1.5239248189055838
6,0.9,VI,32,1.879207976093771
6,0.9,VI,33,1.9071246785524183
6,0.9,VI,34,2.109755650010394
6,0.9,VI,35,1.7837806662244091
6,0.9,VI,36,1.5258161150643619
6,0.9,VI,37,1.6767280576399732
6,0.9,VI,38,1.7448829606383234
6,0.9,VI,39,1.1309963160530268
6,0.9,VI,40,2.0944560200744102
6,0.9,VI,41,1.8409692288138906
6,0.9,VI,42,2.2010050708743405
6,0.9,VI,43,1.7864589189523616
6,0.9,VI,44,1.9931681944870203
6,0.9,VI,45,2.093976285121767
6,0.9,VI,46,2.2323793087605384
6,0.9,VI,47,1.5633615617211007
6,0.9,VI,48,1.8038139425917659
6,0.9,VI,49,1.779198309532086
6,1.0,SUB,0,0.20072762712234235
6,1.0,SUB,1,0.2583635610734923
6,1.0,SUB,2,0.22753197601267217
6,1.0,SUB,3,0.25320337364784207
6,1.0,SUB,4,0.2719023396511541
6,1.0,SUB,5,0.24937398826324786
6,1.0,SUB,6,0.2570327748534715
6,1.0,SUB,7,0.23949299092257773
6,1.0,SUB,8,0.2547571845902829
6,1.0,SUB,9,0.21893024417012236
6,1.0,SUB,10,0.24984262904726218
6,1.0,SUB,11,0.25272938125785954
6,1.0,SUB,12,0.21843454276963448
6,1.0,SUB,13,0.24141269029631204
6,1.0,SUB,14,0.2659639995497451
6,1.0,SUB,15,0.26781141191680363
6,1.0,SUB,16,0.25737265634937495
6,1.0,SUB,17,0.2389966764879336
6,1.0,SUB,18,0.20452305544491012
6,1.0,SUB,19,0.2460086855538644
6,1.0,SUB,20,0.2398856723910431
6,1.0,SUB,21,0.21071105301951018
6,1.0,SUB,22,0.26925241569788694
6,1.0,SUB,23,0.19168909878815749
6,1.0,SUB,24,0.2376251744715398
6,1.0,SUB,25,0.2654407745091936
6,1.0,SUB,26,0.23421122544446848
6,1.0,SUB,27,0.25649163389806656
6,1.0,SUB,28,0.21502497083422473
6,1.0,SUB,29,0.2602879982419675
6,1.0,SUB,30,0.29919881893096245
6,1.0,SUB,31,0.25778250710204287
6,1.0,SUB,32,0.22669064762313962
6,1.0,SUB,33,0.21301258929486402
6,1.0,SUB,34,0.21776273274672323
6,1.0,SUB,35,0.3004749888572266
6,1.0,SUB,36,0.25336369687172944
6,1.0,SUB,37,0.2573426827849797
6,1.0,SUB,38,0.21084200489855337
6,1.0,SUB,39,0.22416656864006415
6,1.0,SUB,40,0.23555078644128183
6,1.0,SUB,41,0.23648573382197366
6,1.0,SUB,42,0.24444527247757486
6,1.0,SUB,43,0.2704258017959571
6,1.0,SUB,44,0.2897121486840922
6,1.0,SUB,45,0.24402449160450473
6,1.0,SUB,46,0.20384093980008322
6,1.0,SUB,47,0.20877918513225582
6,1.0,SUB,48,0.20921287859550722
6,1.0,SUB,49,0.2177734979859584
6,1.0,VI,0,2.093873097369878
6,1.0,VI,1,1.9456457257463917
6,1.0,VI,2,1.9576710346116135
6,1.0,VI,3,1.9931122216192303
6,1.0,VI,4,1.8779347396178738
6,1.0,VI,5,1.791224882896795
6,1.0,VI,6,2.1970751167077323
6,1.0,VI,7,1.5399262897713626
6,1.0,VI,8,2.1571152093095356
6,1.0,VI,9,1.8937268068139927
6,1.0,VI,10,1.8974532628970209
6,1.0,VI,11,1.5717097662371924
6,1.0,VI,12,2.094382310044461
6,1.0,VI,13,2.232305768588277
6,1.0,VI,14,1.7863941940453225
6,1.0,VI,15,1.9684258821198521
6,1.0,VI,16,1.879158010698083
6,1.0,VI,17,1.9954737265178386
6,1.0,VI,18,1.723706524292554
6,1.0,VI,19,2.243700465743873
6,1.0,VI,20,2.2179135707379043
6,1.0,VI,21,1.684449742564059
6,1.0,VI,22,2.165043215009949
6,1.0,VI,23,1.398078002928784
6,1.0,VI,24,2.2008935680892954
6,1.0,VI,25,1.904059779579402
6,1.0,VI,26,1.8409185682135336
6,1.0,VI,27,1.6766708124464726
6,1.0,VI,28,1.9179588230697333
6,1.0,VI,29,1.6118787823934724
6,1.0,VI,30,1.8559636382604214
6,1.0,VI,31,1.9168748562537337
6,1.0,VI,32,1.783740634460864
6,1.0,VI,33,1.7892534543367407
6,1.0,VI,34,1.9070551156287967
6,1.0,VI,35,1.2994337122708348
6,1.0,VI,36,1.8558179526595608
6,1.0,VI,37,1.861810126070442
6,1.0,VI,38,1.5257789148710563
6,1.0,VI,39,1.9229854936042992
6,1.0,VI,40,2.1655329806045853
6,1.0,VI,41,2.0277211522043084
6,1.0,VI,42,1.7448282328967442
6,1.0,VI,43,1.685757964538361
6,1.0,VI,44,1.6875996011992302
6,1.0,VI,45,2.109661103957686
6,1.0,VI,46,1.6877484802631892
6,1.0,VI,47,1.760224739175732
6,1.0,VI,48,1.5633110889706177
6,1.0,VI,49,1.5238619869935335
7,0.0,SUB,0,0.027571778127358153
7,0.0,SUB,1,0.04308146980001006
7,0.0,SUB,2,0.04192296469744694
7,0.0,SUB,3,0.03206359485811079
7,0.0,SUB,4,0.03766141341424231
7,0.0,SUB,5,0.04144025446788006
7,0.0,SUB,6,0.03865176909895409
7,0.0,SUB,7,0.034647390891812686
7,0.0,SUB,8,0.039335882437721195
7,0.0,SUB,9,0.01982951545944737
7,0.0,SUB,10,0.027565899869866982
7,0.0,SUB,11,0.023872313782125225
7,0.0,SUB,12,0.02607859260605655
7,0.0,SUB,13,0.02869924127344333
7,0.0,SUB,14,0.02545821067760468
7,0.0,SUB,15,0.0378851991851283
7,0.0,SUB,16,0.02547744873321884
7,0.0,SUB,17,0.04108246333557141
7,0.0,SUB,18,0.03310511015264191
7,0.0,SUB,19,0.05011987736462004
7,0.0,SUB,20,0.025202744573226774
7,0.0,SUB,21,0.025921415986549998
7,0.0,SUB,22,0.026281937088383903
7,0.0,SUB,23,0.03296324632868954
7,0.0,SUB,24,0.02685879042464476
7,0.0,SUB,25,0.045700220345242466
7,0.0,SUB,26,0.031572238200725154
7,0.0,SUB,27,0.030154198800949085
7,0.0,SUB,28,0.030172892778946886
7,0.0,SUB,29,0.03979269846771545
7,0.0,SUB,30,0.04560580260739645
7,0.0,SUB,31,0.02402583168100312
7,0.0,SUB,32,0.026379559163991245
7,0.0,SUB,33,0.024532620255107683
7,0.0,SUB,34,0.03336188000469806
7,0.0,SUB,35,0.030622211934768634
7,0.0,SUB,36,0.03468025936811221
7,0.0,SUB,37,0.03622759562184746
7,0.0,SUB,38,0.02734006421099574
7,0.0,SUB,39,0.0390661613152442
7,0.0,SUB,40,0.036218984756867745
7,0.0,SUB,41,0.03173458761636597
7,0.0,SUB,42,0.048294404229150906
7,0.0,SUB,43,0.02722933123638053
7,0.0,SUB,44,0.027549719877284287
7,0.0,SUB,45,0.02846442466057699
7,0.0,SUB,46,0.03133605250885758
7,0.0,SUB,47,0.06715069659754544
7,0.0,SUB,48,0.028192246807590464
7,0.0,SUB,49,0.032765483964474186
7,0.0,VI,0,4.792614220070477e-07
7,0.0,VI,1,6.435907417728554e-06
7,0.0,VI,2,0.0023426541511785905
7,0.0,VI,3,4.0126421655077833e-07
7,0.0,VI,4,3.1575111342183016e-07
7,0.0,VI,5,0.0006897775629036889
7,0.0,VI,6,5.661112846774213e-06
7,0.0,VI,7,2.9762654738731293e-07
7,0.0,VI,8,0.0008443090959480768
7,0.0,VI,9,2.5023212897105046e-07
7,0.0,VI,10,0.002566675270677894
7,0.0,VI,11,4.3929561743142676e-07
7,0.0,VI,12,4.3822079167899874e-07
7,0.0,VI,13,0.0007836928651456917
7,0.0,VI,14,2.974024092793349e-07
7,0.0,VI,15,2.455579456728851e-07
7,0.0,VI,16,2.9452861607489686e-07
7,0.0,VI,17,6.3666612295764434e-06
7,0.0,VI,18,3.075937022739849e-07
7,0.0,VI,19,2.2623250485504933e-07
7,0.0,VI,20,1.2611380761862294e-07
7,0.0,VI,21,0.0023680318961233427
7,0.0,VI,22,0.0005000378002402925
7,0.0,VI,23,4.181858808961261e-07
7,0.0,VI,24,2.6129484243520894e-07
7,0.0,VI,25,0.0004647509400762748
7,0.0,VI,26,3.525713295366547e-07
7,0.0,VI,27,0.002331913118606359
7,0.0,VI,28,0.0025164550326190567
7,0.0,VI,29,9.861076875023443e-06
7,0.0,VI,30,0.00017360244399537288
7,0.0,VI,31,2.9985763213049027e-07
7,0.0,VI,32,2.7534345350400727e-07
7,0.0,VI,33,2.6200460244618605e-07
7,0.0,VI,34,2.0208306117280513e-07
7,0.0,VI,35,3.755724285200817e-07
7,0.0,VI,36,2.1830176281020017e-07
7,0.0,VI,37,2.4795899211381095e-07
7,0.0,VI,38,3.904646129595485e-07
7,0.0,VI,39,0.0003697618356578486
7,0.0,VI,40,0.001021073154562137
7,0.0,VI,41,2.3327492155113735e-07
7,0.0,VI,42,1.9537626539025907e-07
7,0.0,VI,43,1.7298294537935926e-07
7,0.0,VI,44,2.535770118697774e-07
7,0.0,VI,45,0.0019740554548333114
7,0.0,VI,46,1.9195483400872246e-07
7,0.0,VI,47,2.350089283290267e-06
7,0.0,VI,48,2.6737485526102493e-07
7,0.0,VI,49,2.797959278855482e-07
7,0.01,SUB,0,0.031469263412778364
7,0.01,SUB,1,0.07483803023805945
7,0.01,SUB,2,0.03118543893144923
7,0.01,SUB,3,0.03890563316907534
7,0.01,SUB,4,0.03501568987119141
7,0.01,SUB,5,0.03288962021680052
7,0.01,SUB,6,0.024079467640751334
7,0.01,SUB,7,0.045160372598903
7,0.01,SUB,8,0.052064684499806876
7,0.01,SUB,9,0.03762380336957038
7,0.01,SUB,10,0.03277013497051604
7,0.01,SUB,11,0.02194608827052068
7,0.01,SUB,12,0.03613243609921296
7,0.01,SUB,13,0.0195764516292537
7,0.01,SUB,14,0.03268146552890325
7,0.01,SUB,15,0.021698900641389435
7,0.01,SUB,16,0.021524369343003582
7,0.01,SUB,17,0.021587517680893974
7,0.01,SUB,18,0.03822647741672867
7,0.01,SUB,19,0.036403076992806586
7,0.01,SUB,20,0.03525485500615805
7,0.01,SUB,21,0.028030715943019282
7,0.01,SUB,22,0.038642493154415966
7,0.01,SUB,23,0.021821196688723874
7,0.01,SUB,24,0.026560762872975728
7,0.01,SUB,25,0.028037064903348598
7,0.01,SUB,26,0.05571788781597131
7,0.01,SUB,27,0.043871180252639926
7,0.01,SUB,28,0.059511732684354446
7,0.01,SUB,29,0.03862714598249614
7,0.01,SUB,30,0.03688540549441675
7,0.01,SUB,31,0.04264998977507076
7,0.01,SUB,32,0.04229174088208899
7,0.01,SUB,33,0.024060688488268235
7,0.01,SUB,34,0.03429997885613097
7,0.01,SUB,35,0.03865306301293785
7,0.01,SUB,36,0.03791652383326865
7,0.01,SUB,37,0.02377183561706183
7,0.01,SUB,38,0.028528034440248113
7,0.01,SUB,39,0.0310990525102126
7,0.01,SUB,40,0.037580231796854796
7,0.01,SUB,41,0.04093825861820286
7,0.01,SUB,42,0.023322383314228833
7,0.01,SUB,43,0.04391028864269581
7,0.01,SUB,44,0.03926788793736498
7,0.01,SUB,45,0.038735010158714826
7,0.01,SUB,46,0.026798509264300028
7,0.01,SUB,47,0.0222544923444364
7,0.01,SUB,48,0.04176074621746575
7,0.01,SUB,49,0.030515523804694925
7,0.01,VI,0,0.007815204172541558
7,0.01,VI,1,0.007133868749872208
7,0.01,VI,2,0.007905302048227416
7,0.01,VI,3,0.014554755439643791
7,0.01,VI,4,0.0066476873348563295
7,0.01,VI,5,0.01601435811678475
7,0.01,VI,6,0.011758827614069456
7,0.01,VI,7,0.008538040665463839
7,0.01,VI,8,0.006771934967846969
7,0.01,VI,9,0.007754344734117004
7,0.01,VI,10,0.005786403953266998
7,0.01,VI,11,0.005369734320793639
7,0.01,VI,12,0.008595086647447582
7,0.01,VI,13,0.006684067217878279
7,0.01,VI,14,0.00625161627809748
7,0.01,VI,15,0.006865475025980251
7,0.01,VI,16,0.005443821570646146
7,0.01,VI,17,0.007340864507014139
7,0.01,VI,18,0.009290941636867056
7,0.01,VI,19,0.00926722081218209
7,0.01,VI,20,0.008565578949840478
7,0.01,VI,21,0.01037330785765547
7,0.01,VI,22,0.008295038795040182
7,0.01,VI,23,0.006195819302084586
7,0.01,VI,24,0.005871872108138215
7,0.01,VI,25,0.0065424221110876694
7,0.01,VI,26,0.006634214167978654
7,0.01,VI,27,0.009196687097215139
7,0.01,VI,28,0.00808804067990444
7,0.01,VI,29,0.007176727376787678
7,0.01,VI,30,0.008964211725007156
7,0.01,VI,31,0.005354716494784609
7,0.01,VI,32,0.007674233116988962
7,0.01,VI,33,0.00659286333650584
7,0.01,VI,34,0.007067109157322335
7,0.01,VI,35,0.006859933592977285
7,0.01,VI,36,0.006478732976500591
7,0.01,VI,37,0.006027164605329104
7,0.01,VI,38,0.008040773221734994
7,0.01,VI,39,0.0063199272028213105
7,0.01,VI,40,0.008077033625841093
7,0.01,VI,41,0.0062622872108749625
7,0.01,VI,42,0.011963143793906955
7,0.01,VI,43,0.006596873159654981
7,0.01,VI,44,0.0061806425790325815
7,0.01,VI,45,0.009986839876367018
7,0.01,VI,46,0.007191083137512309
7,0.01,VI,47,0.006284742999183632
7,0.01,VI,48,0.006573643577054008
7,0.01,VI,49,0.0069057930665640385
7,0.05,SUB,0,0.04672618581864823
7,0.05,SUB,1,0.05439249788426789
7,0.05,SUB,2,0.04511882992246831
7,0.05,SUB,3,0.05871503025827949
7,0.05,SUB,4,0.048134510211268085
7,0.05,SUB,5,0.0470028769814454
7,0.05,SUB,6,0.0550313380589054
7,0.05,SUB,7,0.046874987361704964
7,0.05,SUB,8,0.03948342426408711
7,0.05,SUB,9,0.05694064492817725
7,0.05,SUB,10,0.030132584362494434
7,0.05,SUB,11,0.0426087595805102
7,0.05,SUB,12,0.04881711694540723
7,0.05,SUB,13,0.05295348339782361
7,0.05,SUB,14,0.037168016583246054
7,0.05,SUB,15,0.06371123768599501
7,0.05,SUB,16,0.06525940601068009
7,0.05,SUB,17,0.05699401542392464
7,0.05,SUB,18,0.05333499159975504
7,0.05,SUB,19,0.029232257776793384
7,0.05,SUB,20,0.04035575949139256
7,0.05,SUB,21,0.03141339148801473
7,0.05,SUB,22,0.03493410214472684
7,0.05,SUB,23,0.05796101303224767
7,0.05,SUB,24,0.02426529493489157
7,0.05,SUB,25,0.040334375872919465
7,0.05,SUB,26,0.027319494674505146
7,0.05,SUB,27,0.025661062193920867
7,0.05,SUB,28,0.037331253823642004
7,0.05,SUB,29,0.04215413765209685
7,0.05,SUB,30,0.036639304138876186
7,0.05,SUB,31,0.060484138209648826
7,0.05,SUB,32,0.04816485574081079
7,0.05,SUB,33,0.047551602740408185
7,0.05,SUB,34,0.03470570412095234
7,0.05,SUB,35,0.05315555975217247
7,0.05,SUB,36,0.0558192549502884
7,0.05,SUB,37,0.0616584975962188
7,0.05,SUB,38,0.03219615590395147
7,0.05,SUB,39,0.07167139049150478
7,0.05,SUB,40,0.04118985119377457
7,0.05,SUB,41,0.07879243942418206
7,0.05,SUB,42,0.05459679677466548
7,0.05,SUB,43,0.05597440373143549
7,0.05,SUB,44,0.042925258780891866
7,0.05,SUB,45,0.04786967017029624
7,0.05,SUB,46,0.0476350343440119
7,0.05,SUB,47,0.05265911429612144
7,0.05,SUB,48,0.03196332976705909
7,0.05,SUB,49,0.047204407470864136
7,0.05,VI,0,2.2213070458409256
7,0.05,VI,1,1.6509131626395976
7,0.05,VI,2,1.9649560919438118
7,0.05,VI,3,2.092678527516333
7,0.05,VI,4,2.0432572623223577
7,0.05,VI,5,2.131408459788065
7,0.05,VI,6,1.8808532659632629
7,0.05,VI,7,1.6779866423218175
7,0.05,VI,8,1.826354984547213
7,0.05,VI,9,1.837920176834641
7,0.05,VI,10,1.6133679653814126
7,0.05,VI,11,1.8111134055873475
7,0.05,VI,12,1.885951794791827
7,0.05,VI,13,1.6860638796845528
7,0.05,VI,14,1.8627155061345513
7,0.05,VI,15,1.7001981592308288
7,0.05,VI,16,2.038365785306954
7,0.05,VI,17,1.5737934390426342
7,0.05,VI,18,1.6056469295028335
7,0.05,VI,19,1.6790397382501245
7,0.05,VI,20,1.444285192565204
7,0.05,VI,21,1.9625642734772486
7,0.05,VI,22,2.2022125378632627
7,0.05,VI,23,2.0846710476962618
7,0.05,VI,24,1.833228465873876
7,0.05,VI,25,1.9840751512804697
7,0.05,VI,26,1.9849287463277216
7,0.05,VI,27,2.1093226993019134
7,0.05,VI,28,1.290293821140883
7,0.05,VI,29,1.9486297008345377
7,0.05,VI,30,1.8969551653098642
7,0.05,VI,31,1.9494435299025503
7,0.05,VI,32,1.738300923610894
7,0.05,VI,33,1.5822866115434775
7,0.05,VI,34,1.767813748658192
7,0.05,VI,35,2.2466809671060304
7,0.05,VI,36,1.3803109119689414
7,0.05,VI,37,1.712270629057016
7,0.05,VI,38,1.8944298289976649
7,0.05,VI,39,1.7906218206609918
7,0.05,VI,40,1.5148467408349688
7,0.05,VI,41,1.2931047941065208
7,0.05,VI,42,1.91974943168778
7,0.05,VI,43,1.5346429201703506
7,0.05,VI,44,1.9213450699276504
7,0.05,VI,45,1.9529977311705762
7,0.05,VI,46,1.8934848013278156
7,0.05,VI,47,1.764464280002006
7,0.05,VI,48,2.184434953859586
7,0.05,VI,49,2.091903230110095
7,0.1,SUB,0,0.09646716229742
7,0.1,SUB,1,0.09807068086987766
7,0.1,SUB,2,0.09061727293233499
7,0.1,SUB,3,0.09104418170266984
7,0.1,SUB,4,0.04420714161523778
7,0.1,SUB,5,0.10425259313082799
7,0.1,SUB,6,0.02949772603117258
7,0.1,SUB,7,0.08148393741663364
7,0.1,SUB,8,0.07102242210876301
7,0.1,SUB,9,0.0684823923439165
7,0.1,SUB,10,0.09399193461575078
7,0.1,SUB,11,0.08002747738654277
7,0.1,SUB,12,0.08551593275198315
7,0.1,SUB,13,0.04712588960492046
7,0.1,SUB,14,0.03733396496807616
7,0.1,SUB,15,0.04839180775059736
7,0.1,SUB,16,0.10107458631987547
7,0.1,SUB,17,0.09031615215167699
7,0.1,SUB,18,0.09745697896912502
7,0.1,SUB,19,0.07757710050808365
7,0.1,SUB,20,0.06126357206221412
7,0.1,SUB,21,0.09917038072480835
7,0.1,SUB,22,0.11324925545965153
7,0.1,SUB,23,0.07630933112290529
7,0.1,SUB,24,0.056589000453578286
7,0.1,SUB,25,0.06414364644537347
7,0.1,SUB,26,0.04571187243281457
7,0.1,SUB,27,0.08527509304078874
7,0.1,SUB,28,0.08170839602633041
7,0.1,SUB,29,0.05907179215443618
7,0.1,SUB,30,0.05452337993709749
7,0.1,SUB,31,0.12044421132582299
7,0.1,SUB,32,0.05565630258509796
7,0.1,SUB,33,0.0860889374726199
7,0.1,SUB,34,0.08639122383745831
7,0.1,SUB,35,0.08743047027637468
7,0.1,SUB,36,0.04734593862428842
7,0.1,SUB,37,0.04542224207197138
7,0.1,SUB,38,0.06954491076563941
7,0.1,SUB,39,0.11757369483025504
7,0.1,SUB,40,0.08239822792947274
7,0.1,SUB,41,0.044632977566295
7,0.1,SUB,42,0.07725645563699206
7,0.1,SUB,43,0.036141040382018576
7,0.1,SUB,44,0.06112743326800954
7,0.1,SUB,45,0.05556703269712758
7,0.1,SUB,46,0.08069955494089143
7,0.1,SUB,47,0.09508422907411246
7,0.1,SUB,48,0.08759730366847575
7,0.1,SUB,49,0.04275366760776027
7,0.1,VI,0,1.9733532000289742
7,0.1,VI,1,2.1208989561830034
7,0.1,VI,2,2.1685074606352037
7,0.1,VI,3,1.497469135331705
7,0.1,VI,4,2.161765287004584
7,0.1,VI,5,1.7988055848208193
7,0.1,VI,6,2.198852910438429
7,0.1,VI,7,2.2465489229776305
7,0.1,VI,8,1.7832588845149426
7,0.1,VI,9,2.0162364856711714
7,0.1,VI,10,2.0459956889316224
7,0.1,VI,11,1.5361141800227218
7,0.1,VI,12,1.8705126884286694
7,0.1,VI,13,2.037540018679755
7,0.1,VI,14,1.7766709035516342
7,0.1,VI,15,2.1636989818822867
7,0.1,VI,16,1.99722908855467
7,0.1,VI,17,2.0198970654250843
7,0.1,VI,18,1.9630299835758747
7,0.1,VI,19,2.1255755055580527
7,0.1,VI,20,2.0483810007527175
7,0.1,VI,21,1.7918976500436419
7,0.1,VI,22,2.139157091307512
7,0.1,VI,23,1.8945901399519438
7,0.1,VI,24,1.9838986931383455
7,0.1,VI,25,1.7756325777898871
7,0.1,VI,26,2.3206199695403473
7,0.1,VI,27,1.8187965335022058
7,0.1,VI,28,1.7923622444029437
7,0.1,VI,29,1.7840468078375824
7,0.1,VI,30,1.7500558432194013
7,0.1,VI,31,1.7656497610512492
7,0.1,VI,32,1.83274224647603
7,0.1,VI,33,2.3115802155856233
7,0.1,VI,34,2.160910627817776
7,0.1,VI,35,1.387719437595692
7,0.1,VI,36,1.8910718516711653
7,0.1,VI,37,1.9818123041164524
7,0.1,VI,38,1.8824464343093719
7,0.1,VI,39,1.2932245997790717
7,0.1,VI,40,1.8380430401319872
7,0.1,VI,41,2.0490015252920992
7,0.1,VI,42,1.9850799336141447
7,0.1,VI,43,1.9230418461810959
7,0.1,VI,44,1.5917776085209563
7,0.1,VI,45,1.980563042878799
7,0.1,VI,46,1.811408505890282
7,0.1,VI,47,1.536375453734464
7,0.1,VI,48,1.9209761436774995
7,0.1,VI,49,2.27759502973943
7,0.3,SUB,0,0.16640934671084331
7,0.3,SUB,1,0.11320962694562998
7,0.3,SUB,2,0.13394146655970812
7,0.3,SUB,3,0.11482404251569102
7,0.3,SUB,4,0.14049079260992298
7,0.3,SUB,5,0.11322608328070005
7,0.3,SUB,6,0.14858989089310878
7,0.3,SUB,7,0.14082674998987857
7,0.3,SUB,8,0.0844209414143172
7,0.3,SUB,9,0.13172931468667845
7,0.3,SUB,10,0.14925005497333266
7,0.3,SUB,11,0.10789088672046553
7,0.3,SUB,12,0.13711189983661357
7,0.3,SUB,13,0.16818434801929721
7,0.3,SUB,14,0.08579264405495288
7,0.3,SUB,15,0.15163110070289618
7,0.3,SUB,16,0.12582738686245765
7,0.3,SUB,17,0.13859002450206773
7,0.3,SUB,18,0.18458184152888057
7,0.3,SUB,19,0.11507227975465747
7,0.3,SUB,20,0.15558908629362694
7,0.3,SUB,21,0.11597946077107354
7,0.3,SUB,22,0.17663551185268864
7,0.3,SUB,23,0.07775245876433025
7,0.3,SUB,24,0.13290860451020475
7,0.3,SUB,25,0.10846259267221063
7,0.3,SUB,26,0.1066923527809221
7,0.3,SUB,27,0.13845978232949077
7,0.3,SUB,28,0.1369330647510145
7,0.3,SUB,29,0.11360750826248404
7,0.3,SUB,30,0.07095009849875446
7,0.3,SUB,31,0.14092225687360965
7,0.3,SUB,32,0.1231241880713711
7,0.3,SUB,33,0.16673513057462547
7,0.3,SUB,34,0.16477279365926992
7,0.3,SUB,35,0.08723743039993449
7,0.3,SUB,36,0.1392380113099739
7,0.3,SUB,37,0.13263221604044748
7,0.3,SUB,38,0.14948859408218404
7,0.3,SUB,39,0.18681103290237783
7,0.3,SUB,40,0.1642421404053923
7,0.3,SUB,41,0.11065127770650605
7,0.3,SUB,42,0.13433172618722808
7,0.3,SUB,43,0.12809584109465916
7,0.3,SUB,44,0.1388717736953591
7,0.3,SUB,45,0.0850134350296118
7,0.3,SUB,46,0.1489375935993005
7,0.3,SUB,47,0.1475993577385552
7,0.3,SUB,48,0.13909862426534544
7,0.3,SUB,49,0.15382776509574375
7,0.3,VI,0,2.1315658084128106
7,0.3,VI,1,2.3206592634860024
7,0.3,VI,2,2.0132231604493165
7,0.3,VI,3,1.6223537009078677
7,0.3,VI,4,1.9839253455282715
7,0.3,VI,5,1.7500731946939194
7,0.3,VI,6,1.9972484728920203
7,0.3,VI,7,1.784078746258286
7,0.3,VI,8,1.8911082926488572
7,0.3,VI,9,2.3116170346475875
7,0.3,VI,10,1.9209935144772263
7,0.3,VI,11,2.037562357932443
7,0.3,VI,12,2.168528993785174
7,0.3,VI,13,1.8965780630714446
7,0.3,VI,14,1.6457435063654118
7,0.3,VI,15,1.8946109551879131
7,0.3,VI,16,2.198886531138264
7,0.3,VI,17,2.0460140888181817
7,0.3,VI,18,2.0162624847111483
7,0.3,VI,19,1.7919139161554583
7,0.3,VI,20,2.1391960073173824
7,0.3,VI,21,1.677522086841764
7,0.3,VI,22,2.048411148020313
7,0.3,VI,23,1.7767070814362065
7,0.3,VI,24,1.6761126446688652
7,0.3,VI,25,1.9818336822218212
7,0.3,VI,26,1.7147094161465686
7,0.3,VI,27,2.049024434404437
7,0.3,VI,28,1.9805871059544944
7,0.3,VI,29,1.5361275213892436
7,0.3,VI,30,1.9230618907617616
7,0.3,VI,31,1.912091952885236
7,0.3,VI,32,1.7756522626695148
7,0.3,VI,33,2.2436090983772106
7,0.3,VI,34,1.9355475911653215
7,0.3,VI,35,1.8327635213693463
7,0.3,VI,36,2.1209238944655096
7,0.3,VI,37,1.5363918559310008
7,0.3,VI,38,1.5917929866627487
7,0.3,VI,39,2.046814999633361
7,0.3,VI,40,1.293236369676413
7,0.3,VI,41,2.2776351376980952
7,0.3,VI,42,2.23442924699252
7,0.3,VI,43,1.9049999625475809
7,0.3,VI,44,2.019915868288111
7,0.3,VI,45,1.8080990671421098
7,0.3,VI,46,1.5584274467851862
7,0.3,VI,47,1.7656690908770485
7,0.3,VI,48,1.9834884977623046
7,0.3,VI,49,2.161799897397197
7,0.5,SUB,0,0.16329967211967603
7,0.5,SUB,1,0.1883385405310327
7,0.5,SUB,2,0.18911535255708384
7,0.5,SUB,3,0.1805452737626623
7,0.5,SUB,4,0.18692317312531337
7,0.5,SUB,5,0.1434521448035655
7,0.5,SUB,6,0.18437850127461267
7,0.5,SUB,7,0.17169777705953723
7,0.5,SUB,8,0.24560869037214775
7,0.5,SUB,9,0.19903834727843003
7,0.5,SUB,10,0.17574380328607125
7,0.5,SUB,11,0.195883775788147
7,0.5,SUB,12,0.16904117659571005
7,0.5,SUB,13,0.16362664169968025
7,0.5,SUB,14,0.1785822530304316
7,0.5,SUB,15,0.19316015710563614
7,0.5,SUB,16,0.17311997932972967
7,0.5,SUB,17,0.18051926811485575
7,0.5,SUB,18,0.17704749404777093
7,0.5,SUB,19,0.19676383255473337
7,0.5,SUB,20,0.23749326797981402
7,0.5,SUB,21,0.1867341606962287
7,0.5,SUB,22,0.19638245299682608
7,0.5,SUB,23,0.14203178269113279
7,0.5,SUB,24,0.1769789211211298
7,0.5,SUB,25,0.2415502183641457
7,0.5,SUB,26,0.21047637032976615
7,0.5,SUB,27,0.14791043904309178
7,0.5,SUB,28,0.181052706281565
7,0.5,SUB,29,0.1853361374083998
7,0.5,SUB,30,0.16979885318358287
7,0.5,SUB,31,0.20602633492702804
7,0.5,SUB,32,0.17594459428512477
7,0.5,SUB,33,0.23647134701386496
7,0.5,SUB,34,0.21780810319744678
7,0.5,SUB,35,0.2225843851685953
7,0.5,SUB,36,0.19293020898804766
7,0.5,SUB,37,0.23715669272335738
7,0.5,SUB,38,0.20767745627323045
7,0.5,SUB,39,0.21328779570621806
7,0.5,SUB,40,0.19546623601130775
7,0.5,SUB,41,0.19082334691246317
7,0.5,SUB,42,0.2309537136364405
7,0.5,SUB,43,0.18760359562134274
7,0.5,SUB,44,0.21107131276787586
7,0.5,SUB,45,0.1518201635286274
7,0.5,SUB,46,0.18007074546861093
7,0.5,SUB,47,0.2047804831059044
7,0.5,SUB,48,0.17791679234967106
7,0.5,SUB,49,0.18108078542000758
7,0.5,VI,0,1.5360605631166593
7,0.5,VI,1,1.798756720493052
7,0.5,VI,2,2.2775095563985195
7,0.5,VI,3,1.9229279827742756
7,0.5,VI,4,2.0374438461922595
7,0.5,VI,5,1.9816842062524078
7,0.5,VI,6,1.896488225681314
7,0.5,VI,7,1.9049174233302422
7,0.5,VI,8,2.160840089218265
7,0.5,VI,9,1.2932109693766018
7,0.5,VI,10,1.8909983251394191
7,0.5,VI,11,1.677390690232615
7,0.5,VI,12,1.9834086203880346
7,0.5,VI,13,1.3876754598937522
7,0.5,VI,14,1.9629641065481576
7,0.5,VI,15,2.0131536856578585
7,0.5,VI,16,1.7840110088088454
7,0.5,VI,17,1.7918266216360788
7,0.5,VI,18,1.9354872322228611
7,0.5,VI,19,1.9120137214625132
7,0.5,VI,20,2.1391030044444244
7,0.5,VI,21,2.1636162580318445
7,0.5,VI,22,1.536345594727862
7,0.5,VI,23,2.161637848789882
7,0.5,VI,24,1.5917460648026154
7,0.5,VI,25,2.125522350037413
7,0.5,VI,26,2.3205207080476598
7,0.5,VI,27,1.7755239665255074
7,0.5,VI,28,1.749959849898004
7,0.5,VI,29,1.5583872101986591
7,0.5,VI,30,2.198737935138217
7,0.5,VI,31,1.997170251541505
7,0.5,VI,32,2.048884207228592
7,0.5,VI,33,1.9732787131956253
7,0.5,VI,34,1.920932980259701
7,0.5,VI,35,1.7831855598823594
7,0.5,VI,36,1.5920849018934606
7,0.5,VI,37,1.8380104472046834
7,0.5,VI,38,2.1314944244363256
7,0.5,VI,39,2.0467408430405745
7,0.5,VI,40,1.980469194671215
7,0.5,VI,41,1.8945461830565562
7,0.5,VI,42,1.8187559020801538
7,0.5,VI,43,2.1684379806875542
7,0.5,VI,44,2.243529741565136
7,0.5,VI,45,1.6222268884513047
7,0.5,VI,46,1.7922762683501257
7,0.5,VI,47,2.1208212134119404
7,0.5,VI,48,1.6760485036532586
7,0.5,VI,49,2.234280865978681
7,0.7,SUB,0,0.24732125474133798
7,0.7,SUB,1,0.221650257769396
7,0.7,SUB,2,0.20078294830767754
7,0.7,SUB,3,0.3178667015016089
7,0.7,SUB,4,0.269086879712327
7,0.7,SUB,5,0.25309660363785086
7,0.7,SUB,6,0.15286163950875375
7,0.7,SUB,7,0.21587538994745326
7,0.7,SUB,8,0.20536827584969444
7,0.7,SUB,9,0.21539093054130326
7,0.7,SUB,10,0.29904174963302876
7,0.7,SUB,11,0.24818912397736154
7,0.7,SUB,12,0.22093683260957886
7,0.7,SUB,13,0.2541547191288807
7,0.7,SUB,14,0.1949282278345904
7,0.7,SUB,15,0.2472474917921584
7,0.7,SUB,16,0.2694478545271352
7,0.7,SUB,17,0.17838260136837347
7,0.7,SUB,18,0.18997611415079857
7,0.7,SUB,19,0.20331361519930952
7,0.7,SUB,20,0.22308409886342903
7,0.7,SUB,21,0.2089907369451779
7,0.7,SUB,22,0.22672944494056335
7,0.7,SUB,23,0.21190357063195456
7,0.7,SUB,24,0.198391006525804
7,0.7,SUB,25,0.22550257677326685
7,0.7,SUB,26,0.1574933107441188
7,0.7,SUB,27,0.22579204672667347
7,0.7,SUB,28,0.253828859383306
7,0.7,SUB,29,0.2433268482274057
7,0.7,SUB,30,0.20220456264549627
7,0.7,SUB,31,0.26531650265978934
7,0.7,SUB,32,0.2684740136489396
7,0.7,SUB,33,0.15597397053519252
7,0.7,SUB,34,0.24965592112512433
7,0.7,SUB,35,0.26528765832734247
7,0.7,SUB,36,0.2721894744286665
7,0.7,SUB,37,0.2821839447542555
7,0.7,SUB,38,0.25783207350028103
7,0.7,SUB,39,0.262896472970191
7,0.7,SUB,40,0.25428715223251197
7,0.7,SUB,41,0.2087092013063995
7,0.7,SUB,42,0.24366298368300154
7,0.7,SUB,43,0.2601276346759987
7,0.7,SUB,44,0.2399949460847431
7,0.7,SUB,45,0.2725904831180719
7,0.7,SUB,46,0.22654633316655964
7,0.7,SUB,47,0.2257054281604252
7,0.7,SUB,48,0.2555396856333854
7,0.7,SUB,49,0.2789388797836332
7,0.7,VI,0,2.0374365905819736
7,0.7,VI,1,1.622203535405872
7,0.7,VI,2,1.5920618767846357
7,0.7,VI,3,1.7655960215929547
7,0.7,VI,4,1.9971634352284202
7,0.7,VI,5,1.9837614431080801
7,0.7,VI,6,2.1987042461574995
7,0.7,VI,7,1.5583615016602688
7,0.7,VI,8,2.320482941312296
7,0.7,VI,9,1.9833570514189311
7,0.7,VI,10,2.131489779668778
7,0.7,VI,11,2.120808309852358
7,0.7,VI,12,1.8079751399181925
7,0.7,VI,13,1.894531875351292
7,0.7,VI,14,2.163572919155209
7,0.7,VI,15,1.6456372134922475
7,0.7,VI,16,1.9629280402282432
7,0.7,VI,17,1.783955661524881
7,0.7,VI,18,1.8704139807548033
7,0.7,VI,19,1.980452479419419
7,0.7,VI,20,1.7499456267175764
7,0.7,VI,21,1.7831704047652097
7,0.7,VI,22,1.8187233407992254
7,0.7,VI,23,2.1254772878973394
7,0.7,VI,24,1.8606531373438175
7,0.7,VI,25,1.951064275825666
7,0.7,VI,26,1.9229135472684573
7,0.7,VI,27,2.0131373933537717
7,0.7,VI,28,1.7755111554924186
7,0.7,VI,29,1.9816844720453641
7,0.7,VI,30,1.896454556701811
7,0.7,VI,31,2.016177234798189
7,0.7,VI,32,2.168431298037764
7,0.7,VI,33,1.7764984702528723
7,0.7,VI,34,1.9732764651157484
7,0.7,VI,35,1.9354777727334573
7,0.7,VI,36,1.5360462877185692
7,0.7,VI,37,2.0488805642853585
7,0.7,VI,38,1.2931875785824931
7,0.7,VI,39,1.7987441138649334
7,0.7,VI,40,1.791818869189233
7,0.7,VI,41,1.792265634732033
7,0.7,VI,42,2.27747250345692
7,0.7,VI,43,1.8379908444476476
7,0.7,VI,44,1.677374464370372
7,0.7,VI,45,2.0198140620475935
7,0.7,VI,46,2.161611975132631
7,0.7,VI,47,1.8909510925109116
7,0.7,VI,48,2.139053006759704
7,0.7,VI,49,1.3876540008670337
7,0.9,SUB,0,0.3172025130637335
7,0.9,SUB,1,0.23167283837799954
7,0.9,SUB,2,0.2896586802544976
7,0.9,SUB,3,0.2885234487068676
7,0.9,SUB,4,0.2377974764116592
7,0.9,SUB,5,0.2966187284954033
7,0.9,SUB,6,0.2518500715825176
7,0.9,SUB,7,0.2901309750405043
7,0.9,SUB,8,0.26574049796092136
7,0.9,SUB,9,0.20645645719886666
7,0.9,SUB,10,0.229353930492956
7,0.9,SUB,11,0.28511105444064044
7,0.9,SUB,12,0.3474580003247297
7,0.9,SUB,13,0.24784532792373257
7,0.9,SUB,14,0.33617184995453575
7,0.9,SUB,15,0.23953799777031898
7,0.9,SUB,16,0.27704484914968874
7,0.9,SUB,17,0.24887660108915036
7,0.9,SUB,18,0.3333573978866416
7,0.9,SUB,19,0.27646260020650115
7,0.9,SUB,20,0.25096287422093627
7,0.9,SUB,21,0.2924104862551306
7,0.9,SUB,22,0.348665142172326
7,0.9,SUB,23,0.32346463556656524
7,0.9,SUB,24,0.2830282289821115
7,0.9,SUB,25,0.3230245996020905
7,0.9,SUB,26,0.315072839852549
7,0.9,SUB,27,0.24365201970301695
7,0.9,SUB,28,0.2924188327801694
7,0.9,SUB,29,0.2221956601313419
7,0.9,SUB,30,0.2727830244595599
7,0.9,SUB,31,0.27927641167591877
7,0.9,SUB,32,0.28348527102486154
7,0.9,SUB,33,0.3418479507847802
7,0.9,SUB,34,0.24661209929070668
7,0.9,SUB,35,0.28781075981438
7,0.9,SUB,36,0.33024479861707023
7,0.9,SUB,37,0.35698798596940484
7,0.9,SUB,38,0.2202347678022183
7,0.9,SUB,39,0.2124398597256621
7,0.9,SUB,40,0.20289671403940907
7,0.9,SUB,41,0.29577188597595006
7,0.9,SUB,42,0.2038484095203844
7,0.9,SUB,43,0.3785375672746038
7,0.9,SUB,44,0.2090151882090723
7,0.9,SUB,45,0.26973580853752466
7,0.9,SUB,46,0.24797971388858073
7,0.9,SUB,47,0.3100076909658006
7,0.9,SUB,48,0.27476723943157766
7,0.9,SUB,49,0.29823591152468454
7,0.9,VI,0,2.0484181264991075
7,0.9,VI,1,2.163747199363761
7,0.9,VI,2,1.8114368145169755
7,0.9,VI,3,2.198897152441929
7,0.9,VI,4,1.776717844214037
7,0.9,VI,5,1.8380667997124156
7,0.9,VI,6,1.7500796286117883
7,0.9,VI,7,1.622361165433585
7,0.9,VI,8,1.7919206214719972
7,0.9,VI,9,1.9512630412015604
7,0.9,VI,10,1.8911167739033103
7,0.9,VI,11,1.8607982353257417
7,0.9,VI,12,2.243616473111507
7,0.9,VI,13,1.7756596810018026
7,0.9,VI,14,2.1618114785102316
7,0.9,VI,15,1.5917971795746717
7,0.9,VI,16,2.049033422065382
7,0.9,VI,17,1.6775299077783952
7,0.9,VI,18,1.9839351710525865
7,0.9,VI,19,1.8081072116363008
7,0.9,VI,20,2.320669895032266
7,0.9,VI,21,2.3116260048122195
7,0.9,VI,22,2.016269100010457
7,0.9,VI,23,1.9630729823803188
7,0.9,VI,24,2.0199238158340913
7,0.9,VI,25,1.9805950186362486
7,0.9,VI,26,2.234440744129773
7,0.9,VI,27,1.7147162527242474
7,0.9,VI,28,1.9851069951166695
7,0.9,VI,29,1.53613206358312
7,0.9,VI,30,1.9972559335878473
7,0.9,VI,31,2.1315720981438284
7,0.9,VI,32,2.139204974413015
7,0.9,VI,33,1.8965851167617696
7,0.9,VI,34,1.5584312546987973
7,0.9,VI,35,2.246594486334125
7,0.9,VI,36,2.120932241288778
7,0.9,VI,37,2.160947389082533
7,0.9,VI,38,1.7832806507835506
7,0.9,VI,39,1.4974917902021128
7,0.9,VI,40,1.5921279557905792
7,0.9,VI,41,2.168537285072069
7,0.9,VI,42,1.9230710842593184
7,0.9,VI,43,1.8188291974470154
7,0.9,VI,44,1.7923873392857805
7,0.9,VI,45,1.8946185508032787
7,0.9,VI,46,1.981843350338435
7,0.9,VI,47,1.905006237856109
7,0.9,VI,48,2.046021177186613
7,0.9,VI,49,2.0375705928841055
7,1.0,SUB,0,0.22046948494893734
7,1.0,SUB,1,0.25570623403332726
7,1.0,SUB,2,0.22188851321639108
7,1.0,SUB,3,0.21161743447925577
7,1.0,SUB,4,0.258491650180568
7,1.0,SUB,5,0.20622152421263013
7,1.0,SUB,6,0.2455657964188317
7,1.0,SUB,7,0.25791383220365727
7,1.0,SUB,8,0.25690254716310784
7,1.0,SUB,9,0.25424855496434007
7,1.0,SUB,10,0.19305923401401812
7,1.0,SUB,11,0.25256112034121303
7,1.0,SUB,12,0.2872024465001903
7,1.0,SUB,13,0.23777012096991068
7,1.0,SUB,14,0.24917964041536544
7,1.0,SUB,15,0.27572960758293474
7,1.0,SUB,16,0.2333907288952543
7,1.0,SUB,17,0.28377683352131594
7,1.0,SUB,18,0.21043385278452348
7,1.0,SUB,19,0.25444585590987656
7,1.0,SUB,20,0.2291449703332943
7,1.0,SUB,21,0.22867385603661738
7,1.0,SUB,22,0.26998843036206
7,1.0,SUB,23,0.21467675808893724
7,1.0,SUB,24,0.24316542275269792
7,1.0,SUB,25,0.2135159988342084
7,1.0,SUB,26,0.24027133745951038
7,1.0,SUB,27,0.2172956870650547
7,1.0,SUB,28,0.23530010048155278
7,1.0,SUB,29,0.22810074096754085
7,1.0,SUB,30,0.2322338870069007
7,1.0,SUB,31,0.23584519136185192
7,1.0,SUB,32,0.24696466852355184
7,1.0,SUB,33,0.24107336486012756
7,1.0,SUB,34,0.23077643273667645
7,1.0,SUB,35,0.25621020522907445
7,1.0,SUB,36,0.2366083163913629
7,1.0,SUB,37,0.2170089350081741
7,1.0,SUB,38,0.23200779295997226
7,1.0,SUB,39,0.22484011215765665
7,1.0,SUB,40,0.2506556406956607
7,1.0,SUB,41,0.2211316356372917
7,1.0,SUB,42,0.2592304050347081
7,1.0,SUB,43,0.23148287170524603
7,1.0,SUB,44,0.20209763898686497
7,1.0,SUB,45,0.19736707697303393
7,1.0,SUB,46,0.23513689404351887
7,1.0,SUB,47,0.23415172930272182
7,1.0,SUB,48,0.21032721275034608
7,1.0,SUB,49,0.2007275455449551
7,1.0,VI,0,1.776692648113439
7,1.0,VI,1,1.5363891176408322
7,1.0,VI,2,1.8327518312049638
7,1.0,VI,3,2.168522828034951
7,1.0,VI,4,1.9120863476958518
7,1.0,VI,5,1.645736065089157
7,1.0,VI,6,1.9972428750855502
7,1.0,VI,7,1.9733648054847333
7,1.0,VI,8,1.7500637673239754
7,1.0,VI,9,2.0199088414850745
7,1.0,VI,10,1.9805779345670818
7,1.0,VI,11,2.016259527226849
7,1.0,VI,12,1.8188174909807735
7,1.0,VI,13,1.8080894473799685
7,1.0,VI,14,1.7832678800648682
7,1.0,VI,15,1.4974772605921747
7,1.0,VI,16,1.6223427309982075
7,1.0,VI,17,1.7840734423580875
7,1.0,VI,18,1.6775109010415277
7,1.0,VI,19,1.8946071413031282
7,1.0,VI,20,1.9818210985350246
7,1.0,VI,21,1.7756416821429357
7,1.0,VI,22,1.9850971222245841
7,1.0,VI,23,2.1617867593577387
7,1.0,VI,24,1.6761077889296332
7,1.0,VI,25,2.120916559342342
7,1.0,VI,26,1.558424946880412
7,1.0,VI,27,1.8910998098104002
7,1.0,VI,28,2.125604227907311
7,1.0,VI,29,2.0484070094310196
7,1.0,VI,30,1.592122318500339
7,1.0,VI,31,2.2344177588880676
7,1.0,VI,32,2.131562211493197
7,1.0,VI,33,1.7656653940756524
7,1.0,VI,34,1.9512409241635846
7,1.0,VI,35,2.2776260635599312
7,1.0,VI,36,2.320648487486155
7,1.0,VI,37,2.0132189869113644
7,1.0,VI,38,1.935544324086816
7,1.0,VI,39,2.0490136680693274
7,1.0,VI,40,1.8705415812421966
7,1.0,VI,41,1.7988195922618886
7,1.0,VI,42,1.9834828804839655
7,1.0,VI,43,2.243604932731058
7,1.0,VI,44,1.8607799976098163
7,1.0,VI,45,2.0375531110747134
7,1.0,VI,46,1.9839136027197715
7,1.0,VI,47,1.9209906894837514
7,1.0,VI,48,1.7919071460003932
7,1.0,VI,49,2.246576553530843
8,0.0,SUB,0,0.043151609198334724
8,0.0,SUB,1,0.029855994587772983
8,0.0,SUB,2,0.036006144313267346
8,0.0,SUB,3,0.04048521561203476
8,0.0,SUB,4,0.030058898660497185
8,0.0,SUB,5,0.02311616769129748
8,0.0,SUB,6,0.017967897248932725
8,0.0,SUB,7,0.03641393725381128
8,0.0,SUB,8,0.019824568456940906
8,0.0,SUB,9,0.020612771391936534
8,0.0,SUB,10,0.02969043095653648
8,0.0,SUB,11,0.031227423198255787
8,0.0,SUB,12,0.04589660449308778
8,0.0,SUB,13,0.02115396704727282
8,0.0,SUB,14,0.027456145047757816
8,0.0,SUB,15,0.03774924941332451
8,0.0,SUB,16,0.0356030286444555
8,0.0,SUB,17,0.021522642824474737
8,0.0,SUB,18,0.03795809822603867
8,0.0,SUB,19,0.023924897419184247
8,0.0,SUB,20,0.02203460676791561
8,0.0,SUB,21,0.023518578344087222
8,0.0,SUB,22,0.03223047956484346
8,0.0,SUB,23,0.036980993230927746
8,0.0,SUB,24,0.021481320680846173
8,0.0,SUB,25,0.021720513390583118
8,0.0,SUB,26,0.024866106777280933
8,0.0,SUB,27,0.03547357347512024
8,0.0,SUB,28,0.03077896543390976
8,0.0,SUB,29,0.02330996263832766
8,0.0,SUB,30,0.03158551559664811
8,0.0,SUB,31,0.026050373989311856
8,0.0,SUB,32,0.0494108554885686
8,0.0,SUB,33,0.023572404050308415
8,0.0,SUB,34,0.03242276427917854
8,0.0,SUB,35,0.0361310937510317
8,0.0,SUB,36,0.04234871459983997
8,0.0,SUB,37,0.029246309558134495
8,0.0,SUB,38,0.03265265057240748
8,0.0,SUB,39,0.018446987420445562
8,0.0,SUB,40,0.022046283829349488
8,0.0,SUB,41,0.019142362295533205
8,0.0,SUB,42,0.02524445173024029
8,0.0,SUB,43,0.039306792406782115
8,0.0,SUB,44,0.021299530253717412
8,0.0,SUB,45,0.018531119191795276
8,0.0,SUB,46,0.020203003366225002
8,0.0,SUB,47,0.027226171751185343
8,0.0,SUB,48,0.028430535047993963
8,0.0,SUB,49,0.026646273534766094
8,0.0,VI,0,0.00908839918307288
8,0.0,VI,1,1.4415099439558022e-07
8,0.0,VI,2,1.3567632845426112e-07
8,0.0,VI,3,0.004509021063191764
8,0.0,VI,4,9.102336460772819e-05
8,0.0,VI,5,0.0005791794199790624
8,0.0,VI,6,1.7155528577648337e-07
8,0.0,VI,7,1.8139266026367903e-07
8,0.0,VI,8,1.871520456565099e-07
8,0.0,VI,9,1.393102938997995e-05
8,0.0,VI,10,1.3817770218713341e-07
8,0.0,VI,11,1.8723202266084515e-07
8,0.0,VI,12,0.008844284842024625
8,0.0,VI,13,7.52926813521107e-05
8,0.0,VI,14,1.4223052414331236e-07
8,0.0,VI,15,0.00020400627177200384
8,0.0,VI,16,1.2780859960138244e-07
8,0.0,VI,17,1.8099635784798934e-07
8,0.0,VI,18,1.6445904684332076e-07
8,0.0,VI,19,1.2746947049334436e-07
8,0.0,VI,20,1.6000681265563428e-07
8,0.0,VI,21,0.0003713372532425119
8,0.0,VI,22,1.4829059513776374e-07
8,0.0,VI,23,0.00020563436270439931
8,0.0,VI,24,6.419929121261037e-05
8,0.0,VI,25,0.0013662606453985066
8,0.0,VI,26,1.6019393352922132e-07
8,0.0,VI,27,0.0020700953831617407
8,0.0,VI,28,1.2890710759397912e-07
8,0.0,VI,29,0.0005459080433357474
8,0.0,VI,30,1.112007696730277e-07
8,0.0,VI,31,6.329650863228412e-05
8,0.0,VI,32,0.008935468744698485
8,0.0,VI,33,1.5191206480741e-07
8,0.0,VI,34,1.723986618277205e-07
8,0.0,VI,35,1.4671219920390802e-07
8,0.0,VI,36,0.008904342044567198
8,0.0,VI,37,1.6038539241246122e-07
8,0.0,VI,38,1.4806565552891156e-07
8,0.0,VI,39,0.0011991549074373412
8,0.0,VI,40,1.7629157840164122e-07
8,0.0,VI,41,1.8547013039005221e-07
8,0.0,VI,42,0.00010969723244001052
8,0.0,VI,43,0.009002763072208151
8,0.0,VI,44,1.3808564626667328e-07
8,0.0,VI,45,5.155459771807091e-05
8,0.0,VI,46,0.0019098471885792897
8,0.0,VI,47,1.440703848649171e-06
8,0.0,VI,48,1.749449360741837e-07
8,0.0,VI,49,0.0007280301823179167
8,0.01,SUB,0,0.031605752591740546
8,0.01,SUB,1,0.08148589171777726
8,0.01,SUB,2,0.024637981272598454
8,0.01,SUB,3,0.03737036145228747
8,0.01,SUB,4,0.026607816563730898
8,0.01,SUB,5,0.02023309423123677
8,0.01,SUB,6,0.027646727899028816
8,0.01,SUB,7,0.03530572848712391
8,0.01,SUB,8,0.02739631927077393
8,0.01,SUB,9,0.03399313922597158
8,0.01,SUB,10,0.03575689141097432
8,0.01,SUB,11,0.031031790638096055
8,0.01,SUB,12,0.026388936176051987
8,0.01,SUB,13,0.03521513980800774
8,0.01,SUB,14,0.03722632298281558
8,0.01,SUB,15,0.04616948415434916
8,0.01,SUB,16,0.030038200963823
8,0.01,SUB,17,0.04868429792123451
8,0.01,SUB,18,0.03072780607197427
8,0.01,SUB,19,0.039038411772304236
8,0.01,SUB,20,0.03646659698680696
8,0.01,SUB,21,0.04273930095278748
8,0.01,SUB,22,0.027243957689402375
8,0.01,SUB,23,0.03443356914039136
8,0.01,SUB,24,0.05657748666693562
8,0.01,SUB,25,0.03253763465817394
8,0.01,SUB,26,0.03415264445343928
8,0.01,SUB,27,0.030160166237422893
8,0.01,SUB,28,0.03958874444450958
8,0.01,SUB,29,0.03276188247837129
8,0.01,SUB,30,0.02201972343955494
8,0.01,SUB,31,0.02624996311135392
8,0.01,SUB,32,0.032528445663842276
8,0.01,SUB,33,0.03809070953143334
8,0.01,SUB,34,0.019820920114588893
8,0.01,SUB,35,0.028550880679547586
8,0.01,SUB,36,0.026500523932283856
8,0.01,SUB,37,0.03255623262111255
8,0.01,SUB,38,0.018953494014407407
8,0.01,SUB,39,0.019550218811692593
8,0.01,SUB,40,0.04195054248045574
8,0.01,SUB,41,0.06722848799377217
8,0.01,SUB,42,0.038709637358383404
8,0.01,SUB,43,0.03962615214071658
8,0.01,SUB,44,0.029811154130168174
8,0.01,SUB,45,0.026782411594142137
8,0.01,SUB,46,0.022561727323507277
8,0.01,SUB,47,0.04359415491122036
8,0.01,SUB,48,0.022271160416108212
8,0.01,SUB,49,0.038409270781741826
8,0.01,VI,0,0.006991051334278091
8,0.01,VI,1,0.00887810817391849
8,0.01,VI,2,0.006348392130542209
8,0.01,VI,3,0.011256163843935713
8,0.01,VI,4,0.007869563956087776
8,0.01,VI,5,0.007778035716287587
8,0.01,VI,6,0.006811291245647837
8,0.01,VI,7,0.009813434628180342
8,0.01,VI,8,0.007759218298004941
8,0.01,VI,9,0.007762277659405238
8,0.01,VI,10,0.006690757976586967
8,0.01,VI,11,0.005548535904836568
8,0.01,VI,12,0.005049997664355715
8,0.01,VI,13,0.007315263066753147
8,0.01,VI,14,0.007196381343383166
8,0.01,VI,15,0.007068271762512838
8,0.01,VI,16,0.006741433837157347
8,0.01,VI,17,0.010556969315427538
8,0.01,VI,18,0.0076537361728807275
8,0.01,VI,19,0.007179064101919311
8,0.01,VI,20,0.006709171242813195
8,0.01,VI,21,0.006693018624050517
8,0.01,VI,22,0.005250310721203953
8,0.01,VI,23,0.007185433006917661
8,0.01,VI,24,0.007398092668151619
8,0.01,VI,25,0.008094134736039212
8,0.01,VI,26,0.0073468863217671385
8,0.01,VI,27,0.006196877812352827
8,0.01,VI,28,0.007439060099575287
8,0.01,VI,29,0.00981593198574732
8,0.01,VI,30,0.00751656535082951
8,0.01,VI,31,0.004145444718494584
8,0.01,VI,32,0.008110302342180178
8,0.01,VI,33,0.006501626983938692
8,0.01,VI,34,0.006699787964621668
8,0.01,VI,35,0.005775675512940293
8,0.01,VI,36,0.005527244761641385
8,0.01,VI,37,0.008052471485862713
8,0.01,VI,38,0.0060399654077299345
8,0.01,VI,39,0.007115093100489886
8,0.01,VI,40,0.006125057193399108
8,0.01,VI,41,0.006234854992665211
8,0.01,VI,42,0.014538068378648142
8,0.01,VI,43,0.008817932137957691
8,0.01,VI,44,0.006808134508638914
8,0.01,VI,45,0.006109394199251632
8,0.01,VI,46,0.006881156212280483
8,0.01,VI,47,0.007059569070892197
8,0.01,VI,48,0.005390192401407422
8,0.01,VI,49,0.0066412253013771
8,0.05,SUB,0,0.03440226982013546
8,0.05,SUB,1,0.038012781953981965
8,0.05,SUB,2,0.040934803518622956
8,0.05,SUB,3,0.027778873695750297
8,0.05,SUB,4,0.0262071958896222
8,0.05,SUB,5,0.032879822114870935
8,0.05,SUB,6,0.061649157895273504
8,0.05,SUB,7,0.02914747465374956
8,0.05,SUB,8,0.02782965276157906
8,0.05,SUB,9,0.030410387057458025
8,0.05,SUB,10,0.016928156708481395
8,0.05,SUB,11,0.03538735184864927
8,0.05,SUB,12,0.0368422586438762
8,0.05,SUB,13,0.03541326121908614
8,0.05,SUB,14,0.021244882967794206
8,0.05,SUB,15,0.026950574678585144
8,0.05,SUB,16,0.02862887623122925
8,0.05,SUB,17,0.044117841181423936
8,0.05,SUB,18,0.03190633935516228
8,0.05,SUB,19,0.0548288468174722
8,0.05,SUB,20,0.0347827436728452
8,0.05,SUB,21,0.03469386163037218
8,0.05,SUB,22,0.07511862403423931
8,0.05,SUB,23,0.03153817842098594
8,0.05,SUB,24,0.04254907134264926
8,0.05,SUB,25,0.031509131354622404
8,0.05,SUB,26,0.030526952374783194
8,0.05,SUB,27,0.05881250607726514
8,0.05,SUB,28,0.033403861748129496
8,0.05,SUB,29,0.03240018837584483
8,0.05,SUB,30,0.030472152108875702
8,0.05,SUB,31,0.022724161224596594
8,0.05,SUB,32,0.035983473216506114
8,0.05,SUB,33,0.029157716107945684
8,0.05,SUB,34,0.047225370249874964
8,0.05,SUB,35,0.042818776220510134
8,0.05,SUB,36,0.03080051241121992
8,0.05,SUB,37,0.03606828209216833
8,0.05,SUB,38,0.04115582949506112
8,0.05,SUB,39,0.04900580944722349
8,0.05,SUB,40,0.062208370542571875
8,0.05,SUB,41,0.038060573104131724
8,0.05,SUB,42,0.040734252624038514
8,0.05,SUB,43,0.0285847259647789
8,0.05,SUB,44,0.030400086642093364
8,0.05,SUB,45,0.03218045124539532
8,0.05,SUB,46,0.034253154302236605
8,0.05,SUB,47,0.09500961812262891
8,0.05,SUB,48,0.03893357975387588
8,0.05,SUB,49,0.041444828687048685
8,0.05,VI,0,1.7198112536941872
8,0.05,VI,1,1.7795407003469614
8,0.05,VI,2,1.4799062440546866
8,0.05,VI,3,2.111527792204567
8,0.05,VI,4,2.084540955731852
8,0.05,VI,5,1.7249491676918125
8,0.05,VI,6,1.7410786229464772
8,0.05,VI,7,1.2669361665819523
8,0.05,VI,8,1.999205443185245
8,0.05,VI,9,2.2032830884793144
8,0.05,VI,10,1.6014610422555327
8,0.05,VI,11,2.013168088309197
8,0.05,VI,12,1.9358706011798668
8,0.05,VI,13,2.0526107839931265
8,0.05,VI,14,1.914856836804113
8,0.05,VI,15,1.8218463058124537
8,0.05,VI,16,1.8791972613264267
8,0.05,VI,17,1.5380933315127328
8,0.05,VI,18,1.8737644348060463
8,0.05,VI,19,2.3507004778431946
8,0.05,VI,20,1.6472931497780425
8,0.05,VI,21,1.8017913849523675
8,0.05,VI,22,1.2056136512868016
8,0.05,VI,23,2.305140135257427
8,0.05,VI,24,1.8943012537501875
8,0.05,VI,25,1.5704325146820413
8,0.05,VI,26,2.080947441122684
8,0.05,VI,27,1.3139739902024583
8,0.05,VI,28,2.18426830740778
8,0.05,VI,29,2.3474053483769377
8,0.05,VI,30,1.9962154558461644
8,0.05,VI,31,1.4749879914233446
8,0.05,VI,32,1.702670807595108
8,0.05,VI,33,2.0984045775604128
8,0.05,VI,34,1.9207532558332143
8,0.05,VI,35,1.550772120422447
8,0.05,VI,36,1.4364936993109643
8,0.05,VI,37,1.7442325083836843
8,0.05,VI,38,2.0733020666840787
8,0.05,VI,39,1.8882930215666431
8,0.05,VI,40,1.2620073000774845
8,0.05,VI,41,1.9782869177853497
8,0.05,VI,42,2.0514015402612342
8,0.05,VI,43,2.0979891678512854
8,0.05,VI,44,1.52305872868646
8,0.05,VI,45,1.8067418735536471
8,0.05,VI,46,2.055900263613401
8,0.05,VI,47,1.3917020214544467
8,0.05,VI,48,1.6167277938196287
8,0.05,VI,49,1.9823150992580838
8,0.1,SUB,0,0.07823615382101358
8,0.1,SUB,1,0.04506631709243297
8,0.1,SUB,2,0.07742839909924955
8,0.1,SUB,3,0.0986414765463585
8,0.1,SUB,4,0.0679714835453771
8,0.1,SUB,5,0.07020833645372655
8,0.1,SUB,6,0.09198916756144995
8,0.1,SUB,7,0.09399125082614732
8,0.1,SUB,8,0.07619395112570157
8,0.1,SUB,9,0.05219288663132108
8,0.1,SUB,10,0.09803291547908677
8,0.1,SUB,11,0.10219480207959668
8,0.1,SUB,12,0.10997907655664874
8,0.1,SUB,13,0.08071747290565051
8,0.1,SUB,14,0.07534578422597621
8,0.1,SUB,15,0.10203233984525649
8,0.1,SUB,16,0.1083334119772595
8,0.1,SUB,17,0.07168452115730498
8,0.1,SUB,18,0.08569322642870594
8,0.1,SUB,19,0.05261639816057248
8,0.1,SUB,20,0.11895462181894165
8,0.1,SUB,21,0.058613866222117506
8,0.1,SUB,22,0.1024816183060201
8,0.1,SUB,23,0.10593221522970286
8,0.1,SUB,24,0.06536924598274738
8,0.1,SUB,25,0.12034857591215321
8,0.1,SUB,26,0.10103599939807668
8,0.1,SUB,27,0.06370853585389183
8,0.1,SUB,28,0.07754382938441277
8,0.1,SUB,29,0.047493294117776905
8,0.1,SUB,30,0.062185716837875
8,0.1,SUB,31,0.06226501668260345
8,0.1,SUB,32,0.10054267747243555
8,0.1,SUB,33,0.04986906314593212
8,0.1,SUB,34,0.06342490463459911
8,0.1,SUB,35,0.07238799573164051
8,0.1,SUB,36,0.08694999642227895
8,0.1,SUB,37,0.0685003947656592
8,0.1,SUB,38,0.054750060438420685
8,0.1,SUB,39,0.06859292564140484
8,0.1,SUB,40,0.11498039045343113
8,0.1,SUB,41,0.03409536459434859
8,0.1,SUB,42,0.07274977052902097
8,0.1,SUB,43,0.06017159132324306
8,0.1,SUB,44,0.06148757364392891
8,0.1,SUB,45,0.05519446332229724
8,0.1,SUB,46,0.10836300412858209
8,0.1,SUB,47,0.03820626454226134
8,0.1,SUB,48,0.10772155457128131
8,0.1,SUB,49,0.0816940543648804
8,0.1,VI,0,2.167542047105111
8,0.1,VI,1,2.2945220777788444
8,0.1,VI,2,1.7139509543292868
8,0.1,VI,3,2.2224841290498065
8,0.1,VI,4,1.9684734462756759
8,0.1,VI,5,1.989475051778413
8,0.1,VI,6,1.9475893460948475
8,0.1,VI,7,1.9640518038298984
8,0.1,VI,8,2.108054565523386
8,0.1,VI,9,2.2185038447307286
8,0.1,VI,10,1.7074742578535635
8,0.1,VI,11,2.203258361358958
8,0.1,VI,12,1.6768865685232497
8,0.1,VI,13,1.938098371848874
8,0.1,VI,14,2.0549191864896965
8,0.1,VI,15,1.8519055467120449
8,0.1,VI,16,1.638648560182842
8,0.1,VI,17,1.485315286997805
8,0.1,VI,18,1.5973010441558126
8,0.1,VI,19,2.2345074525252033
8,0.1,VI,20,1.7610320159486583
8,0.1,VI,21,2.193663240164184
8,0.1,VI,22,1.9973918466445562
8,0.1,VI,23,1.4699221636334365
8,0.1,VI,24,1.4928817518932722
8,0.1,VI,25,1.4846296063514708
8,0.1,VI,26,2.148624145289372
8,0.1,VI,27,1.6759348862060182
8,0.1,VI,28,1.793781176737726
8,0.1,VI,29,2.4462815795201394
8,0.1,VI,30,2.3386273313089054
8,0.1,VI,31,2.0699476782379556
8,0.1,VI,32,2.2858437389165442
8,0.1,VI,33,2.223184288068225
8,0.1,VI,34,1.9440039881892652
8,0.1,VI,35,1.7803477860791868
8,0.1,VI,36,1.5665844506184854
8,0.1,VI,37,1.9489233250369318
8,0.1,VI,38,2.0681727494394084
8,0.1,VI,39,2.069991142127314
8,0.1,VI,40,2.1019847439042407
8,0.1,VI,41,1.6014933349757754
8,0.1,VI,42,2.042677735068491
8,0.1,VI,43,2.3273323106051294
8,0.1,VI,44,2.3916951716665813
8,0.1,VI,45,2.128387824080256
8,0.1,VI,46,1.6065960318058237
8,0.1,VI,47,1.8769942218183129
8,0.1,VI,48,1.949501560360044
8,0.1,VI,49,2.447255426502331
8,0.3,SUB,0,0.10579578263975381
8,0.3,SUB,1,0.13628059297549783
8,0.3,SUB,2,0.1287377734397875
8,0.3,SUB,3,0.13083756279978268
8,0.3,SUB,4,0.10765196245899572
8,0.3,SUB,5,0.15407150567764005
8,0.3,SUB,6,0.15461415207706677
8,0.3,SUB,7,0.1242119248969758
8,0.3,SUB,8,0.14442858842263973
8,0.3,SUB,9,0.15741793511405922
8,0.3,SUB,10,0.16399559180260964
8,0.3,SUB,11,0.1508564773899597
8,0.3,SUB,12,0.1357339552891205
8,0.3,SUB,13,0.12546043083149497
8,0.3,SUB,14,0.09933774518528482
8,0.3,SUB,15,0.1535447176481561
8,0.3,SUB,16,0.15526645031854314
8,0.3,SUB,17,0.11318818674194288
8,0.3,SUB,18,0.10137438077903757
8,0.3,SUB,19,0.12191049132346735
8,0.3,SUB,20,0.13837111136876934
8,0.3,SUB,21,0.12449885761567195
8,0.3,SUB,22,0.10971326980084399
8,0.3,SUB,23,0.128642644878379
8,0.3,SUB,24,0.1725015245051291
8,0.3,SUB,25,0.09587034132428267
8,0.3,SUB,26,0.09889104984137699
8,0.3,SUB,27,0.1660921875192948
8,0.3,SUB,28,0.09930489255042102
8,0.3,SUB,29,0.08758728424929664
8,0.3,SUB,30,0.112965126986824
8,0.3,SUB,31,0.1248095356812804
8,0.3,SUB,32,0.11241611509067741
8,0.3,SUB,33,0.11799961628713715
8,0.3,SUB,34,0.09795201532410601
8,0.3,SUB,35,0.12947525293230816
8,0.3,SUB,36,0.1790201968906763
8,0.3,SUB,37,0.14534293250319977
8,0.3,SUB,38,0.0902821043747239
8,0.3,SUB,39,0.13762474977891384
8,0.3,SUB,40,0.16044070796671167
8,0.3,SUB,41,0.12213020974434172
8,0.3,SUB,42,0.13120011595919587
8,0.3,SUB,43,0.1469630782571053
8,0.3,SUB,44,0.14825677916036104
8,0.3,SUB,45,0.09292050401653099
8,0.3,SUB,46,0.13506274281606212
8,0.3,SUB,47,0.16221468855701274
8,0.3,SUB,48,0.09198856355592529
8,0.3,SUB,49,0.1117349950143068
8,0.3,VI,0,2.339221726726793
8,0.3,VI,1,2.2635335628173725
8,0.3,VI,2,2.1190259512239096
8,0.3,VI,3,2.132895831847325
8,0.3,VI,4,2.327935636179213
8,0.3,VI,5,1.9482445757093032
8,0.3,VI,6,1.7081917680964815
8,0.3,VI,7,1.7944297976906278
8,0.3,VI,8,1.5980206130660535
8,0.3,VI,9,1.7616950590397928
8,0.3,VI,10,1.5672610532649354
8,0.3,VI,11,1.9647029731074477
8,0.3,VI,12,2.1492539989683825
8,0.3,VI,13,2.070631506628763
8,0.3,VI,14,2.3002701052505303
8,0.3,VI,15,1.677592413359569
8,0.3,VI,16,2.2230685716035596
8,0.3,VI,17,2.4890649696371554
8,0.3,VI,18,1.6019445692241416
8,0.3,VI,19,2.223903740516649
8,0.3,VI,20,1.7146939115452717
8,0.3,VI,21,1.9691599908484823
8,0.3,VI,22,1.4936422171466632
8,0.3,VI,23,1.9388044194430476
8,0.3,VI,24,2.102605039682918
8,0.3,VI,25,2.557381631857087
8,0.3,VI,26,2.4469318428356357
8,0.3,VI,27,2.203870970747909
8,0.3,VI,28,2.295172994473741
8,0.3,VI,29,1.7710728775939708
8,0.3,VI,30,2.070621919714695
8,0.3,VI,31,2.2191336603817002
8,0.3,VI,32,2.194322823144646
8,0.3,VI,33,1.9901179024466207
8,0.3,VI,34,1.8346169927818623
8,0.3,VI,35,1.7811147607570474
8,0.3,VI,36,1.4801856835922433
8,0.3,VI,37,2.168215211919927
8,0.3,VI,38,1.6022396764190479
8,0.3,VI,39,1.9980417196034272
8,0.3,VI,40,2.185777720870051
8,0.3,VI,41,2.108692853881081
8,0.3,VI,42,1.4860847657627634
8,0.3,VI,43,1.799423047301267
8,0.3,VI,44,1.9496099366707509
8,0.3,VI,45,2.0688392367755446
8,0.3,VI,46,2.0555289217010166
8,0.3,VI,47,1.852555699343884
8,0.3,VI,48,2.273564083900944
8,0.3,VI,49,2.0643794566106033
8,0.5,SUB,0,0.2116372794728422
8,0.5,SUB,1,0.14041424743700484
8,0.5,SUB,2,0.20541691981087648
8,0.5,SUB,3,0.1095849182419089
8,0.5,SUB,4,0.10875235877598849
8,0.5,SUB,5,0.18540050314130246
8,0.5,SUB,6,0.15506282535532712
8,0.5,SUB,7,0.12749408788976202
8,0.5,SUB,8,0.1380663859117802
8,0.5,SUB,9,0.1587056486481566
8,0.5,SUB,10,0.17012568301911812
8,0.5,SUB,11,0.11712595119574291
8,0.5,SUB,12,0.17022273977130825
8,0.5,SUB,13,0.16648047541330876
8,0.5,SUB,14,0.1610844202349185
8,0.5,SUB,15,0.127925239435768
8,0.5,SUB,16,0.17386201544830804
8,0.5,SUB,17,0.18668110159111634
8,0.5,SUB,18,0.12068328454590584
8,0.5,SUB,19,0.17100951372445242
8,0.5,SUB,20,0.10929838328755588
8,0.5,SUB,21,0.1288659410762168
8,0.5,SUB,22,0.21367048797820373
8,0.5,SUB,23,0.1426142220776119
8,0.5,SUB,24,0.14596546466473365
8,0.5,SUB,25,0.09977219121067504
8,0.5,SUB,26,0.13175985412036506
8,0.5,SUB,27,0.143075888206249
8,0.5,SUB,28,0.15345831846235422
8,0.5,SUB,29,0.16931690231778418
8,0.5,SUB,30,0.12095538726177162
8,0.5,SUB,31,0.16281430800651034
8,0.5,SUB,32,0.18607293101002934
8,0.5,SUB,33,0.18519188658531308
8,0.5,SUB,34,0.13741584017900396
8,0.5,SUB,35,0.1392044526716029
8,0.5,SUB,36,0.21263555758550012
8,0.5,SUB,37,0.14085239055891677
8,0.5,SUB,38,0.23171156431612253
8,0.5,SUB,39,0.17229232547694484
8,0.5,SUB,40,0.1461497948845003
8,0.5,SUB,41,0.1885708473659802
8,0.5,SUB,42,0.19831925993962954
8,0.5,SUB,43,0.17119626894808093
8,0.5,SUB,44,0.1715466273610583
8,0.5,SUB,45,0.14513646643604375
8,0.5,SUB,46,0.14985605563906113
8,0.5,SUB,47,0.15745092257945303
8,0.5,SUB,48,0.10853387312277726
8,0.5,SUB,49,0.12958206967284341
8,0.5,VI,0,2.043372977741169
8,0.5,VI,1,2.064462006189526
8,0.5,VI,2,2.2865772189919467
8,0.5,VI,3,1.8777521698537711
8,0.5,VI,4,2.219197929267028
8,0.5,VI,5,2.2039377977419443
8,0.5,VI,6,2.070746391268647
8,0.5,VI,7,1.969240580498101
8,0.5,VI,8,1.4861730862086784
8,0.5,VI,9,2.1191306821982936
8,0.5,VI,10,1.7082394506388743
8,0.5,VI,11,2.1682722466021858
8,0.5,VI,12,2.4891833572347624
8,0.5,VI,13,2.1944157965967612
8,0.5,VI,14,2.4470337268079088
8,0.5,VI,15,1.781226467613784
8,0.5,VI,16,2.102672393110334
8,0.5,VI,17,1.4854136600344665
8,0.5,VI,18,2.2736357065842365
8,0.5,VI,19,2.1493890111478415
8,0.5,VI,20,2.068901672593782
8,0.5,VI,21,1.9018622152010052
8,0.5,VI,22,2.4479932363713144
8,0.5,VI,23,2.155729301372469
8,0.5,VI,24,1.949667646216283
8,0.5,VI,25,1.7711162478064133
8,0.5,VI,26,1.6249100875575087
8,0.5,VI,27,2.1329599924404117
8,0.5,VI,28,2.0707175735911436
8,0.5,VI,29,1.6776764932256973
8,0.5,VI,30,1.4937259204266624
8,0.5,VI,31,1.7617910539092223
8,0.5,VI,32,2.328020626567836
8,0.5,VI,33,2.1087873034951277
8,0.5,VI,34,1.834691273073634
8,0.5,VI,35,2.557472345597371
8,0.5,VI,36,1.8526445641831426
8,0.5,VI,37,1.990244117863224
8,0.5,VI,38,2.18583788034771
8,0.5,VI,39,2.1482863898873363
8,0.5,VI,40,2.235240341413805
8,0.5,VI,41,2.2636047896900138
8,0.5,VI,42,1.9981129886256095
8,0.5,VI,43,1.598056650897288
8,0.5,VI,44,1.56734961539713
8,0.5,VI,45,1.6767018067803596
8,0.5,VI,46,2.3003352031468025
8,0.5,VI,47,2.241768330633382
8,0.5,VI,48,1.6023065432490944
8,0.5,VI,49,1.6019796964151851
8,0.7,SUB,0,0.2448552374738927
8,0.7,SUB,1,0.17944369385239708
8,0.7,SUB,2,0.18957300779799077
8,0.7,SUB,3,0.2369458047404232
8,0.7,SUB,4,0.21135591621274177
8,0.7,SUB,5,0.20276905334556744
8,0.7,SUB,6,0.21521129543333922
8,0.7,SUB,7,0.2179605868853649
8,0.7,SUB,8,0.1768262293192966
8,0.7,SUB,9,0.16739231373427102
8,0.7,SUB,10,0.20135031353307967
8,0.7,SUB,11,0.25593418337904145
8,0.7,SUB,12,0.22857997137880726
8,0.7,SUB,13,0.2379604984056198
8,0.7,SUB,14,0.17532711198030856
8,0.7,SUB,15,0.16935999367795054
8,0.7,SUB,16,0.20421858243229837
8,0.7,SUB,17,0.1752741468018651
8,0.7,SUB,18,0.2078305761691629
8,0.7,SUB,19,0.1986996391318902
8,0.7,SUB,20,0.19525781252428306
8,0.7,SUB,21,0.2145719536404146
8,0.7,SUB,22,0.20406880077427783
8,0.7,SUB,23,0.19566665915634937
8,0.7,SUB,24,0.19109905835291563
8,0.7,SUB,25,0.22193567729661282
8,0.7,SUB,26,0.18151393042583325
8,0.7,SUB,27,0.1628300856730335
8,0.7,SUB,28,0.20471831832283238
8,0.7,SUB,29,0.20469170856825863
8,0.7,SUB,30,0.18923534836457848
8,0.7,SUB,31,0.19530097386739004
8,0.7,SUB,32,0.1951265609546736
8,0.7,SUB,33,0.22774845971882982
8,0.7,SUB,34,0.1950748738336714
8,0.7,SUB,35,0.18996602900331372
8,0.7,SUB,36,0.1803128135163706
8,0.7,SUB,37,0.20393510704808213
8,0.7,SUB,38,0.18687245265675145
8,0.7,SUB,39,0.23490793474903923
8,0.7,SUB,40,0.21395824443903172
8,0.7,SUB,41,0.24770414791542072
8,0.7,SUB,42,0.23027830390164777
8,0.7,SUB,43,0.24980804624806455
8,0.7,SUB,44,0.22464677371988592
8,0.7,SUB,45,0.1905137965526787
8,0.7,SUB,46,0.20856667818476607
8,0.7,SUB,47,0.2300208557646865
8,0.7,SUB,48,0.21559216279522947
8,0.7,SUB,49,0.16061239695777538
8,0.7,VI,0,1.9386896638242128
8,0.7,VI,1,2.1327943326936287
8,0.7,VI,2,1.6246891360112223
8,0.7,VI,3,2.118939275335827
8,0.7,VI,4,2.235067893312313
8,0.7,VI,5,1.799286993722844
8,0.7,VI,6,2.286402302867936
8,0.7,VI,7,2.327855034742235
8,0.7,VI,8,2.070542845788017
8,0.7,VI,9,2.273471588509217
8,0.7,VI,10,2.1942349349001904
8,0.7,VI,11,2.295091258254623
8,0.7,VI,12,1.9481343132261777
8,0.7,VI,13,2.392214218636332
8,0.7,VI,14,1.9016710865895703
8,0.7,VI,15,2.15555154964187
8,0.7,VI,16,2.0687332558056433
8,0.7,VI,17,1.6071338420061163
8,0.7,VI,18,1.9500415079224434
8,0.7,VI,19,2.3391491148389494
8,0.7,VI,20,2.070534968873703
8,0.7,VI,21,2.4468714432940084
8,0.7,VI,22,2.5573179792941487
8,0.7,VI,23,1.6764810484184132
8,0.7,VI,24,2.2190351211949744
8,0.7,VI,25,1.9494822591384433
8,0.7,VI,26,1.4934825812433778
8,0.7,VI,27,1.969055287966094
8,0.7,VI,28,2.0431985785629188
8,0.7,VI,29,2.48900747095268
8,0.7,VI,30,1.87757752907406
8,0.7,VI,31,2.128962399442815
8,0.7,VI,32,1.8344894364607636
8,0.7,VI,33,2.2634449816873325
8,0.7,VI,34,1.7709277437890627
8,0.7,VI,35,1.4859238950613436
8,0.7,VI,36,1.7942973397085251
8,0.7,VI,37,2.223819136557318
8,0.7,VI,38,1.7145599874275537
8,0.7,VI,39,1.8524325900921448
8,0.7,VI,40,2.1681193280423527
8,0.7,VI,41,2.102503192903586
8,0.7,VI,42,2.1086043752694406
8,0.7,VI,43,2.203772229931449
8,0.7,VI,44,2.4478300576534733
8,0.7,VI,45,2.1480915154038236
8,0.7,VI,46,1.4704824559409968
8,0.7,VI,47,2.222971728783572
8,0.7,VI,48,1.9838870209554875
8,0.7,VI,49,1.5978400083117403
8,0.9,SUB,0,0.2810871855307998
8,0.9,SUB,1,0.2954897337137322
8,0.9,SUB,2,0.2363136747511086
8,0.9,SUB,3,0.26938694206549774
8,0.9,SUB,4,0.28432920267719325
8,0.9,SUB,5,0.2809004343082157
8,0.9,SUB,6,0.28203370168185465
8,0.9,SUB,7,0.28957815847159424
8,0.9,SUB,8,0.26390027995224247
8,0.9,SUB,9,0.2966504564612862
8,0.9,SUB,10,0.3100988638449251
8,0.9,SUB,11,0.29791273340342966
8,0.9,SUB,12,0.2455793155896826
8,0.9,SUB,13,0.31787693415766677
8,0.9,SUB,14,0.2961257056492276
8,0.9,SUB,15,0.34124245699883543
8,0.9,SUB,16,0.29506377536842116
8,0.9,SUB,17,0.29714547709143324
8,0.9,SUB,18,0.3369492392227683
8,0.9,SUB,19,0.33832981760689607
8,0.9,SUB,20,0.2876880729895335
8,0.9,SUB,21,0.24884894280517028
8,0.9,SUB,22,0.19310477105523963
8,0.9,SUB,23,0.2910145530007574
8,0.9,SUB,24,0.2635957851789223
8,0.9,SUB,25,0.2894811804854974
8,0.9,SUB,26,0.3358124797959271
8,0.9,SUB,27,0.2645829230766523
8,0.9,SUB,28,0.2304240417729823
8,0.9,SUB,29,0.32521224459657944
8,0.9,SUB,30,0.21665939813237833
8,0.9,SUB,31,0.2535023944337751
8,0.9,SUB,32,0.30012965855726903
8,0.9,SUB,33,0.32750757261634406
8,0.9,SUB,34,0.22175956308287692
8,0.9,SUB,35,0.3060760018669239
8,0.9,SUB,36,0.21021442478838856
8,0.9,SUB,37,0.26346613819657616
8,0.9,SUB,38,0.2922674959826728
8,0.9,SUB,39,0.2961530725453948
8,0.9,SUB,40,0.25595095423396363
8,0.9,SUB,41,0.27538232148448605
8,0.9,SUB,42,0.27543366691933185
8,0.9,SUB,43,0.3076262593468178
8,0.9,SUB,44,0.3014274522888045
8,0.9,SUB,45,0.3256423869835406
8,0.9,SUB,46,0.2495452047641091
8,0.9,SUB,47,0.28275861664090357
8,0.9,SUB,48,0.2950177093407197
8,0.9,SUB,49,0.2670473237978574
8,0.9,VI,0,2.0708640713614077
8,0.9,VI,1,1.7813357785164352
8,0.9,VI,2,1.6768095105152772
8,0.9,VI,3,2.2953839793463864
8,0.9,VI,4,2.0557190165247246
8,0.9,VI,5,1.6074805798163467
8,0.9,VI,6,1.8348301464191292
8,0.9,VI,7,1.5981972156241147
8,0.9,VI,8,2.2637328710566433
8,0.9,VI,9,1.9903633032212966
8,0.9,VI,10,1.8527497772983592
8,0.9,VI,11,2.2241320647667364
8,0.9,VI,12,2.155835200108963
8,0.9,VI,13,1.4855257941793467
8,0.9,VI,14,2.241900749863611
8,0.9,VI,15,1.9982443193731863
8,0.9,VI,16,1.6395437250566494
8,0.9,VI,17,1.567448208956547
8,0.9,VI,18,1.4804068578070024
8,0.9,VI,19,2.11925617036053
8,0.9,VI,20,2.3924890476672576
8,0.9,VI,21,1.4862696725735298
8,0.9,VI,22,1.9693428974972602
8,0.9,VI,23,2.1945357754565107
8,0.9,VI,24,2.1027901317084616
8,0.9,VI,25,1.9842183480053392
8,0.9,VI,26,2.4893150481407575
8,0.9,VI,27,2.1683923643434837
8,0.9,VI,28,1.9019759903007694
8,0.9,VI,29,2.223262707440884
8,0.9,VI,30,1.7946109544683166
8,0.9,VI,31,1.7083667160842724
8,0.9,VI,32,2.1859724376529788
8,0.9,VI,33,2.448113087534564
8,0.9,VI,34,2.0645730901252235
8,0.9,VI,35,2.1484056393320663
8,0.9,VI,36,1.7712408629910896
8,0.9,VI,37,2.557613889925169
8,0.9,VI,38,2.0708213248127474
8,0.9,VI,39,1.9484390620098866
8,0.9,VI,40,1.9503546633792344
8,0.9,VI,41,1.9497860567769387
8,0.9,VI,42,1.9448736615835835
8,0.9,VI,43,2.149503209899925
8,0.9,VI,44,2.3394449073472603
8,0.9,VI,45,2.108900442359916
8,0.9,VI,46,1.4938226340094112
8,0.9,VI,47,1.4708278485344364
8,0.9,VI,48,2.204063175693301
8,0.9,VI,49,1.6250192649376947
8,1.0,SUB,0,0.2975594147105617
8,1.0,SUB,1,0.26387190851203973
8,1.0,SUB,2,0.23972039841704004
8,1.0,SUB,3,0.28102566613332125
8,1.0,SUB,4,0.2775233272842433
8,1.0,SUB,5,0.3241542248000629
8,1.0,SUB,6,0.34406044179368644
8,1.0,SUB,7,0.32923134475057525
8,1.0,SUB,8,0.25672106241690246
8,1.0,SUB,9,0.29869711026242857
8,1.0,SUB,10,0.27483621630859395
8,1.0,SUB,11,0.3368301244260682
8,1.0,SUB,12,0.24440463713352098
8,1.0,SUB,13,0.312192121316223
8,1.0,SUB,14,0.2314105364553096
8,1.0,SUB,15,0.29635883857800777
8,1.0,SUB,16,0.24776481430872302
8,1.0,SUB,17,0.31341018960188827
8,1.0,SUB,18,0.3143070275331549
8,1.0,SUB,19,0.2291696349144382
8,1.0,SUB,20,0.2573145444680706
8,1.0,SUB,21,0.260952735536801
8,1.0,SUB,22,0.329187217714667
8,1.0,SUB,23,0.3688208060584091
8,1.0,SUB,24,0.2660062155499243
8,1.0,SUB,25,0.301999907596786
8,1.0,SUB,26,0.2835929377963707
8,1.0,SUB,27,0.2931854105811048
8,1.0,SUB,28,0.32877508275899336
8,1.0,SUB,29,0.3013633325876124
8,1.0,SUB,30,0.297841829188523
8,1.0,SUB,31,0.3122918023379102
8,1.0,SUB,32,0.24152110575639943
8,1.0,SUB,33,0.31100424311465785
8,1.0,SUB,34,0.29831093850452484
8,1.0,SUB,35,0.32101788560390837
8,1.0,SUB,36,0.27103687331535053
8,1.0,SUB,37,0.285338811506183
8,1.0,SUB,38,0.3187522878963229
8,1.0,SUB,39,0.3453108053018397
8,1.0,SUB,40,0.2960711056826419
8,1.0,SUB,41,0.32223323936137277
8,1.0,SUB,42,0.285353528587091
8,1.0,SUB,43,0.3348112926487982
8,1.0,SUB,44,0.3537777173642602
8,1.0,SUB,45,0.2631484249811347
8,1.0,SUB,46,0.2918489804608264
8,1.0,SUB,47,0.28209741661784465
8,1.0,SUB,48,0.30767056764664263
8,1.0,SUB,49,0.3352089480814888
8,1.0,VI,0,1.6250332165421946
8,1.0,VI,1,2.392511995035354
8,1.0,VI,2,2.557641100576395
8,1.0,VI,3,2.148425234853768
8,1.0,VI,4,2.263755407529549
8,1.0,VI,5,1.9484543910514722
8,1.0,VI,6,1.4708373638821068
8,1.0,VI,7,1.6074878207041814
8,1.0,VI,8,2.3005004489959706
8,1.0,VI,9,1.7996204586126565
8,1.0,VI,10,2.2241617955945556
8,1.0,VI,11,2.1192776047685724
8,1.0,VI,12,2.1684186315218055
8,1.0,VI,13,1.761896461151526
8,1.0,VI,14,2.064590961455641
8,1.0,VI,15,2.1945550932062634
8,1.0,VI,16,1.771266738278651
8,1.0,VI,17,1.9448883025966486
8,1.0,VI,18,1.7083907260574114
8,1.0,VI,19,2.447184070058577
8,1.0,VI,20,2.0690518123089565
8,1.0,VI,21,2.2954096388364933
8,1.0,VI,22,2.108917772671182
8,1.0,VI,23,1.4804142625762418
8,1.0,VI,24,1.9019907621031837
8,1.0,VI,25,1.4938353587328594
8,1.0,VI,26,2.273804866001466
8,1.0,VI,27,2.1331066703899713
8,1.0,VI,28,1.59822364393604
8,1.0,VI,29,1.7148895212030857
8,1.0,VI,30,2.328175954795123
8,1.0,VI,31,1.9903754601277697
8,1.0,VI,32,1.877902274677038
8,1.0,VI,33,1.602140361343176
8,1.0,VI,34,2.0557382509065656
8,1.0,VI,35,2.4481347071813837
8,1.0,VI,36,2.2419255369782936
8,1.0,VI,37,2.339461302640456
8,1.0,VI,38,2.0435348045566517
8,1.0,VI,39,1.5674555483247168
8,1.0,VI,40,1.7813552493264753
8,1.0,VI,41,1.9649081446131944
8,1.0,VI,42,2.1028085508929237
8,1.0,VI,43,1.852762363079757
8,1.0,VI,44,2.286748374296153
8,1.0,VI,45,2.1558496006060492
8,1.0,VI,46,2.4893336512297926
8,1.0,VI,47,2.070837487470922
8,1.0,VI,48,2.204083397559921
8,1.0,VI,49,1.8348587129715754
9,0.0,SUB,0,0.04861686568556495
9,0.0,SUB,1,0.032047287203551024
9,0.0,SUB,2,0.03489860889896536
9,0.0,SUB,3,0.028644007737719728
9,0.0,SUB,4,0.04997535266529095
9,0.0,SUB,5,0.03655526573767908
9,0.0,SUB,6,0.03407637491768447
9,0.0,SUB,7,0.03924521749743869
9,0.0,SUB,8,0.0408754082137442
9,0.0,SUB,9,0.017909637119047653
9,0.0,SUB,10,0.04120213985207558
9,0.0,SUB,11,0.05711849127420172
9,0.0,SUB,12,0.034174165426068645
9,0.0,SUB,13,0.041964797372282064
9,0.0,SUB,14,0.027558133395385265
9,0.0,SUB,15,0.03886415770881679
9,0.0,SUB,16,0.04060770958301477
9,0.0,SUB,17,0.03464650918931759
9,0.0,SUB,18,0.04225225253493699
9,0.0,SUB,19,0.03864942621178096
9,0.0,SUB,20,0.04536451561252141
9,0.0,SUB,21,0.039697394316966624
9,0.0,SUB,22,0.024057263657687285
9,0.0,SUB,23,0.04884360164936846
9,0.0,SUB,24,0.05314572848358781
9,0.0,SUB,25,0.038627174757646085
9,0.0,SUB,26,0.020920839327371616
9,0.0,SUB,27,0.037459649738981485
9,0.0,SUB,28,0.03325350550010834
9,0.0,SUB,29,0.060170496084651214
9,0.0,SUB,30,0.028075638081801232
9,0.0,SUB,31,0.02873009897607066
9,0.0,SUB,32,0.04796391639076173
9,0.0,SUB,33,0.03545389881287165
9,0.0,SUB,34,0.056143033897336
9,0.0,SUB,35,0.029484642132150615
9,0.0,SUB,36,0.039632166258191534
9,0.0,SUB,37,0.05041850651463091
9,0.0,SUB,38,0.04374955682691288
9,0.0,SUB,39,0.031631099675790565
9,0.0,SUB,40,0.04481599319752722
9,0.0,SUB,41,0.04938251800926918
9,0.0,SUB,42,0.039174398097227864
9,0.0,SUB,43,0.04637907925190305
9,0.0,SUB,44,0.048157815233207474
9,0.0,SUB,45,0.03963174832587461
9,0.0,SUB,46,0.03206857574249772
9,0.0,SUB,47,0.04964427731541433
9,0.0,SUB,48,0.03415775938307007
9,0.0,SUB,49,0.05351173540748652
9,0.0,VI,0,0.0001152900860649683
9,0.0,VI,1,0.00011231906026132365
9,0.0,VI,2,2.0487268491630452e-07
9,0.0,VI,3,9.059025589479784e-05
9,0.0,VI,4,0.00018507628492782913
9,0.0,VI,5,4.1008847168690576e-07
9,0.0,VI,6,3.5766108400593495e-07
9,0.0,VI,7,2.3798274917653676e-07
9,0.0,VI,8,6.865088749814513e-07
9,0.0,VI,9,2.9509031336341456e-07
9,0.0,VI,10,0.0007869037228562077
9,0.0,VI,11,3.7181919964532376e-07
9,0.0,VI,12,3.651955808633171e-07
9,0.0,VI,13,1.965724123845415e-07
9,0.0,VI,14,3.2936749827971095e-07
9,0.0,VI,15,2.3034786260359626e-07
9,0.0,VI,16,3.5566542196562563e-07
9,0.0,VI,17,6.6415995999746656e-06
9,0.0,VI,18,3.852155391146171e-07
9,0.0,VI,19,3.5942677903308214e-07
9,0.0,VI,20,4.3699439458143275e-07
9,0.0,VI,21,4.380216963380937e-05
9,0.0,VI,22,1.897035702503356e-07
9,0.0,VI,23,0.00022931374048031433
9,0.0,VI,24,7.414599919565009e-05
9,0.0,VI,25,2.221277143582847e-07
9,0.0,VI,26,2.8871895027865887e-07
9,0.0,VI,27,3.144799943269661e-07
9,0.0,VI,28,3.4842375496906377e-07
9,0.0,VI,29,0.00013156051340815206
9,0.0,VI,30,1.5448970761224263e-05
9,0.0,VI,31,2.485305404618077e-07
9,0.0,VI,32,2.7751901290781267e-07
9,0.0,VI,33,0.00046435252018147837
9,0.0,VI,34,4.206956633158317e-07
9,0.0,VI,35,4.7256454164212546e-07
9,0.0,VI,36,0.0005813194989440669
9,0.0,VI,37,5.393766947726126e-07
9,0.0,VI,38,2.89904610909335e-07
9,0.0,VI,39,2.8081682695214505e-07
9,0.0,VI,40,2.102550625556165e-07
9,0.0,VI,41,0.00017838839091555207
9,0.0,VI,42,1.858625491256086e-07
9,0.0,VI,43,2.8037400589581536e-07
9,0.0,VI,44,2.1185360756274827e-07
9,0.0,VI,45,3.6643839442444195e-07
9,0.0,VI,46,2.555806706867863e-07
9,0.0,VI,47,0.00026177581751280176
9,0.0,VI,48,5.225475083692775e-07
9,0.0,VI,49,8.197642165304985e-05
9,0.01,SUB,0,0.023726518215601487
9,0.01,SUB,1,0.04053610653733675
9,0.01,SUB,2,0.044786358814993966
9,0.01,SUB,3,0.03331524375305622
9,0.01,SUB,4,0.01889598552954616
9,0.01,SUB,5,0.04833883146889597
9,0.01,SUB,6,0.01733670226389898
9,0.01,SUB,7,0.05360998413094777
9,0.01,SUB,8,0.030290060565234773
9,0.01,SUB,9,0.04310090600957747
9,0.01,SUB,10,0.028491182546049956
9,0.01,SUB,11,0.03210897464037767
9,0.01,SUB,12,0.05776076264139509
9,0.01,SUB,13,0.03114706693257627
9,0.01,SUB,14,0.0523303038647783
9,0.01,SUB,15,0.031487527476663474
9,0.01,SUB,16,0.05006089894797891
9,0.01,SUB,17,0.04155412017761289
9,0.01,SUB,18,0.022460108740598304
9,0.01,SUB,19,0.020248696978834115
9,0.01,SUB,20,0.05934221546217623
9,0.01,SUB,21,0.0519076472145208
9,0.01,SUB,22,0.03809913734157949
9,0.01,SUB,23,0.03467711957022693
9,0.01,SUB,24,0.056670396052185275
9,0.01,SUB,25,0.03573804898652368
9,0.01,SUB,26,0.06630023792267353
9,0.01,SUB,27,0.028196527760047607
9,0.01,SUB,28,0.041305600638972345
9,0.01,SUB,29,0.030275315233683348
9,0.01,SUB,30,0.03121214901782374
9,0.01,SUB,31,0.02655198878886744
9,0.01,SUB,32,0.03887870008864557
9,0.01,SUB,33,0.043343211097281356
9,0.01,SUB,34,0.04576481042789505
9,0.01,SUB,35,0.0528843301996502
9,0.01,SUB,36,0.03234311434546488
9,0.01,SUB,37,0.026217770674781794
9,0.01,SUB,38,0.029852103489866923
9,0.01,SUB,39,0.058677363404747676
9,0.01,SUB,40,0.041563224602786
9,0.01,SUB,41,0.034642610199120745
9,0.01,SUB,42,0.02751459064706989
9,0.01,SUB,43,0.03836889509629903
9,0.01,SUB,44,0.03136546088128286
9,0.01,SUB,45,0.02169466099479989
9,0.01,SUB,46,0.043400206433588655
9,0.01,SUB,47,0.03707934949825592
9,0.01,SUB,48,0.06520198349470412
9,0.01,SUB,49,0.04127920428440126
9,0.01,VI,0,0.0064436966526016685
9,0.01,VI,1,0.007028938827033974
9,0.01,VI,2,0.007091585609329655
9,0.01,VI,3,0.008345988944799355
9,0.01,VI,4,0.00846979992189223
9,0.01,VI,5,0.01067697839343483
9,0.01,VI,6,0.00780338382005592
9,0.01,VI,7,0.00816731897881885
9,0.01,VI,8,0.010469664723669572
9,0.01,VI,9,0.00713779950134015
9,0.01,VI,10,0.0109041287940277
9,0.01,VI,11,0.006948506868430506
9,0.01,VI,12,0.005999301876939631
9,0.01,VI,13,0.007328083407508887
9,0.01,VI,14,0.007551760963648075
9,0.01,VI,15,0.007229845930466472
9,0.01,VI,16,0.0062787064520212705
9,0.01,VI,17,0.005556442382094644
9,0.01,VI,18,0.00949065007140666
9,0.01,VI,19,0.008375590772449891
9,0.01,VI,20,0.00776601552980278
9,0.01,VI,21,0.009160420532884444
9,0.01,VI,22,0.00803375571541615
9,0.01,VI,23,0.008072375987807459
9,0.01,VI,24,0.008847021167494081
9,0.01,VI,25,0.00973689280551432
9,0.01,VI,26,0.00713640105733601
9,0.01,VI,27,0.005871170091788647
9,0.01,VI,28,0.01004577599314682
9,0.01,VI,29,0.006397587161447522
9,0.01,VI,30,0.008544601221858081
9,0.01,VI,31,0.007291301655373841
9,0.01,VI,32,0.007861808622728618
9,0.01,VI,33,0.009726731258883344
9,0.01,VI,34,0.008218193408881908
9,0.01,VI,35,0.007340365361017931
9,0.01,VI,36,0.00824012315405874
9,0.01,VI,37,0.007101663878118899
9,0.01,VI,38,0.007501427747596819
9,0.01,VI,39,0.008770993409907807
9,0.01,VI,40,0.007691766080197287
9,0.01,VI,41,0.005920634729997082
9,0.01,VI,42,0.011516805616248136
9,0.01,VI,43,0.006692065241397985
9,0.01,VI,44,0.006160197933713064
9,0.01,VI,45,0.006443659826700275
9,0.01,VI,46,0.007464115129239271
9,0.01,VI,47,0.008244188493888192
9,0.01,VI,48,0.02196925657392053
9,0.01,VI,49,0.009681845497560997
9,0.05,SUB,0,0.024704807926997644
9,0.05,SUB,1,0.04890296412370867
9,0.05,SUB,2,0.019341716116401435
9,0.05,SUB,3,0.03965649019866543
9,0.05,SUB,4,0.037497023785888775
9,0.05,SUB,5,0.04178163617300443
9,0.05,SUB,6,0.07892871745124672
9,0.05,SUB,7,0.027356951032518135
9,0.05,SUB,8,0.058317267308564284
9,0.05,SUB,9,0.024747225597514372
9,0.05,SUB,10,0.04486313144281646
9,0.05,SUB,11,0.04030588874499023
9,0.05,SUB,12,0.03760849180759318
9,0.05,SUB,13,0.06928934319332905
9,0.05,SUB,14,0.016180392745627232
9,0.05,SUB,15,0.05396434860794419
9,0.05,SUB,16,0.04078026365930861
9,0.05,SUB,17,0.046364912466646924
9,0.05,SUB,18,0.04188322910866125
9,0.05,SUB,19,0.04208435473161586
9,0.05,SUB,20,0.07895377807749117
9,0.05,SUB,21,0.07500298562147904
9,0.05,SUB,22,0.041983025190878924
9,0.05,SUB,23,0.0741479670209916
9,0.05,SUB,24,0.038722584835536276
9,0.05,SUB,25,0.07355865826360578
9,0.05,SUB,26,0.07234028005644311
9,0.05,SUB,27,0.09821055583343767
9,0.05,SUB,28,0.03849526900295491
9,0.05,SUB,29,0.03086048506111399
9,0.05,SUB,30,0.08519473054256826
9,0.05,SUB,31,0.034811626036284626
9,0.05,SUB,32,0.04878608644201096
9,0.05,SUB,33,0.029859279976224087
9,0.05,SUB,34,0.04396653177835023
9,0.05,SUB,35,0.09597704607863397
9,0.05,SUB,36,0.03050436110316542
9,0.05,SUB,37,0.04109587247323829
9,0.05,SUB,38,0.028787834104356157
9,0.05,SUB,39,0.02095190980248789
9,0.05,SUB,40,0.04008880272192374
9,0.05,SUB,41,0.029940625909231085
9,0.05,SUB,42,0.03710398296260639
9,0.05,SUB,43,0.05905723886334017
9,0.05,SUB,44,0.07372232070541242
9,0.05,SUB,45,0.027892541380165056
9,0.05,SUB,46,0.03014860283352662
9,0.05,SUB,47,0.08199305850593443
9,0.05,SUB,48,0.047690365095960856
9,0.05,SUB,49,0.08531145748063713
9,0.05,VI,0,2.2094966006715833
9,0.05,VI,1,1.7764383446367038
9,0.05,VI,2,2.2555202837627153
9,0.05,VI,3,1.8843194458575978
9,0.05,VI,4,2.1384345744236937
9,0.05,VI,5,2.6051164723616185
9,0.05,VI,6,1.775625901766681
9,0.05,VI,7,2.184293038719493
9,0.05,VI,8,1.9038957239322762
9,0.05,VI,9,1.870660095922706
9,0.05,VI,10,2.007065671611386
9,0.05,VI,11,2.2672328548190217
9,0.05,VI,12,1.9711504604027987
9,0.05,VI,13,2.4154182120481344
9,0.05,VI,14,2.199858712399829
9,0.05,VI,15,2.12686162970303
9,0.05,VI,16,2.2051327897611697
9,0.05,VI,17,2.027774818341308
9,0.05,VI,18,2.2283098934631873
9,0.05,VI,19,2.271229462522991
9,0.05,VI,20,1.9789726895622175
9,0.05,VI,21,1.7914867667836691
9,0.05,VI,22,2.2640426196980643
9,0.05,VI,23,2.104815743861217
9,0.05,VI,24,1.4989597164546478
9,0.05,VI,25,2.3349051654849546
9,0.05,VI,26,2.0006825321334585
9,0.05,VI,27,2.357448378950357
9,0.05,VI,28,1.5246149036483276
9,0.05,VI,29,1.9682857791971542
9,0.05,VI,30,1.8701675868635053
9,0.05,VI,31,2.3310447639701035
9,0.05,VI,32,2.3603031088011184
9,0.05,VI,33,2.4817898876893287
9,0.05,VI,34,2.154882076821175
9,0.05,VI,35,2.1045848894179597
9,0.05,VI,36,1.7481992815848137
9,0.05,VI,37,2.453760450183568
9,0.05,VI,38,2.317782876575564
9,0.05,VI,39,1.9377343285446107
9,0.05,VI,40,2.012956940764255
9,0.05,VI,41,2.267346807623016
9,0.05,VI,42,2.268231777366957
9,0.05,VI,43,1.9193411764133779
9,0.05,VI,44,1.7070372712527337
9,0.05,VI,45,1.6596589762866385
9,0.05,VI,46,2.0877088918928877
9,0.05,VI,47,2.108575370534897
9,0.05,VI,48,1.8817389787663106
9,0.05,VI,49,2.028092362085214
9,0.1,SUB,0,0.05162594340040405
9,0.1,SUB,1,0.10314750372742394
9,0.1,SUB,2,0.07031411256997804
9,0.1,SUB,3,0.0972730967261511
9,0.1,SUB,4,0.08637268068108143
9,0.1,SUB,5,0.08056461388530807
9,0.1,SUB,6,0.05262945643074258
9,0.1,SUB,7,0.050568687641093
9,0.1,SUB,8,0.03987772239147042
9,0.1,SUB,9,0.04474316927040431
9,0.1,SUB,10,0.06534035722792812
9,0.1,SUB,11,0.04617772329628002
9,0.1,SUB,12,0.05814739846273359
9,0.1,SUB,13,0.072275353416097
9,0.1,SUB,14,0.09698719014606196
9,0.1,SUB,15,0.06593378286525646
9,0.1,SUB,16,0.06117125337960208
9,0.1,SUB,17,0.06911830197442506
9,0.1,SUB,18,0.04424475858165993
9,0.1,SUB,19,0.09436182641487761
9,0.1,SUB,20,0.04842557429027569
9,0.1,SUB,21,0.0364925653966155
9,0.1,SUB,22,0.05594354879026647
9,0.1,SUB,23,0.05673500760011267
9,0.1,SUB,24,0.06225033058267633
9,0.1,SUB,25,0.07871011880954698
9,0.1,SUB,26,0.059718783175941544
9,0.1,SUB,27,0.08286850729790735
9,0.1,SUB,28,0.0366949504648215
9,0.1,SUB,29,0.13568725268229256
9,0.1,SUB,30,0.11596769792964914
9,0.1,SUB,31,0.03464517513488695
9,0.1,SUB,32,0.11283377110015289
9,0.1,SUB,33,0.048122244319009196
9,0.1,SUB,34,0.09072627582771987
9,0.1,SUB,35,0.10806829853586714
9,0.1,SUB,36,0.07675048787671004
9,0.1,SUB,37,0.11007464702205842
9,0.1,SUB,38,0.09192214422720722
9,0.1,SUB,39,0.05922809212585146
9,0.1,SUB,40,0.12750478764249568
9,0.1,SUB,41,0.06525937456907606
9,0.1,SUB,42,0.070576870192966
9,0.1,SUB,43,0.04591198143271723
9,0.1,SUB,44,0.12450371256972584
9,0.1,SUB,45,0.11133093054360724
9,0.1,SUB,46,0.08169687834300242
9,0.1,SUB,47,0.12921951015306635
9,0.1,SUB,48,0.06410293547274495
9,0.1,SUB,49,0.11892123954522417
9,0.1,VI,0,2.087835492036377
9,0.1,VI,1,2.051816616906992
9,0.1,VI,2,2.058782477573788
9,0.1,VI,3,1.4990791712308307
9,0.1,VI,4,2.1549722810552945
9,0.1,VI,5,2.1385355218445987
9,0.1,VI,6,2.4819014971590776
9,0.1,VI,7,2.0129825096957776
9,0.1,VI,8,2.199913452427592
9,0.1,VI,9,2.2096167894368173
9,0.1,VI,10,2.007175083013747
9,0.1,VI,11,2.2051580275449507
9,0.1,VI,12,2.268379001129456
9,0.1,VI,13,1.748301302716684
9,0.1,VI,14,1.6096096745138257
9,0.1,VI,15,2.02786989218124
9,0.1,VI,16,2.2284068499209275
9,0.1,VI,17,1.8191814376808417
9,0.1,VI,18,1.9683130288937913
9,0.1,VI,19,2.038812389328823
9,0.1,VI,20,2.3311603966692394
9,0.1,VI,21,2.605277650769708
9,0.1,VI,22,2.267280725705426
9,0.1,VI,23,1.8707077672211472
9,0.1,VI,24,2.18432606101879
9,0.1,VI,25,2.2641242327318225
9,0.1,VI,26,1.8546026344181206
9,0.1,VI,27,2.0008247585446055
9,0.1,VI,28,2.317813747275553
9,0.1,VI,29,2.0491620385194174
9,0.1,VI,30,2.1046839231719696
9,0.1,VI,31,2.2556262739982813
9,0.1,VI,32,1.8702334646511818
9,0.1,VI,33,2.4155956821171007
9,0.1,VI,34,2.1087854032833118
9,0.1,VI,35,1.9790461785117441
9,0.1,VI,36,2.0198924289948064
9,0.1,VI,37,1.919519481918708
9,0.1,VI,38,2.1048688794474617
9,0.1,VI,39,2.028187867684561
9,0.1,VI,40,2.3350190011786816
9,0.1,VI,41,1.6596841150619808
9,0.1,VI,42,2.0896848090367035
9,0.1,VI,43,2.2451567427610732
9,0.1,VI,44,1.5255769117554254
9,0.1,VI,45,1.776505380823696
9,0.1,VI,46,2.1747540200192645
9,0.1,VI,47,1.7756490977559642
9,0.1,VI,48,1.9712941608977368
9,0.1,VI,49,1.527509368272673
9,0.3,SUB,0,0.13111962088446114
9,0.3,SUB,1,0.11683679294159058
9,0.3,SUB,2,0.15181078890048202
9,0.3,SUB,3,0.14493454319980004
9,0.3,SUB,4,0.0871724754440905
9,0.3,SUB,5,0.13843984216513164
9,0.3,SUB,6,0.16207202604886858
9,0.3,SUB,7,0.14538418030363995
9,0.3,SUB,8,0.12230521263778599
9,0.3,SUB,9,0.13452597063929098
9,0.3,SUB,10,0.09378072940986167
9,0.3,SUB,11,0.15763866858225345
9,0.3,SUB,12,0.1446497192759361
9,0.3,SUB,13,0.14933577624129282
9,0.3,SUB,14,0.08694674887509245
9,0.3,SUB,15,0.09979632776099188
9,0.3,SUB,16,0.12868007157939035
9,0.3,SUB,17,0.06968416388319455
9,0.3,SUB,18,0.13535956551358178
9,0.3,SUB,19,0.11955176860525156
9,0.3,SUB,20,0.13999833485739366
9,0.3,SUB,21,0.11220690153993497
9,0.3,SUB,22,0.105750654969407
9,0.3,SUB,23,0.14613114539337943
9,0.3,SUB,24,0.11324574703505524
9,0.3,SUB,25,0.0912522589296645
9,0.3,SUB,26,0.12280006181137153
9,0.3,SUB,27,0.1491744273563043
9,0.3,SUB,28,0.17330065671657693
9,0.3,SUB,29,0.13870462813619763
9,0.3,SUB,30,0.12197026818278772
9,0.3,SUB,31,0.17168306746190876
9,0.3,SUB,32,0.13546809360578374
9,0.3,SUB,33,0.0859031822995522
9,0.3,SUB,34,0.1611115655482658
9,0.3,SUB,35,0.11448091561868334
9,0.3,SUB,36,0.1447970488308686
9,0.3,SUB,37,0.1608533807365924
9,0.3,SUB,38,0.09903123002297226
9,0.3,SUB,39,0.1171714351322446
9,0.3,SUB,40,0.12585093179486012
9,0.3,SUB,41,0.15966370657715967
9,0.3,SUB,42,0.11651548918044886
9,0.3,SUB,43,0.1704826150655516
9,0.3,SUB,44,0.08965606831186931
9,0.3,SUB,45,0.12295587623182887
9,0.3,SUB,46,0.09021131121308405
9,0.3,SUB,47,0.11124615161651968
9,0.3,SUB,48,0.09533883642692183
9,0.3,SUB,49,0.11149646950666701
9,0.3,VI,0,2.2684159721674644
9,0.3,VI,1,2.2641615993214996
9,0.3,VI,2,1.7916500739926127
9,0.3,VI,3,1.884527607537364
9,0.3,VI,4,2.4381448276654067
9,0.3,VI,5,2.1270994539952577
9,0.3,VI,6,1.919548609367402
9,0.3,VI,7,2.271428978580861
9,0.3,VI,8,1.8546323584036166
9,0.3,VI,9,2.000855086406085
9,0.3,VI,10,2.0130073281765295
9,0.3,VI,11,1.870260142749025
9,0.3,VI,12,2.3604542620333753
9,0.3,VI,13,1.7765285674579698
9,0.3,VI,14,2.3312011145567397
9,0.3,VI,15,1.8707337240189859
9,0.3,VI,16,2.1747829955511007
9,0.3,VI,17,2.1999429095019156
9,0.3,VI,18,2.087873130646196
9,0.3,VI,19,2.0278991331012652
9,0.3,VI,20,2.415623246099338
9,0.3,VI,21,1.4991035501141758
9,0.3,VI,22,2.4819345137220044
9,0.3,VI,23,1.9039724076117324
9,0.3,VI,24,2.205185087634619
9,0.3,VI,25,2.255656096459665
9,0.3,VI,26,2.1843611504421223
9,0.3,VI,27,2.1049007781388247
9,0.3,VI,28,1.7950768404653854
9,0.3,VI,29,2.0588142860822387
9,0.3,VI,30,2.60531666682189
9,0.3,VI,31,2.108822082799998
9,0.3,VI,32,2.267476875583011
9,0.3,VI,33,2.209658661453308
9,0.3,VI,34,2.33504634666623
9,0.3,VI,35,2.267313756817783
9,0.3,VI,36,2.2451915823380215
9,0.3,VI,37,2.357671808290475
9,0.3,VI,38,1.9883726716942893
9,0.3,VI,39,2.2284359876464377
9,0.3,VI,40,2.1385718005445944
9,0.3,VI,41,2.1047114251787633
9,0.3,VI,42,1.7483350313391472
9,0.3,VI,43,2.049187508903995
9,0.3,VI,44,2.1454355660289095
9,0.3,VI,45,2.089934816542711
9,0.3,VI,46,1.9377995614466585
9,0.3,VI,47,1.8192049454193222
9,0.3,VI,48,2.3178456366734244
9,0.3,VI,49,1.9683475028239157
9,0.5,SUB,0,0.21959642983330932
9,0.5,SUB,1,0.2595114026385137
9,0.5,SUB,2,0.26406511821701645
9,0.5,SUB,3,0.2561703546914517
9,0.5,SUB,4,0.2548973417191221
9,0.5,SUB,5,0.22014087589170298
9,0.5,SUB,6,0.2313969370088044
9,0.5,SUB,7,0.24057153524232372
9,0.5,SUB,8,0.2015520265963206
9,0.5,SUB,9,0.24337233684834816
9,0.5,SUB,10,0.2045250336692127
9,0.5,SUB,11,0.2490451068803418
9,0.5,SUB,12,0.21401558617591346
9,0.5,SUB,13,0.22336649617973187
9,0.5,SUB,14,0.27613256339349646
9,0.5,SUB,15,0.2611448276584958
9,0.5,SUB,16,0.20872301679537344
9,0.5,SUB,17,0.25692516877861293
9,0.5,SUB,18,0.15043821850192998
9,0.5,SUB,19,0.22379877564349718
9,0.5,SUB,20,0.21902543768733626
9,0.5,SUB,21,0.23486573920285336
9,0.5,SUB,22,0.22998826033415276
9,0.5,SUB,23,0.23944518715411273
9,0.5,SUB,24,0.19191820341966787
9,0.5,SUB,25,0.21885930955410193
9,0.5,SUB,26,0.24590646821013523
9,0.5,SUB,27,0.2719990347778507
9,0.5,SUB,28,0.24926043777051288
9,0.5,SUB,29,0.245649818643714
9,0.5,SUB,30,0.23239345592164454
9,0.5,SUB,31,0.1841211460578932
9,0.5,SUB,32,0.21499312181189245
9,0.5,SUB,33,0.2666294390204273
9,0.5,SUB,34,0.2108966622978158
9,0.5,SUB,35,0.20979695387620856
9,0.5,SUB,36,0.24154127494406438
9,0.5,SUB,37,0.17799094023648968
9,0.5,SUB,38,0.18084000303708414
9,0.5,SUB,39,0.20747600631782648
9,0.5,SUB,40,0.2359110257255959
9,0.5,SUB,41,0.2499711104830825
9,0.5,SUB,42,0.2347585960674385
9,0.5,SUB,43,0.2664049282463179
9,0.5,SUB,44,0.23858917070437843
9,0.5,SUB,45,0.2267590168332794
9,0.5,SUB,46,0.21871174828456894
9,0.5,SUB,47,0.19250161065570134
9,0.5,SUB,48,0.18433816992213792
9,0.5,SUB,49,0.22421549432536297
9,0.5,VI,0,2.1996691013692207
9,0.5,VI,1,1.9788430574019196
9,0.5,VI,2,2.3573468839378457
9,0.5,VI,3,2.1382968446507693
9,0.5,VI,4,2.2449375247885044
9,0.5,VI,5,1.7070379073639355
9,0.5,VI,6,1.7948648055222354
9,0.5,VI,7,2.0894678565257108
9,0.5,VI,8,1.9680568477349931
9,0.5,VI,9,2.1451879223902712
9,0.5,VI,10,2.006925023734962
9,0.5,VI,11,2.2116585780912006
9,0.5,VI,12,2.263864314606469
9,0.5,VI,13,1.6094430024520587
9,0.5,VI,14,2.1085679668617345
9,0.5,VI,15,2.0488897711172607
9,0.5,VI,16,2.43777210885919
9,0.5,VI,17,2.0196601722729546
9,0.5,VI,18,2.2048962059104777
9,0.5,VI,19,2.184076462762045
9,0.5,VI,20,2.329809530952536
9,0.5,VI,21,1.919319060229222
9,0.5,VI,22,1.791437024739513
9,0.5,VI,23,2.48160844808486
9,0.5,VI,24,1.870517184261974
9,0.5,VI,25,2.228146309319725
9,0.5,VI,26,2.0385200934742214
9,0.5,VI,27,2.0516032495324596
9,0.5,VI,28,2.41533580671908
9,0.5,VI,29,1.7481090043568113
9,0.5,VI,30,2.2553779474840785
9,0.5,VI,31,2.3308378014385327
9,0.5,VI,32,1.4989063312654363
9,0.5,VI,33,2.1547523640567086
9,0.5,VI,34,2.4536408305922923
9,0.5,VI,35,1.6595119259482878
9,0.5,VI,36,1.8700314581538175
9,0.5,VI,37,1.8544041707414396
9,0.5,VI,38,2.0126962180319095
9,0.5,VI,39,2.2670510149508725
9,0.5,VI,40,2.2711306080320943
9,0.5,VI,41,1.8189666821731998
9,0.5,VI,42,1.7763315204864252
9,0.5,VI,43,2.0279381462522656
9,0.5,VI,44,2.3347542331987254
9,0.5,VI,45,2.1044269908935713
9,0.5,VI,46,1.9710565267522608
9,0.5,VI,47,1.8815445519128555
9,0.5,VI,48,1.9375349208970085
9,0.5,VI,49,2.126827278613241
9,0.7,SUB,0,0.23288971689935611
9,0.7,SUB,1,0.25444129586409264
9,0.7,SUB,2,0.19770205022849965
9,0.7,SUB,3,0.25718224288578817
9,0.7,SUB,4,0.220479098636035
9,0.7,SUB,5,0.22411203939512653
9,0.7,SUB,6,0.24688843203988567
9,0.7,SUB,7,0.2560874968665977
9,0.7,SUB,8,0.21104492260543983
9,0.7,SUB,9,0.2658424611133914
9,0.7,SUB,10,0.2023880441573787
9,0.7,SUB,11,0.22521629088589232
9,0.7,SUB,12,0.22130792026014276
9,0.7,SUB,13,0.2193775981894946
9,0.7,SUB,14,0.1860764625548898
9,0.7,SUB,15,0.19823044836434356
9,0.7,SUB,16,0.25261114595228007
9,0.7,SUB,17,0.2590555445946043
9,0.7,SUB,18,0.2229036958443421
9,0.7,SUB,19,0.18541170203044088
9,0.7,SUB,20,0.1669761396721172
9,0.7,SUB,21,0.25548529941439546
9,0.7,SUB,22,0.1856611946997101
9,0.7,SUB,23,0.31215366470655936
9,0.7,SUB,24,0.21250964491467178
9,0.7,SUB,25,0.204977003011064
9,0.7,SUB,26,0.19422907938572456
9,0.7,SUB,27,0.21186236059144828
9,0.7,SUB,28,0.2210658888334307
9,0.7,SUB,29,0.2465323086661397
9,0.7,SUB,30,0.21899207963010323
9,0.7,SUB,31,0.27764611364123093
9,0.7,SUB,32,0.19790609312067
9,0.7,SUB,33,0.20082669302482256
9,0.7,SUB,34,0.25155624639016066
9,0.7,SUB,35,0.24399406833074994
9,0.7,SUB,36,0.1822121229589291
9,0.7,SUB,37,0.19553025413329372
9,0.7,SUB,38,0.21133824345139915
9,0.7,SUB,39,0.249307928231167
9,0.7,SUB,40,0.2661137878712937
9,0.7,SUB,41,0.21659959176703417
9,0.7,SUB,42,0.2973642344854941
9,0.7,SUB,43,0.22266967256871706
9,0.7,SUB,44,0.24593104647122263
9,0.7,SUB,45,0.23618099255130187
9,0.7,SUB,46,0.23006554163321813
9,0.7,SUB,47,0.221431295131967
9,0.7,SUB,48,0.20903064105609764
9,0.7,SUB,49,0.21891308478860175
9,0.7,VI,0,1.9195483842147982
9,0.7,VI,1,1.7950774358568664
9,0.7,VI,2,2.317846347454763
9,0.7,VI,3,2.0278983582870906
9,0.7,VI,4,2.0130063553666866
9,0.7,VI,5,1.7483359330000101
9,0.7,VI,6,1.9790751014543542
9,0.7,VI,7,2.049186379489217
9,0.7,VI,8,1.6597097816101625
9,0.7,VI,9,2.0008539770601232
9,0.7,VI,10,2.199943451417569
9,0.7,VI,11,2.0518416487648254
9,0.7,VI,12,2.2714281005776353
9,0.7,VI,13,2.2674765136607906
9,0.7,VI,14,2.1843627363871967
9,0.7,VI,15,2.438144838557123
9,0.7,VI,16,1.8702604998408983
9,0.7,VI,17,2.019924330026732
9,0.7,VI,18,2.1385727579581477
9,0.7,VI,19,2.087874280129644
9,0.7,VI,20,2.3312009408575523
9,0.7,VI,21,2.4156218960968885
9,0.7,VI,22,2.2641626204973115
9,0.7,VI,23,2.357669515520084
9,0.7,VI,24,1.7916498924968887
9,0.7,VI,25,2.00720269000723
9,0.7,VI,26,2.1454367936665926
9,0.7,VI,27,2.08971256526668
9,0.7,VI,28,2.228435442134865
9,0.7,VI,29,2.127098116405371
9,0.7,VI,30,1.9377996575048746
9,0.7,VI,31,2.038837874332476
9,0.7,VI,32,1.4991029581853705
9,0.7,VI,33,2.3604552284761446
9,0.7,VI,34,2.1088220209543307
9,0.7,VI,35,2.1047104520422164
9,0.7,VI,36,1.6096344507787934
9,0.7,VI,37,2.453950839872307
9,0.7,VI,38,1.9713348968442257
9,0.7,VI,39,1.8192046411958274
9,0.7,VI,40,1.7072737879405668
9,0.7,VI,41,2.089934981940273
9,0.7,VI,42,2.028211950194653
9,0.7,VI,43,1.7756713414415801
9,0.7,VI,44,2.330158531009811
9,0.7,VI,45,1.5256025523401007
9,0.7,VI,46,2.1550014113044798
9,0.7,VI,47,2.2451917874526455
9,0.7,VI,48,2.205185006207217
9,0.7,VI,49,1.9683483529116639
9,0.9,SUB,0,0.3677182639224073
9,0.9,SUB,1,0.276217982031007
9,0.9,SUB,2,0.28691832786950844
9,0.9,SUB,3,0.3369605526107026
9,0.9,SUB,4,0.30891302425748907
9,0.9,SUB,5,0.3346362964376867
9,0.9,SUB,6,0.3372819407684567
9,0.9,SUB,7,0.32431280143525654
9,0.9,SUB,8,0.3013232831468779
9,0.9,SUB,9,0.25018329172254705
9,0.9,SUB,10,0.30077474664945625
9,0.9,SUB,11,0.30316154046903176
9,0.9,SUB,12,0.3147580681298577
9,0.9,SUB,13,0.25726368122609017
9,0.9,SUB,14,0.35508592477184736
9,0.9,SUB,15,0.3072121555068403
9,0.9,SUB,16,0.3205533933297419
9,0.9,SUB,17,0.31055974477763143
9,0.9,SUB,18,0.2591967661957037
9,0.9,SUB,19,0.2974602495522717
9,0.9,SUB,20,0.3036283273894028
9,0.9,SUB,21,0.3349698407571459
9,0.9,SUB,22,0.27624275580240615
9,0.9,SUB,23,0.2721347735491867
9,0.9,SUB,24,0.33868227401958784
9,0.9,SUB,25,0.3201576418611317
9,0.9,SUB,26,0.3038024051043287
9,0.9,SUB,27,0.27688967342411613
9,0.9,SUB,28,0.3275987594441585
9,0.9,SUB,29,0.33255735383845786
9,0.9,SUB,30,0.25621846750630106
9,0.9,SUB,31,0.3858645073758032
9,0.9,SUB,32,0.29914305738425634
9,0.9,SUB,33,0.2897425678571757
9,0.9,SUB,34,0.32276617378369005
9,0.9,SUB,35,0.3224576776366797
9,0.9,SUB,36,0.32817528668452844
9,0.9,SUB,37,0.3102808405692381
9,0.9,SUB,38,0.29406165686083297
9,0.9,SUB,39,0.2985241446226241
9,0.9,SUB,40,0.31978770395389794
9,0.9,SUB,41,0.3026996097684644
9,0.9,SUB,42,0.3219448798473682
9,0.9,SUB,43,0.27216243544169677
9,0.9,SUB,44,0.3458299816037825
9,0.9,SUB,45,0.3158621052266175
9,0.9,SUB,46,0.2979263578132992
9,0.9,SUB,47,0.2847451195849131
9,0.9,SUB,48,0.32412264105062943
9,0.9,SUB,49,0.3446623646110839
9,0.9,VI,0,1.7950676285247138
9,0.9,VI,1,1.9195381725756722
9,0.9,VI,2,1.8707240726675003
9,0.9,VI,3,1.854620703209692
9,0.9,VI,4,2.1385570751822653
9,0.9,VI,5,2.3178305362255505
9,0.9,VI,6,1.7756608391946753
9,0.9,VI,7,1.5275225584431542
9,0.9,VI,8,2.264144881542318
9,0.9,VI,9,2.209639011234137
9,0.9,VI,10,2.0008420087468655
9,0.9,VI,11,2.4819186133308326
9,0.9,VI,12,1.9683323914266908
9,0.9,VI,13,2.3311807951822496
9,0.9,VI,14,1.903961571209445
9,0.9,VI,15,2.012992367289469
9,0.9,VI,16,1.5255927931844415
9,0.9,VI,17,1.7916391849658546
9,0.9,VI,18,1.707264550422207
9,0.9,VI,19,2.174770069728795
9,0.9,VI,20,2.0518305391830602
9,0.9,VI,21,2.0282002122588696
9,0.9,VI,22,2.2556433794631943
9,0.9,VI,23,2.211915317924778
9,0.9,VI,24,2.049173630863441
9,0.9,VI,25,2.3350328059641856
9,0.9,VI,26,1.5246524144748108
9,0.9,VI,27,2.145422479349503
9,0.9,VI,28,1.748323049961949
9,0.9,VI,29,2.0199106229009955
9,0.9,VI,30,2.415609908314393
9,0.9,VI,31,2.1046984949689866
9,0.9,VI,32,2.4381242633464435
9,0.9,VI,33,2.108808783866242
9,0.9,VI,34,2.03882274071065
9,0.9,VI,35,2.26746370044351
9,0.9,VI,36,2.228422756159669
9,0.9,VI,37,2.058802346948648
9,0.9,VI,38,2.1999300589581976
9,0.9,VI,39,2.3604370871202907
9,0.9,VI,40,1.9790636129427401
9,0.9,VI,41,2.007191528511051
9,0.9,VI,42,2.089702835310152
9,0.9,VI,43,2.268400621799499
9,0.9,VI,44,1.9377878463536164
9,0.9,VI,45,2.3576565096980318
9,0.9,VI,46,1.6596999423273844
9,0.9,VI,47,2.2672992627765165
9,0.9,VI,48,2.1843453040478584
9,0.9,VI,49,2.089920899855436
9,1.0,SUB,0,0.30557343972137857
9,1.0,SUB,1,0.2952159980244665
9,1.0,SUB,2,0.22817607502999748
9,1.0,SUB,3,0.3301060879315475
9,1.0,SUB,4,0.30236476061953993
9,1.0,SUB,5,0.3327843352658031
9,1.0,SUB,6,0.23345928268396543
9,1.0,SUB,7,0.30025849300959456
9,1.0,SUB,8,0.29497688238879144
9,1.0,SUB,9,0.27313857543024506
9,1.0,SUB,10,0.3021006601920797
9,1.0,SUB,11,0.30039429342055723
9,1.0,SUB,12,0.30462656517371034
9,1.0,SUB,13,0.24694195655045426
9,1.0,SUB,14,0.2993791259342734
9,1.0,SUB,15,0.2483169615541016
9,1.0,SUB,16,0.1881632467031963
9,1.0,SUB,17,0.317036388660009
9,1.0,SUB,18,0.30825188767041667
9,1.0,SUB,19,0.33510628360533246
9,1.0,SUB,20,0.3234449750662249
9,1.0,SUB,21,0.2886380678305788
9,1.0,SUB,22,0.2725227246106261
9,1.0,SUB,23,0.3178494392856233
9,1.0,SUB,24,0.29928178395993105
9,1.0,SUB,25,0.2196126377365767
9,1.0,SUB,26,0.28206555564516494
9,1.0,SUB,27,0.2615187830521476
9,1.0,SUB,28,0.22364870961680633
9,1.0,SUB,29,0.3259390428901039
9,1.0,SUB,30,0.2534613195947709
9,1.0,SUB,31,0.26225532468087964
9,1.0,SUB,32,0.3032692679411547
9,1.0,SUB,33,0.26313660838711667
9,1.0,SUB,34,0.31334390122056943
9,1.0,SUB,35,0.3339156134559819
9,1.0,SUB,36,0.2622719110142903
9,1.0,SUB,37,0.30993248259524636
9,1.0,SUB,38,0.3311374412356474
9,1.0,SUB,39,0.26962694062580944
9,1.0,SUB,40,0.2820801972658309
9,1.0,SUB,41,0.29887415934530676
9,1.0,SUB,42,0.33510522063986564
9,1.0,SUB,43,0.31234528791535743
9,1.0,SUB,44,0.25188546191463695
9,1.0,SUB,45,0.27244170029937836
9,1.0,SUB,46,0.23566005406483803
9,1.0,SUB,47,0.355513883898445
9,1.0,SUB,48,0.2571494739229553
9,1.0,SUB,49,0.3121103132344987
9,1.0,VI,0,2.205142169858772
9,1.0,VI,1,2.0587823606797193
9,1.0,VI,2,2.264113666033405
9,1.0,VI,3,1.7483052941977364
9,1.0,VI,4,1.5255783621640189
9,1.0,VI,5,2.1046643439036226
9,1.0,VI,6,1.971295184797241
9,1.0,VI,7,2.3349940222808945
9,1.0,VI,8,2.27138409931299
9,1.0,VI,9,1.8706989763666335
9,1.0,VI,10,2.14538277038028
9,1.0,VI,11,1.903931012145103
9,1.0,VI,12,2.317795404533581
9,1.0,VI,13,2.605258405011887
9,1.0,VI,14,2.3301037215668265
9,1.0,VI,15,2.0129575324056055
9,1.0,VI,16,2.209612022611286
9,1.0,VI,17,1.8546019882821334
9,1.0,VI,18,1.8844898977345257
9,1.0,VI,19,2.2451484571947677
9,1.0,VI,20,1.795047279224519
9,1.0,VI,21,1.8817666937763486
9,1.0,VI,22,1.5275100605874292
9,1.0,VI,23,2.0278559247790957
9,1.0,VI,24,2.2118847679503695
9,1.0,VI,25,2.4380836024318473
9,1.0,VI,26,2.0387861746038145
9,1.0,VI,27,2.3603986610225
9,1.0,VI,28,2.4538928584600455
9,1.0,VI,29,2.0008161243622467
9,1.0,VI,30,1.9377641415842464
9,1.0,VI,31,1.4990814108807122
9,1.0,VI,32,1.7756479874487658
9,1.0,VI,33,2.35762387762852
9,1.0,VI,34,1.988322601631588
9,1.0,VI,35,2.1048523356611213
9,1.0,VI,36,2.26837052563748
9,1.0,VI,37,1.8702194261259921
9,1.0,VI,38,2.2674354104948007
9,1.0,VI,39,2.0896664399947746
9,1.0,VI,40,2.1747451422849915
9,1.0,VI,41,2.2556038122046305
9,1.0,VI,42,1.9790275786528422
9,1.0,VI,43,1.791605669533525
9,1.0,VI,44,1.6096017114149197
9,1.0,VI,45,2.051791600296388
9,1.0,VI,46,1.819170549639656
9,1.0,VI,47,2.1087730827860196
9,1.0,VI,48,2.028171738280005
9,1.0,VI,49,2.154956686344754
