game,eta,n_train,method,sample,error
0,0.0,2,SUB,0,0.7953679235066343
0,0.0,2,SUB,1,0.5737348882398847
0,0.0,2,SUB,2,0.8398676218375802
0,0.0,2,SUB,3,0.580603340781917
0,0.0,2,SUB,4,0.8768746945911525
0,0.0,2,SUB,5,0.4226188327692741
0,0.0,2,SUB,6,0.7714892034976053
0,0.0,2,SUB,7,0.04940835203862405
0,0.0,2,SUB,8,0.8307104882495335
0,0.0,2,SUB,9,0.25016919191889875
0,0.0,2,SUB,10,0.7331375258840854
0,0.0,2,SUB,11,0.8990843769996082
0,0.0,2,SUB,12,0.7195740665592087
0,0.0,2,SUB,13,0.8257831932943908
0,0.0,2,SUB,14,0.4494415294574416
0,0.0,2,SUB,15,0.8366041169810553
0,0.0,2,SUB,16,0.3979884288049923
0,0.0,2,SUB,17,0.3588982199294223
0,0.0,2,SUB,18,0.4450668325065615
0,0.0,2,SUB,19,0.7004301579508482
0,0.0,2,SUB,20,0.6188852539420385
0,0.0,2,SUB,21,0.29805345186100624
0,0.0,2,SUB,22,0.38308266731640495
0,0.0,2,SUB,23,0.855251560904915
0,0.0,2,SUB,24,0.7972873156122084
0,0.0,2,SUB,25,0.5894331137919614
0,0.0,2,SUB,26,0.7467730370722208
0,0.0,2,SUB,27,0.9568728819512824
0,0.0,2,SUB,28,0.1779706769245824
0,0.0,2,SUB,29,0.7452946832220784
0,0.0,2,SUB,30,0.5453002515584134
0,0.0,2,SUB,31,0.8765276080311153
0,0.0,2,SUB,32,0.9068709645184069
0,0.0,2,SUB,33,0.46456809508690233
0,0.0,2,SUB,34,0.8726256563451352
0,0.0,2,SUB,35,0.4588333298524627
0,0.0,2,SUB,36,0.5881705813282224
0,0.0,2,SUB,37,0.29811540410094134
0,0.0,2,SUB,38,0.24451819050426232
0,0.0,2,SUB,39,0.23292979188982688
0,0.0,2,SUB,40,0.3785602128746803
0,0.0,2,SUB,41,0.8319744549750859
0,0.0,2,SUB,42,0.24001869753661667
0,0.0,2,SUB,43,0.6040689704180736
0,0.0,2,SUB,44,0.667725681348012
0,0.0,2,SUB,45,0.626063869373006
0,0.0,2,SUB,46,0.1908486223133207
0,0.0,2,SUB,47,0.4055186111523691
0,0.0,2,SUB,48,0.3760933782238261
0,0.0,2,SUB,49,0.2027906126454051
0,0.0,2,SUB,50,0.7899975291666458
0,0.0,2,SUB,51,0.876011319748558
0,0.0,2,SUB,52,0.11176670874700216
0,0.0,2,SUB,53,0.629280427728589
0,0.0,2,SUB,54,0.5909234524210512
0,0.0,2,SUB,55,0.27146140756567594
0,0.0,2,SUB,56,0.8192786316440609
0,0.0,2,SUB,57,0.6142575850848015
0,0.0,2,SUB,58,0.7023720892059666
0,0.0,2,SUB,59,0.9077985731940456
0,0.0,2,SUB,60,0.21700170966887786
0,0.0,2,SUB,61,0.46755510929127064
0,0.0,2,SUB,62,0.3388002044062204
0,0.0,2,SUB,63,0.6927352809084861
0,0.0,2,SUB,64,0.9539763931415927
0,0.0,2,SUB,65,0.8179882760114431
0,0.0,2,SUB,66,0.7148068557089164
0,0.0,2,SUB,67,0.8763537678102322
0,0.0,2,VI,0,0.7870907085237184
0,0.0,2,VI,1,0.5985045796071173
0,0.0,2,VI,2,0.8285114698230898
0,0.0,2,VI,3,0.6115834811111553
0,0.0,2,VI,4,0.8350854246723342
0,0.0,2,VI,5,0.41260649916195186
0,0.0,2,VI,6,0.7667950921614299
0,0.0,2,VI,7,0.04081582888374899
0,0.0,2,VI,8,0.8101266588076622
0,0.0,2,VI,9,0.13210257193500183
0,0.0,2,VI,10,0.7329517399208244
0,0.0,2,VI,11,0.8801047214996538
0,0.0,2,VI,12,0.6997718750764335
0,0.0,2,VI,13,0.804790957560439
0,0.0,2,VI,14,0.4930887496437774
0,0.0,2,VI,15,0.8232668018014012
0,0.0,2,VI,16,0.3744880437332938
0,0.0,2,VI,17,0.316822099131126
0,0.0,2,VI,18,0.4353231931237653
0,0.0,2,VI,19,0.7054988270144759
0,0.0,2,VI,20,0.6311504260276418
0,0.0,2,VI,21,0.21570917759975589
0,0.0,2,VI,22,0.42951097573485997
0,0.0,2,VI,23,0.8237120320072195
0,0.0,2,VI,24,0.7806608100432856
0,0.0,2,VI,25,0.6098264960338287
0,0.0,2,VI,26,0.7498944140020173
0,0.0,2,VI,27,0.9060299238414102
0,0.0,2,VI,28,0.17341422266219725
0,0.0,2,VI,29,0.748689692130534
0,0.0,2,VI,30,0.5518247894713453
0,0.0,2,VI,31,0.8507250327819634
0,0.0,2,VI,32,0.8842348556305799
0,0.0,2,VI,33,0.5079577392285618
0,0.0,2,VI,34,0.855276751115818
0,0.0,2,VI,35,0.44947228299138475
0,0.0,2,VI,36,0.6061197732322879
0,0.0,2,VI,37,0.31066653973702557
0,0.0,2,VI,38,0.13203373982316782
0,0.0,2,VI,39,0.2325929342808106
0,0.0,2,VI,40,0.42286838652977393
0,0.0,2,VI,41,0.827094222242773
0,0.0,2,VI,42,0.2542064276864116
0,0.0,2,VI,43,0.6116627836135959
0,0.0,2,VI,44,0.6866937942665537
0,0.0,2,VI,45,0.6405337373600879
0,0.0,2,VI,46,0.1451809719325906
0,0.0,2,VI,47,0.4049653648484343
0,0.0,2,VI,48,0.36091558292639647
0,0.0,2,VI,49,0.14386391935067055
0,0.0,2,VI,50,0.7830995972873541
0,0.0,2,VI,51,0.8573001560647548
0,0.0,2,VI,52,0.08573215793003149
0,0.0,2,VI,53,0.6472276641713561
0,0.0,2,VI,54,0.604753428992452
0,0.0,2,VI,55,0.18108375971685153
0,0.0,2,VI,56,0.8064502736412785
0,0.0,2,VI,57,0.6254855816803992
0,0.0,2,VI,58,0.6975258360139001
0,0.0,2,VI,59,0.8849182624128709
0,0.0,2,VI,60,0.2208496504058402
0,0.0,2,VI,61,0.5053396166434394
0,0.0,2,VI,62,0.3081651502993087
0,0.0,2,VI,63,0.696976310135394
0,0.0,2,VI,64,0.9142953046157152
0,0.0,2,VI,65,0.8075236372268995
0,0.0,2,VI,66,0.7047625249672378
0,0.0,2,VI,67,0.8625422677956837
0,0.0,5,SUB,0,0.11137395775054516
0,0.0,5,SUB,1,0.03403319941178289
0,0.0,5,SUB,2,0.041491276984476765
0,0.0,5,SUB,3,0.03714754937303861
0,0.0,5,SUB,4,0.1326428922106093
0,0.0,5,SUB,5,0.03411230945795036
0,0.0,5,SUB,6,0.03642009761569493
0,0.0,5,SUB,7,0.10426056349783325
0,0.0,5,SUB,8,0.02589089963567795
0,0.0,5,SUB,9,0.08255553470801286
0,0.0,5,SUB,10,0.02801076262140497
0,0.0,5,SUB,11,0.02946426192058471
0,0.0,5,SUB,12,0.09122890988079148
0,0.0,5,SUB,13,0.017289337263847793
0,0.0,5,SUB,14,0.02652650110926549
0,0.0,5,SUB,15,0.03141069710992091
0,0.0,5,SUB,16,0.08973631233210304
0,0.0,5,SUB,17,0.04161182397427149
0,0.0,5,SUB,18,0.0433090756046631
0,0.0,5,SUB,19,0.06222442381712307
0,0.0,5,SUB,20,0.020939080278944044
0,0.0,5,SUB,21,0.04000126318383901
0,0.0,5,SUB,22,0.033195147571839834
0,0.0,5,SUB,23,0.061476609629462754
0,0.0,5,SUB,24,0.03158518211190121
0,0.0,5,SUB,25,0.10582808550776585
0,0.0,5,SUB,26,0.06877623068663757
0,0.0,5,SUB,27,0.01749761659338337
0,0.0,5,SUB,28,0.02735701619566493
0,0.0,5,SUB,29,0.039915738945121154
0,0.0,5,SUB,30,0.06248743507390932
0,0.0,5,SUB,31,0.031764573715637956
0,0.0,5,SUB,32,0.037471625894492974
0,0.0,5,SUB,33,0.038661625756499306
0,0.0,5,SUB,34,0.014292386503329237
0,0.0,5,SUB,35,0.11947236617404774
0,0.0,5,SUB,36,0.0710861458048853
0,0.0,5,SUB,37,0.09639161026343672
0,0.0,5,SUB,38,0.08013751346249172
0,0.0,5,SUB,39,0.07867204190412569
0,0.0,5,SUB,40,0.1254345755885859
0,0.0,5,SUB,41,0.0797407474256948
0,0.0,5,SUB,42,0.009883531708164873
0,0.0,5,SUB,43,0.03651546887260176
0,0.0,5,SUB,44,0.06439676049508293
0,0.0,5,SUB,45,0.03647566064569744
0,0.0,5,SUB,46,0.023355046360416614
0,0.0,5,SUB,47,0.016692634567302852
0,0.0,5,SUB,48,0.035870580608647284
0,0.0,5,SUB,49,0.04049667491785816
0,0.0,5,SUB,50,0.03471660919170094
0,0.0,5,SUB,51,0.12011695486385925
0,0.0,5,SUB,52,0.045633429958846644
0,0.0,5,SUB,53,0.07830121659509506
0,0.0,5,SUB,54,0.08126838506905897
0,0.0,5,SUB,55,0.040276217742550954
0,0.0,5,SUB,56,0.037928251929084035
0,0.0,5,SUB,57,0.044279534323932127
0,0.0,5,SUB,58,0.02299454087784823
0,0.0,5,SUB,59,0.018693837445015425
0,0.0,5,SUB,60,0.12531289110899496
0,0.0,5,SUB,61,0.0328830247522459
0,0.0,5,SUB,62,0.014140340698334182
0,0.0,5,SUB,63,0.06336489154298094
0,0.0,5,SUB,64,0.03128192068429237
0,0.0,5,VI,0,0.0024529619511580855
0,0.0,5,VI,1,0.002532603006291006
0,0.0,5,VI,2,0.00442858304226992
0,0.0,5,VI,3,0.017174385976028123
0,0.0,5,VI,4,0.004490137415912435
0,0.0,5,VI,5,0.002062060307825254
0,0.0,5,VI,6,0.012674636160282715
0,0.0,5,VI,7,0.0028829595334432293
0,0.0,5,VI,8,0.0034170210025217377
0,0.0,5,VI,9,0.0015556389210061047
0,0.0,5,VI,10,0.0035525680374953426
0,0.0,5,VI,11,0.0027665356103216293
0,0.0,5,VI,12,0.0025951253095233932
0,0.0,5,VI,13,0.0007572356055931714
0,0.0,5,VI,14,0.00024915560802692355
0,0.0,5,VI,15,0.01222176034449554
0,0.0,5,VI,16,0.0021953490513857547
0,0.0,5,VI,17,0.017595324963590304
0,0.0,5,VI,18,0.0004968610534020137
0,0.0,5,VI,19,0.0027188801319566404
0,0.0,5,VI,20,0.0003804228941118891
0,0.0,5,VI,21,0.0011924876352304315
0,0.0,5,VI,22,0.002455151762184992
0,0.0,5,VI,23,0.0016715593463616524
0,0.0,5,VI,24,0.003863064177766405
0,0.0,5,VI,25,0.0027257511107222653
0,0.0,5,VI,26,0.002494635087109965
0,0.0,5,VI,27,0.0005116120686467463
0,0.0,5,VI,28,0.0008402166758167063
0,0.0,5,VI,29,0.014294031447777621
0,0.0,5,VI,30,0.0008956510857084182
0,0.0,5,VI,31,0.0028130315957741745
0,0.0,5,VI,32,0.003739521524685508
0,0.0,5,VI,33,0.002837334025946233
0,0.0,5,VI,34,0.00029257028266560417
0,0.0,5,VI,35,0.00292509741340372
0,0.0,5,VI,36,0.0032674508373937484
0,0.0,5,VI,37,0.003685470671821102
0,0.0,5,VI,38,0.0016807804641977425
0,0.0,5,VI,39,0.0017565209068716376
0,0.0,5,VI,40,0.003318204156823029
0,0.0,5,VI,41,0.002957103477859813
0,0.0,5,VI,42,0.0005587286626877016
0,0.0,5,VI,43,0.0008561041794602787
0,0.0,5,VI,44,0.0009915017459338987
0,0.0,5,VI,45,0.0023721701485952323
0,0.0,5,VI,46,0.0023319960932282804
0,0.0,5,VI,47,0.011046657832864626
0,0.0,5,VI,48,0.003186878135840525
0,0.0,5,VI,49,0.0015059102502741409
0,0.0,5,VI,50,0.0030637874313660524
0,0.0,5,VI,51,0.0029591149782743037
0,0.0,5,VI,52,0.0015303888865443795
0,0.0,5,VI,53,0.004131866622014511
0,0.0,5,VI,54,0.0021180398963059448
0,0.0,5,VI,55,0.0022313918251563713
0,0.0,5,VI,56,0.014550473397645654
0,0.0,5,VI,57,0.002613566822442641
0,0.0,5,VI,58,0.00581184944994847
0,0.0,5,VI,59,0.0006570801709569216
0,0.0,5,VI,60,0.00291183385528151
0,0.0,5,VI,61,0.0034483446227334268
0,0.0,5,VI,62,0.0003223610691657532
0,0.0,5,VI,63,0.010931509792692657
0,0.0,5,VI,64,0.0024093477769990255
0,0.0,10,SUB,0,0.02042475336313919
0,0.0,10,SUB,1,0.013039262226658552
0,0.0,10,SUB,2,0.01550913003747112
0,0.0,10,SUB,3,0.018088531860771258
0,0.0,10,SUB,4,0.013148711573479379
0,0.0,10,SUB,5,0.00782779823797736
0,0.0,10,SUB,6,0.012944866189548841
0,0.0,10,SUB,7,0.011898689121916476
0,0.0,10,SUB,8,0.028302256249048773
0,0.0,10,SUB,9,0.01228454737415576
0,0.0,10,SUB,10,0.017697660339108235
0,0.0,10,SUB,11,0.010802910198320527
0,0.0,10,SUB,12,0.013899782139615369
0,0.0,10,SUB,13,0.019567056464225203
0,0.0,10,SUB,14,0.012898237273232792
0,0.0,10,SUB,15,0.032724043531349556
0,0.0,10,SUB,16,0.03578251452420279
0,0.0,10,SUB,17,0.026169883451135988
0,0.0,10,SUB,18,0.01539876435025011
0,0.0,10,SUB,19,0.01463723394427206
0,0.0,10,SUB,20,0.027320971481109315
0,0.0,10,SUB,21,0.016479758088940744
0,0.0,10,SUB,22,0.021788649369677664
0,0.0,10,SUB,23,0.035043771524817836
0,0.0,10,SUB,24,0.015600048564786816
0,0.0,10,SUB,25,0.020962831815047527
0,0.0,10,SUB,26,0.014171072819518982
0,0.0,10,SUB,27,0.018546034935831228
0,0.0,10,SUB,28,0.022083034971995888
0,0.0,10,SUB,29,0.020805174812018126
0,0.0,10,SUB,30,0.02066993299635385
0,0.0,10,SUB,31,0.01103267976222056
0,0.0,10,SUB,32,0.015722001838409636
0,0.0,10,SUB,33,0.020195766025892806
0,0.0,10,SUB,34,0.012884151434561722
0,0.0,10,SUB,35,0.014517753664273872
0,0.0,10,SUB,36,0.018330027445002416
0,0.0,10,SUB,37,0.03473139897109943
0,0.0,10,SUB,38,0.015426370475527602
0,0.0,10,SUB,39,0.012419455050296532
0,0.0,10,SUB,40,0.0068382481477367585
0,0.0,10,SUB,41,0.01641920942565963
0,0.0,10,SUB,42,0.010562087244617092
0,0.0,10,SUB,43,0.011833512234357153
0,0.0,10,SUB,44,0.020213576788132286
0,0.0,10,SUB,45,0.011709229836816317
0,0.0,10,SUB,46,0.01910170440854222
0,0.0,10,SUB,47,0.024924210699101893
0,0.0,10,SUB,48,0.01029330740548208
0,0.0,10,SUB,49,0.01810219882433155
0,0.0,10,SUB,50,0.022118963189717785
0,0.0,10,SUB,51,0.024846975603642303
0,0.0,10,SUB,52,0.0414690249798129
0,0.0,10,SUB,53,0.007803891813234922
0,0.0,10,SUB,54,0.021655333293125606
0,0.0,10,SUB,55,0.02978095925243997
0,0.0,10,SUB,56,0.04053112290896182
0,0.0,10,SUB,57,0.03008516851131827
0,0.0,10,SUB,58,0.026714208676740434
0,0.0,10,SUB,59,0.01932155485879002
0,0.0,10,VI,0,0.00013144421913855627
0,0.0,10,VI,1,1.00601245445399e-06
0,0.0,10,VI,2,0.0009498174588665795
0,0.0,10,VI,3,3.048483576794085e-06
0,0.0,10,VI,4,0.0002021749431276104
0,0.0,10,VI,5,0.0008241946273264016
0,0.0,10,VI,6,4.822293332885292e-06
0,0.0,10,VI,7,0.0001265283276820348
0,0.0,10,VI,8,6.479597923377806e-06
0,0.0,10,VI,9,4.820031370697381e-06
0,0.0,10,VI,10,0.0027882528494725923
0,0.0,10,VI,11,5.7055005570365744e-05
0,0.0,10,VI,12,0.0019840383258794727
0,0.0,10,VI,13,0.008064847112603237
0,0.0,10,VI,14,2.0820684438924893e-06
0,0.0,10,VI,15,3.490422004623625e-06
0,0.0,10,VI,16,0.016941185275894645
0,0.0,10,VI,17,0.013842870573866364
0,0.0,10,VI,18,0.0004160111474202209
0,0.0,10,VI,19,0.00018706495349969724
0,0.0,10,VI,20,0.0008635052699531008
0,0.0,10,VI,21,2.6379431131709166e-06
0,0.0,10,VI,22,0.007518205418186565
0,0.0,10,VI,23,2.0575687667991447e-06
0,0.0,10,VI,24,0.0035345893105252707
0,0.0,10,VI,25,0.01050384253302084
0,0.0,10,VI,26,0.0004932409333385204
0,0.0,10,VI,27,0.010597628177747207
0,0.0,10,VI,28,0.00737328756001581
0,0.0,10,VI,29,6.337333681709623e-07
0,0.0,10,VI,30,0.0006344077059784137
0,0.0,10,VI,31,0.00018847306813460333
0,0.0,10,VI,32,7.891897547824575e-07
0,0.0,10,VI,33,0.0022300951132768108
0,0.0,10,VI,34,0.0018526727135115906
0,0.0,10,VI,35,6.277194612653757e-05
0,0.0,10,VI,36,6.311170330241576e-06
0,0.0,10,VI,37,0.01413565144851746
0,0.0,10,VI,38,0.0019182129963293934
0,0.0,10,VI,39,0.00019209858222423424
0,0.0,10,VI,40,7.053949064824273e-06
0,0.0,10,VI,41,0.00010385409212114074
0,0.0,10,VI,42,5.768602586380135e-05
0,0.0,10,VI,43,0.0024524305268277943
0,0.0,10,VI,44,7.211932702401345e-07
0,0.0,10,VI,45,0.0001551305534363013
0,0.0,10,VI,46,6.242182492166738e-06
0,0.0,10,VI,47,0.0007235139978761055
0,0.0,10,VI,48,2.4595735343503256e-05
0,0.0,10,VI,49,0.0032432700495272156
0,0.0,10,VI,50,0.011814672611567888
0,0.0,10,VI,51,0.0018526835923419265
0,0.0,10,VI,52,0.005737903214324188
0,0.0,10,VI,53,5.277396254276326e-06
0,0.0,10,VI,54,0.011804626222408748
0,0.0,10,VI,55,0.008315120687420467
0,0.0,10,VI,56,0.00017291275293407915
0,0.0,10,VI,57,0.0002598619186187885
0,0.0,10,VI,58,0.01655675322862702
0,0.0,10,VI,59,2.105881148918112e-05
0,0.0,20,SUB,0,0.012179326814090856
0,0.0,20,SUB,1,0.012317673411188959
0,0.0,20,SUB,2,0.015100541231229813
0,0.0,20,SUB,3,0.008871555346088456
0,0.0,20,SUB,4,0.01390136736931094
0,0.0,20,SUB,5,0.009881690774046235
0,0.0,20,SUB,6,0.013554835493342693
0,0.0,20,SUB,7,0.01538589279889657
0,0.0,20,SUB,8,0.019899760912932205
0,0.0,20,SUB,9,0.024881707115539824
0,0.0,20,SUB,10,0.01908604725705288
0,0.0,20,SUB,11,0.012968667713607872
0,0.0,20,SUB,12,0.011365064435169757
0,0.0,20,SUB,13,0.01737062253930984
0,0.0,20,SUB,14,0.01622799848387662
0,0.0,20,SUB,15,0.013784558190188862
0,0.0,20,SUB,16,0.016226488716238576
0,0.0,20,SUB,17,0.009603374147208837
0,0.0,20,SUB,18,0.02167125054051415
0,0.0,20,SUB,19,0.02559396046352744
0,0.0,20,SUB,20,0.018045315961881702
0,0.0,20,SUB,21,0.02470790792755286
0,0.0,20,SUB,22,0.01390971933657351
0,0.0,20,SUB,23,0.026026329354870797
0,0.0,20,SUB,24,0.012995916505504815
0,0.0,20,SUB,25,0.007757376523630722
0,0.0,20,SUB,26,0.01011083238512884
0,0.0,20,SUB,27,0.015696963485120848
0,0.0,20,SUB,28,0.013441280607412525
0,0.0,20,SUB,29,0.014890447372825863
0,0.0,20,SUB,30,0.02072218189877835
0,0.0,20,SUB,31,0.016573238257645066
0,0.0,20,SUB,32,0.014045095199479662
0,0.0,20,SUB,33,0.012601084433271528
0,0.0,20,SUB,34,0.027099992545864766
0,0.0,20,SUB,35,0.012239177908411121
0,0.0,20,SUB,36,0.011860598430297202
0,0.0,20,SUB,37,0.013821247539510648
0,0.0,20,SUB,38,0.016300209816952516
0,0.0,20,SUB,39,0.017481176941242505
0,0.0,20,SUB,40,0.019904510397441795
0,0.0,20,SUB,41,0.01776715287413136
0,0.0,20,SUB,42,0.02229903779629398
0,0.0,20,SUB,43,0.009121937213916494
0,0.0,20,SUB,44,0.013976775625098371
0,0.0,20,SUB,45,0.00984828739579893
0,0.0,20,SUB,46,0.016455258875939984
0,0.0,20,SUB,47,0.01649223484758351
0,0.0,20,SUB,48,0.019996846298170796
0,0.0,20,SUB,49,0.02125259469438312
0,0.0,20,VI,0,3.610189092907442e-07
0,0.0,20,VI,1,5.792965028051688e-07
0,0.0,20,VI,2,0.0002823737355587899
0,0.0,20,VI,3,0.002116732187661028
0,0.0,20,VI,4,2.75271309874598e-07
0,0.0,20,VI,5,0.0011122155738840093
0,0.0,20,VI,6,4.57823384492648e-07
0,0.0,20,VI,7,0.0011759630250127097
0,0.0,20,VI,8,5.486927626583906e-07
0,0.0,20,VI,9,4.6953490103581656e-07
0,0.0,20,VI,10,0.0011077863820939538
0,0.0,20,VI,11,0.0032432674147978347
0,0.0,20,VI,12,0.0011885375367994072
0,0.0,20,VI,13,0.007485320498480638
0,0.0,20,VI,14,0.0012304991224896757
0,0.0,20,VI,15,0.0063885664325727025
0,0.0,20,VI,16,0.0012468219591264664
0,0.0,20,VI,17,0.00011285934801937745
0,0.0,20,VI,18,0.009160700137009111
0,0.0,20,VI,19,0.0005055923664817212
0,0.0,20,VI,20,0.003039125153589438
0,0.0,20,VI,21,0.00010353072109593823
0,0.0,20,VI,22,0.00661474630479269
0,0.0,20,VI,23,0.0005205199629077921
0,0.0,20,VI,24,0.0056801661964401414
0,0.0,20,VI,25,0.00034297233522752844
0,0.0,20,VI,26,8.225689434576298e-07
0,0.0,20,VI,27,6.445972552273592e-05
0,0.0,20,VI,28,0.00014664781312240355
0,0.0,20,VI,29,6.970804973336344e-05
0,0.0,20,VI,30,0.009615767320342066
0,0.0,20,VI,31,0.0002880089163844513
0,0.0,20,VI,32,0.0004103001437358808
0,0.0,20,VI,33,0.0011080080312431348
0,0.0,20,VI,34,0.0031538577877970454
0,0.0,20,VI,35,0.00024913420751240963
0,0.0,20,VI,36,0.005747434945468859
0,0.0,20,VI,37,5.950045725031568e-07
0,0.0,20,VI,38,0.0013023142946287862
0,0.0,20,VI,39,0.006393003481542171
0,0.0,20,VI,40,0.0002471622702196017
0,0.0,20,VI,41,0.0061640066200953966
0,0.0,20,VI,42,0.0002785519061490305
0,0.0,20,VI,43,6.384963785253523e-07
0,0.0,20,VI,44,0.00037356638697841967
0,0.0,20,VI,45,3.193852066568651e-07
0,0.0,20,VI,46,0.00015555863679333424
0,0.0,20,VI,47,0.00022783891971641984
0,0.0,20,VI,48,3.1224892613299814e-05
0,0.0,20,VI,49,0.0006584483133339034
0,0.0,30,SUB,0,0.02011917367346386
0,0.0,30,SUB,1,0.025609842792806637
0,0.0,30,SUB,2,0.01853606178511943
0,0.0,30,SUB,3,0.01811123746134256
0,0.0,30,SUB,4,0.03632141509230872
0,0.0,30,SUB,5,0.009359068483277442
0,0.0,30,SUB,6,0.015621484041585984
0,0.0,30,SUB,7,0.012010002093957849
0,0.0,30,SUB,8,0.0162859568931542
0,0.0,30,SUB,9,0.018776753667874783
0,0.0,30,SUB,10,0.019932849323751355
0,0.0,30,SUB,11,0.03485644088210639
0,0.0,30,SUB,12,0.015277674256983923
0,0.0,30,SUB,13,0.015482599385551389
0,0.0,30,SUB,14,0.032464856470800954
0,0.0,30,SUB,15,0.033174235010986264
0,0.0,30,SUB,16,0.014713640338829997
0,0.0,30,SUB,17,0.014867539897368064
0,0.0,30,SUB,18,0.013776660427500772
0,0.0,30,SUB,19,0.011155591093341513
0,0.0,30,SUB,20,0.027223097824636527
0,0.0,30,SUB,21,0.03387821898938293
0,0.0,30,SUB,22,0.017397026492558892
0,0.0,30,SUB,23,0.014986027245509815
0,0.0,30,SUB,24,0.017432783990670737
0,0.0,30,SUB,25,0.017094616270718337
0,0.0,30,SUB,26,0.015979810416575518
0,0.0,30,SUB,27,0.014510560231030112
0,0.0,30,SUB,28,0.029318039837940263
0,0.0,30,SUB,29,0.04048412435990322
0,0.0,30,SUB,30,0.019481457100152335
0,0.0,30,SUB,31,0.015426767611953315
0,0.0,30,SUB,32,0.01689837101140355
0,0.0,30,SUB,33,0.00926584710494594
0,0.0,30,SUB,34,0.021473984013619257
0,0.0,30,SUB,35,0.039618297174378876
0,0.0,30,SUB,36,0.0223803349640849
0,0.0,30,SUB,37,0.013208894523106201
0,0.0,30,SUB,38,0.03870974595027318
0,0.0,30,SUB,39,0.01603418680369917
0,0.0,30,VI,0,1.965924187680908e-05
0,0.0,30,VI,1,8.435989860512462e-07
0,0.0,30,VI,2,1.365256357544669e-06
0,0.0,30,VI,3,0.0038526099548754655
0,0.0,30,VI,4,6.291563681750311e-07
0,0.0,30,VI,5,0.0023865705050283613
0,0.0,30,VI,6,1.0143410771211941e-06
0,0.0,30,VI,7,1.1685475074851336e-06
0,0.0,30,VI,8,0.003546881885553112
0,0.0,30,VI,9,0.0074430248152758385
0,0.0,30,VI,10,0.0007099164931552453
0,0.0,30,VI,11,0.006018315172972035
0,0.0,30,VI,12,0.0002117228284971769
0,0.0,30,VI,13,1.1769285479485722e-05
0,0.0,30,VI,14,1.4354907479884706e-06
0,0.0,30,VI,15,0.007193009325856511
0,0.0,30,VI,16,0.00021132489797794806
0,0.0,30,VI,17,1.539368797202616e-06
0,0.0,30,VI,18,0.004296745165725458
0,0.0,30,VI,19,8.40781144199536e-07
0,0.0,30,VI,20,9.412515292196427e-05
0,0.0,30,VI,21,4.745575594530897e-05
0,0.0,30,VI,22,0.000219213184541259
0,0.0,30,VI,23,1.0115647108401469e-06
0,0.0,30,VI,24,0.007988222894889645
0,0.0,30,VI,25,6.216409683235407e-07
0,0.0,30,VI,26,0.001014047377099032
0,0.0,30,VI,27,0.0032432675218961792
0,0.0,30,VI,28,6.833599949444733e-07
0,0.0,30,VI,29,0.005034353258454616
0,0.0,30,VI,30,1.5031503729396901e-06
0,0.0,30,VI,31,0.0038190167058389846
0,0.0,30,VI,32,0.0004743933501105024
0,0.0,30,VI,33,0.00010848834180466718
0,0.0,30,VI,34,5.578481628901846e-07
0,0.0,30,VI,35,1.4048959175102876e-06
0,0.0,30,VI,36,6.432252948943447e-07
0,0.0,30,VI,37,1.314299160377635e-06
0,0.0,30,VI,38,9.90234276494296e-05
0,0.0,30,VI,39,1.4045594498915088e-06
0,0.5,2,SUB,0,0.6940230907209517
0,0.5,2,SUB,1,0.6134665009980166
0,0.5,2,SUB,2,0.6912271990260012
0,0.5,2,SUB,3,0.5035321952428846
0,0.5,2,SUB,4,0.7323622052601259
0,0.5,2,SUB,5,0.5440727738530515
0,0.5,2,SUB,6,0.8578168050073971
0,0.5,2,SUB,7,0.3538018585699342
0,0.5,2,SUB,8,0.6530290897897656
0,0.5,2,SUB,9,0.39419383190834506
0,0.5,2,SUB,10,0.7385382009127707
0,0.5,2,SUB,11,0.6765244192710853
0,0.5,2,SUB,12,0.6015253843260339
0,0.5,2,SUB,13,0.38188172313955043
0,0.5,2,SUB,14,0.6045389081106098
0,0.5,2,SUB,15,0.6971725780784129
0,0.5,2,SUB,16,0.44718357721293256
0,0.5,2,SUB,17,0.90706361126901
0,0.5,2,SUB,18,0.2831629021975702
0,0.5,2,SUB,19,0.7097685043794755
0,0.5,2,SUB,20,0.7858486214763242
0,0.5,2,SUB,21,0.7305511944647143
0,0.5,2,SUB,22,1.0156023031326111
0,0.5,2,SUB,23,0.7548719939210679
0,0.5,2,SUB,24,0.9854428335488112
0,0.5,2,SUB,25,0.8880146663172442
0,0.5,2,SUB,26,0.6078837138660594
0,0.5,2,SUB,27,0.6335976681866583
0,0.5,2,SUB,28,0.6181029117517272
0,0.5,2,SUB,29,0.7373286254266738
0,0.5,2,SUB,30,0.8076312653159261
0,0.5,2,SUB,31,0.8044109854847701
0,0.5,2,SUB,32,0.7299102864076169
0,0.5,2,SUB,33,0.6929028646598703
0,0.5,2,SUB,34,0.6336284948792131
0,0.5,2,SUB,35,0.44150361335799876
0,0.5,2,SUB,36,0.749603352699
0,0.5,2,SUB,37,0.901379858800794
0,0.5,2,SUB,38,0.33934981553042687
0,0.5,2,SUB,39,0.5916896423806911
0,0.5,2,SUB,40,0.4127637514169202
0,0.5,2,SUB,41,0.5583548781629606
0,0.5,2,SUB,42,0.7392270109152396
0,0.5,2,SUB,43,0.6592430130226266
0,0.5,2,SUB,44,0.6417709194108889
0,0.5,2,SUB,45,0.6688037289372861
0,0.5,2,SUB,46,0.2699819882034824
0,0.5,2,SUB,47,0.5922968822677163
0,0.5,2,SUB,48,0.7612940528803017
0,0.5,2,SUB,49,0.6163595022885447
0,0.5,2,SUB,50,0.40139892420235174
0,0.5,2,SUB,51,0.6529827279129956
0,0.5,2,SUB,52,0.9597620165234795
0,0.5,2,SUB,53,0.706399081206661
0,0.5,2,SUB,54,0.6982687147757554
0,0.5,2,SUB,55,0.6404689327699905
0,0.5,2,SUB,56,0.4395589264719555
0,0.5,2,SUB,57,0.9012231238551565
0,0.5,2,SUB,58,0.514396703883985
0,0.5,2,SUB,59,0.38217047572503754
0,0.5,2,SUB,60,0.8170029024189639
0,0.5,2,SUB,61,0.5618324576414795
0,0.5,2,SUB,62,0.7064034731156051
0,0.5,2,SUB,63,0.35046142607245695
0,0.5,2,SUB,64,0.6066837614675579
0,0.5,2,SUB,65,0.48434837214530235
0,0.5,2,SUB,66,0.8486445835050638
0,0.5,2,SUB,67,0.4599667203466308
0,0.5,2,VI,0,1.1893787129304387
0,0.5,2,VI,1,0.8279950786267675
0,0.5,2,VI,2,1.0112801062284313
0,0.5,2,VI,3,0.976394749670271
0,0.5,2,VI,4,0.9834122036817301
0,0.5,2,VI,5,1.083443358282718
0,0.5,2,VI,6,1.254232120792388
0,0.5,2,VI,7,0.702166065685906
0,0.5,2,VI,8,0.8712768166791586
0,0.5,2,VI,9,1.052171029597065
0,0.5,2,VI,10,1.1508366897602764
0,0.5,2,VI,11,1.1661657671036818
0,0.5,2,VI,12,0.9561686395370618
0,0.5,2,VI,13,0.7697378603750639
0,0.5,2,VI,14,0.9368763882314415
0,0.5,2,VI,15,0.9317890686992304
0,0.5,2,VI,16,0.6418493401386864
0,0.5,2,VI,17,1.2933110388297748
0,0.5,2,VI,18,0.6694602164785567
0,0.5,2,VI,19,0.8338771818805847
0,0.5,2,VI,20,0.9441471736457482
0,0.5,2,VI,21,1.2097497356627374
0,0.5,2,VI,22,1.3793628728097544
0,0.5,2,VI,23,1.077506796823614
0,0.5,2,VI,24,1.3158455860288494
0,0.5,2,VI,25,1.3444549249466533
0,0.5,2,VI,26,0.9685820217917777
0,0.5,2,VI,27,0.8598389695986667
0,0.5,2,VI,28,1.135632026007144
0,0.5,2,VI,29,0.9101081871211922
0,0.5,2,VI,30,0.9848737515542121
0,0.5,2,VI,31,1.0142676563084358
0,0.5,2,VI,32,0.9511103845905315
0,0.5,2,VI,33,0.8563017356038714
0,0.5,2,VI,34,1.1502710481629412
0,0.5,2,VI,35,0.6782850976781811
0,0.5,2,VI,36,1.2089443939526707
0,0.5,2,VI,37,1.365605927397126
0,0.5,2,VI,38,0.7068608049419153
0,0.5,2,VI,39,0.7888905661245388
0,0.5,2,VI,40,0.7527984071671141
0,0.5,2,VI,41,1.1046956821898022
0,0.5,2,VI,42,1.070142948101917
0,0.5,2,VI,43,0.9076442164263328
0,0.5,2,VI,44,0.7868260277384196
0,0.5,2,VI,45,0.8067364227105072
0,0.5,2,VI,46,0.5503686344790234
0,0.5,2,VI,47,0.8055329382590417
0,0.5,2,VI,48,1.242405905797529
0,0.5,2,VI,49,0.7558242080690035
0,0.5,2,VI,50,1.0156495606607412
0,0.5,2,VI,51,0.8623836805025342
0,0.5,2,VI,52,1.2195202189003957
0,0.5,2,VI,53,1.055509692912089
0,0.5,2,VI,54,0.8250502020825489
0,0.5,2,VI,55,0.9940653142009955
0,0.5,2,VI,56,0.8319724390870118
0,0.5,2,VI,57,1.0102635792396029
0,0.5,2,VI,58,1.0971107122068042
0,0.5,2,VI,59,0.9434740383157828
0,0.5,2,VI,60,1.0667297782090661
0,0.5,2,VI,61,0.8284241146337351
0,0.5,2,VI,62,0.8272380474543233
0,0.5,2,VI,63,0.5437768318109863
0,0.5,2,VI,64,0.9670410425541842
0,0.5,2,VI,65,1.0726154250477502
0,0.5,2,VI,66,1.2651570571718795
0,0.5,2,VI,67,1.0630440573654492
0,0.5,5,SUB,0,0.4761659899196477
0,0.5,5,SUB,1,0.33122327720451344
0,0.5,5,SUB,2,0.301587319303256
0,0.5,5,SUB,3,0.3289584599131348
0,0.5,5,SUB,4,0.4143540170329923
0,0.5,5,SUB,5,0.3000828566572244
0,0.5,5,SUB,6,0.3849728615590728
0,0.5,5,SUB,7,0.3486529059742307
0,0.5,5,SUB,8,0.3415432692404906
0,0.5,5,SUB,9,0.3268271338797774
0,0.5,5,SUB,10,0.3355001102409283
0,0.5,5,SUB,11,0.4556460669278342
0,0.5,5,SUB,12,0.32627028229740884
0,0.5,5,SUB,13,0.43597816249766613
0,0.5,5,SUB,14,0.3395280153828799
0,0.5,5,SUB,15,0.28014875951683915
0,0.5,5,SUB,16,0.3392643251644973
0,0.5,5,SUB,17,0.3549193003356304
0,0.5,5,SUB,18,0.312322509924092
0,0.5,5,SUB,19,0.4409096091491852
0,0.5,5,SUB,20,0.34452071661919187
0,0.5,5,SUB,21,0.35183878653628553
0,0.5,5,SUB,22,0.3104599846146251
0,0.5,5,SUB,23,0.2976384655514573
0,0.5,5,SUB,24,0.4033006959121887
0,0.5,5,SUB,25,0.31464060839937785
0,0.5,5,SUB,26,0.4643010354525836
0,0.5,5,SUB,27,0.3911067705329722
0,0.5,5,SUB,28,0.5057748888674336
0,0.5,5,SUB,29,0.32473793468473316
0,0.5,5,SUB,30,0.4426915150806606
0,0.5,5,SUB,31,0.35320574576945263
0,0.5,5,SUB,32,0.39567151994145955
0,0.5,5,SUB,33,0.4106498150175758
0,0.5,5,SUB,34,0.3375615008881972
0,0.5,5,SUB,35,0.38158627844993265
0,0.5,5,SUB,36,0.32001781244933497
0,0.5,5,SUB,37,0.3641202184916739
0,0.5,5,SUB,38,0.37124517675388796
0,0.5,5,SUB,39,0.35496897623537654
0,0.5,5,SUB,40,0.31316953881035214
0,0.5,5,SUB,41,0.2705780973328999
0,0.5,5,SUB,42,0.4071058361003873
0,0.5,5,SUB,43,0.2842183263343547
0,0.5,5,SUB,44,0.3400988437772732
0,0.5,5,SUB,45,0.35644219526318865
0,0.5,5,SUB,46,0.32915409485854585
0,0.5,5,SUB,47,0.3571324217000177
0,0.5,5,SUB,48,0.3911170663274447
0,0.5,5,SUB,49,0.2928545557688351
0,0.5,5,SUB,50,0.3867101035364843
0,0.5,5,SUB,51,0.3177643982591154
0,0.5,5,SUB,52,0.39815762583809944
0,0.5,5,SUB,53,0.4166136063793261
0,0.5,5,SUB,54,0.38750190134750306
0,0.5,5,SUB,55,0.3569278250114974
0,0.5,5,SUB,56,0.3300200215514504
0,0.5,5,SUB,57,0.44727559717161913
0,0.5,5,SUB,58,0.3105132106219183
0,0.5,5,SUB,59,0.32648894811299123
0,0.5,5,SUB,60,0.40305278694715313
0,0.5,5,SUB,61,0.35585209104273724
0,0.5,5,SUB,62,0.3451559436561001
0,0.5,5,SUB,63,0.4425778782403724
0,0.5,5,SUB,64,0.39914154840185767
0,0.5,5,VI,0,1.5156540265907466
0,0.5,5,VI,1,2.052795326455894
0,0.5,5,VI,2,1.6271593870626098
0,0.5,5,VI,3,2.029005706852027
0,0.5,5,VI,4,2.2501592558196313
0,0.5,5,VI,5,2.0563472981763873
0,0.5,5,VI,6,1.6348228506524893
0,0.5,5,VI,7,2.0879059445950916
0,0.5,5,VI,8,2.182574155282623
0,0.5,5,VI,9,1.648708495209436
0,0.5,5,VI,10,1.9180577807888466
0,0.5,5,VI,11,1.490259568660833
0,0.5,5,VI,12,1.8577445261499899
0,0.5,5,VI,13,1.7408326848739968
0,0.5,5,VI,14,1.9921957909730457
0,0.5,5,VI,15,1.702347975361121
0,0.5,5,VI,16,2.13668740345079
0,0.5,5,VI,17,2.065359891069947
0,0.5,5,VI,18,2.240950151223161
0,0.5,5,VI,19,1.7875173313383121
0,0.5,5,VI,20,1.84883126824346
0,0.5,5,VI,21,2.080949707111126
0,0.5,5,VI,22,1.9536238835574908
0,0.5,5,VI,23,2.119221646250471
0,0.5,5,VI,24,1.6226579118255302
0,0.5,5,VI,25,1.5635232634081346
0,0.5,5,VI,26,2.2354397532220327
0,0.5,5,VI,27,2.268182055669451
0,0.5,5,VI,28,1.957914745907708
0,0.5,5,VI,29,2.0027912854151224
0,0.5,5,VI,30,1.4152667140705457
0,0.5,5,VI,31,2.2078507661725917
0,0.5,5,VI,32,2.061667064033991
0,0.5,5,VI,33,2.0746427947197708
0,0.5,5,VI,34,2.0836112693549356
0,0.5,5,VI,35,1.950591289741854
0,0.5,5,VI,36,2.0359609713009434
0,0.5,5,VI,37,1.8555995059780606
0,0.5,5,VI,38,1.7710356488764312
0,0.5,5,VI,39,2.2490611487517422
0,0.5,5,VI,40,2.3230091212045503
0,0.5,5,VI,41,1.5704247231868318
0,0.5,5,VI,42,2.616686095979977
0,0.5,5,VI,43,1.7943909560451354
0,0.5,5,VI,44,2.2170092886712736
0,0.5,5,VI,45,2.0614942072534896
0,0.5,5,VI,46,2.0700498502871496
0,0.5,5,VI,47,2.0859012546958327
0,0.5,5,VI,48,1.1945199094932368
0,0.5,5,VI,49,1.899986586190319
0,0.5,5,VI,50,2.2747263999560894
0,0.5,5,VI,51,2.1163219577003134
0,0.5,5,VI,52,1.4010632089029933
0,0.5,5,VI,53,2.3599652123600903
0,0.5,5,VI,54,2.5797540681221522
0,0.5,5,VI,55,2.266864583901182
0,0.5,5,VI,56,1.9775548621552157
0,0.5,5,VI,57,2.7302201516450477
0,0.5,5,VI,58,2.2180272792148257
0,0.5,5,VI,59,2.0127063020134184
0,0.5,5,VI,60,2.0187853381809107
0,0.5,5,VI,61,1.9406919613113676
0,0.5,5,VI,62,1.978675268557755
0,0.5,5,VI,63,1.480994667827461
0,0.5,5,VI,64,2.553145277530503
0,0.5,10,SUB,0,0.2632300240573204
0,0.5,10,SUB,1,0.28267555511313514
0,0.5,10,SUB,2,0.22955141434419774
0,0.5,10,SUB,3,0.23346672427183854
0,0.5,10,SUB,4,0.24997684476165688
0,0.5,10,SUB,5,0.2528993683396206
0,0.5,10,SUB,6,0.20883728296991952
0,0.5,10,SUB,7,0.3107140897836348
0,0.5,10,SUB,8,0.2316795967087352
0,0.5,10,SUB,9,0.23867410449085352
0,0.5,10,SUB,10,0.28650602954201754
0,0.5,10,SUB,11,0.2792993578941495
0,0.5,10,SUB,12,0.2192517099554088
0,0.5,10,SUB,13,0.31007534656800434
0,0.5,10,SUB,14,0.2885814574508721
0,0.5,10,SUB,15,0.25948431431319136
0,0.5,10,SUB,16,0.27728565467112454
0,0.5,10,SUB,17,0.26986537436762903
0,0.5,10,SUB,18,0.3370782344205132
0,0.5,10,SUB,19,0.19581804327809674
0,0.5,10,SUB,20,0.2977400133946829
0,0.5,10,SUB,21,0.26529362788886574
0,0.5,10,SUB,22,0.2822196595349625
0,0.5,10,SUB,23,0.25756537336782026
0,0.5,10,SUB,24,0.29275881500604617
0,0.5,10,SUB,25,0.25249988293470055
0,0.5,10,SUB,26,0.3039510281476021
0,0.5,10,SUB,27,0.2073977455144444
0,0.5,10,SUB,28,0.2668833502194482
0,0.5,10,SUB,29,0.19153428689405758
0,0.5,10,SUB,30,0.2696586612887189
0,0.5,10,SUB,31,0.2376562127110456
0,0.5,10,SUB,32,0.3023087096400917
0,0.5,10,SUB,33,0.25991945744757305
0,0.5,10,SUB,34,0.27267446885531016
0,0.5,10,SUB,35,0.23305058210174834
0,0.5,10,SUB,36,0.26334857040670134
0,0.5,10,SUB,37,0.25632899911378887
0,0.5,10,SUB,38,0.2567170282606843
0,0.5,10,SUB,39,0.25431347631173296
0,0.5,10,SUB,40,0.28169376730043677
0,0.5,10,SUB,41,0.2661883339610999
0,0.5,10,SUB,42,0.30275993006978913
0,0.5,10,SUB,43,0.325636446023532
0,0.5,10,SUB,44,0.20203687355877667
0,0.5,10,SUB,45,0.20230803312351353
0,0.5,10,SUB,46,0.258685218082481
0,0.5,10,SUB,47,0.2912101247635623
0,0.5,10,SUB,48,0.2465443223873318
0,0.5,10,SUB,49,0.19930516781149135
0,0.5,10,SUB,50,0.2739331345140038
0,0.5,10,SUB,51,0.2769058716838902
0,0.5,10,SUB,52,0.32807579397848036
0,0.5,10,SUB,53,0.3051832661676108
0,0.5,10,SUB,54,0.2919993158566962
0,0.5,10,SUB,55,0.22714799827832508
0,0.5,10,SUB,56,0.25678118224988367
0,0.5,10,SUB,57,0.21148767486298134
0,0.5,10,SUB,58,0.2665930715133045
0,0.5,10,SUB,59,0.30840395985887065
0,0.5,10,VI,0,2.0565509972438774
0,0.5,10,VI,1,1.4012071939171118
0,0.5,10,VI,2,1.7945881954257377
0,0.5,10,VI,3,2.250265776592946
0,0.5,10,VI,4,1.4154865191101107
0,0.5,10,VI,5,1.6350811124203188
0,0.5,10,VI,6,1.9508374051772952
0,0.5,10,VI,7,1.481170913169113
0,0.5,10,VI,8,2.0030945951384163
0,0.5,10,VI,9,2.235669270643539
0,0.5,10,VI,10,1.6489806283047872
0,0.5,10,VI,11,2.2748273915066597
0,0.5,10,VI,12,2.1165026562985934
0,0.5,10,VI,13,2.0130228438472115
0,0.5,10,VI,14,2.119445485507136
0,0.5,10,VI,15,1.7409300954005908
0,0.5,10,VI,16,2.0880273649524064
0,0.5,10,VI,17,2.2081248432426595
0,0.5,10,VI,18,1.918287651972177
0,0.5,10,VI,19,1.8578796202748242
0,0.5,10,VI,20,2.7304116607920084
0,0.5,10,VI,21,2.0654807501269663
0,0.5,10,VI,22,2.0189173823543722
0,0.5,10,VI,23,2.083836015895629
0,0.5,10,VI,24,2.127084728746901
0,0.5,10,VI,25,2.217167593769467
0,0.5,10,VI,26,2.55337137764797
0,0.5,10,VI,27,2.323227260699737
0,0.5,10,VI,28,1.7024739201888788
0,0.5,10,VI,29,2.0530479378816837
0,0.5,10,VI,30,1.787787571317297
0,0.5,10,VI,31,1.1947664224512744
0,0.5,10,VI,32,2.579971570691258
0,0.5,10,VI,33,2.0362312232795974
0,0.5,10,VI,34,1.5706827445448468
0,0.5,10,VI,35,1.8682981965801373
0,0.5,10,VI,36,2.085987554427757
0,0.5,10,VI,37,1.9777747972407786
0,0.5,10,VI,38,1.9410177062032645
0,0.5,10,VI,39,2.070201752700013
0,0.5,10,VI,40,2.2183340725139455
0,0.5,10,VI,41,2.0617310787786995
0,0.5,10,VI,42,1.9580416874104232
0,0.5,10,VI,43,1.49037248609208
0,0.5,10,VI,44,1.5637008951128648
0,0.5,10,VI,45,2.1368534343164853
0,0.5,10,VI,46,2.074772218496044
0,0.5,10,VI,47,1.771338076139728
0,0.5,10,VI,48,1.9922959384342709
0,0.5,10,VI,49,1.8655858625434105
0,0.5,10,VI,50,1.8558353135995274
0,0.5,10,VI,51,1.7250987687829806
0,0.5,10,VI,52,2.36007667109372
0,0.5,10,VI,53,2.2412448571288848
0,0.5,10,VI,54,2.0292339000170987
0,0.5,10,VI,55,1.8490117735760723
0,0.5,10,VI,56,2.081233888193668
0,0.5,10,VI,57,1.9789208788012975
0,0.5,10,VI,58,2.249198527608318
0,0.5,10,VI,59,2.268359166373581
0,0.5,20,SUB,0,0.15435306029138732
0,0.5,20,SUB,1,0.20159911121541146
0,0.5,20,SUB,2,0.20879815261874163
0,0.5,20,SUB,3,0.15475397177607436
0,0.5,20,SUB,4,0.11202863441217309
0,0.5,20,SUB,5,0.22380026115882928
0,0.5,20,SUB,6,0.14460015916446733
0,0.5,20,SUB,7,0.1979279989617257
0,0.5,20,SUB,8,0.16978432082120234
0,0.5,20,SUB,9,0.15161381659391282
0,0.5,20,SUB,10,0.13593669258260282
0,0.5,20,SUB,11,0.17712634110322445
0,0.5,20,SUB,12,0.13072008438507912
0,0.5,20,SUB,13,0.1356564598945501
0,0.5,20,SUB,14,0.17389822220639398
0,0.5,20,SUB,15,0.17340758403656373
0,0.5,20,SUB,16,0.1550085512515008
0,0.5,20,SUB,17,0.16199056269453724
0,0.5,20,SUB,18,0.1540865060513987
0,0.5,20,SUB,19,0.17724747057310894
0,0.5,20,SUB,20,0.10613663625842336
0,0.5,20,SUB,21,0.15169813574274613
0,0.5,20,SUB,22,0.12902775023521776
0,0.5,20,SUB,23,0.1969170673035271
0,0.5,20,SUB,24,0.16996552399398432
0,0.5,20,SUB,25,0.11851915657808462
0,0.5,20,SUB,26,0.15293936581703083
0,0.5,20,SUB,27,0.1859390813115001
0,0.5,20,SUB,28,0.15460532405829736
0,0.5,20,SUB,29,0.15483159503207705
0,0.5,20,SUB,30,0.12064487094051637
0,0.5,20,SUB,31,0.18874093883031592
0,0.5,20,SUB,32,0.1473142728081752
0,0.5,20,SUB,33,0.12016233021751863
0,0.5,20,SUB,34,0.15368159566678832
0,0.5,20,SUB,35,0.17578141015640295
0,0.5,20,SUB,36,0.13372713883042928
0,0.5,20,SUB,37,0.1237943816397531
0,0.5,20,SUB,38,0.1594481240069657
0,0.5,20,SUB,39,0.16474457921130906
0,0.5,20,SUB,40,0.12418958595574354
0,0.5,20,SUB,41,0.17629020513581983
0,0.5,20,SUB,42,0.1414844692422884
0,0.5,20,SUB,43,0.14135887045989745
0,0.5,20,SUB,44,0.16575797047158988
0,0.5,20,SUB,45,0.1663925655677711
0,0.5,20,SUB,46,0.15119922734231162
0,0.5,20,SUB,47,0.19309183832363241
0,0.5,20,SUB,48,0.15742657228415327
0,0.5,20,SUB,49,0.1009748294762104
0,0.5,20,VI,0,1.7251190156155347
0,0.5,20,VI,1,2.02925608041449
0,0.5,20,VI,2,2.0617487903535134
0,0.5,20,VI,3,2.065499890574138
0,0.5,20,VI,4,2.11652318320317
0,0.5,20,VI,5,2.0812503351419918
0,0.5,20,VI,6,1.7878057518796509
0,0.5,20,VI,7,2.0362539286916523
0,0.5,20,VI,8,1.8578970403233022
0,0.5,20,VI,9,2.053075356518756
0,0.5,20,VI,10,2.3232542302158694
0,0.5,20,VI,11,2.1194692111690223
0,0.5,20,VI,12,1.7409429238187688
0,0.5,20,VI,13,2.070220255638735
0,0.5,20,VI,14,1.9789450065345742
0,0.5,20,VI,15,1.4012167923447116
0,0.5,20,VI,16,1.992318426987421
0,0.5,20,VI,17,1.9777955872124424
0,0.5,20,VI,18,2.217194347448057
0,0.5,20,VI,19,1.8683171465381243
0,0.5,20,VI,20,1.9003233250173288
0,0.5,20,VI,21,2.2412684700704015
0,0.5,20,VI,22,1.9410367592988391
0,0.5,20,VI,23,1.9183073469292966
0,0.5,20,VI,24,1.6276171740038554
0,0.5,20,VI,25,1.5157811112189445
0,0.5,20,VI,26,2.003115831129532
0,0.5,20,VI,27,2.2671751923949843
0,0.5,20,VI,28,2.182763889622306
0,0.5,20,VI,29,1.8558533572877436
0,0.5,20,VI,30,1.415495636482136
0,0.5,20,VI,31,2.2683839775536345
0,0.5,20,VI,32,2.061791163739873
0,0.5,20,VI,33,2.086005782049501
0,0.5,20,VI,34,2.2492270868840376
0,0.5,20,VI,35,1.6350930806757598
0,0.5,20,VI,36,2.088044186195886
0,0.5,20,VI,37,2.235694456915521
0,0.5,20,VI,38,2.074792809420463
0,0.5,20,VI,39,1.1947805050518705
0,0.5,20,VI,40,1.7024867175727945
0,0.5,20,VI,41,2.553397551776225
0,0.5,20,VI,42,1.9508560028337032
0,0.5,20,VI,43,2.406310052063383
0,0.5,20,VI,44,2.218360850293422
0,0.5,20,VI,45,2.616893541467027
0,0.5,20,VI,46,2.250286940757692
0,0.5,20,VI,47,2.7304408997481397
0,0.5,20,VI,48,1.7713530845919352
0,0.5,20,VI,49,1.8656027812543845
0,0.5,30,SUB,0,0.17921141341076038
0,0.5,30,SUB,1,0.22350605728909334
0,0.5,30,SUB,2,0.10472403319993025
0,0.5,30,SUB,3,0.21057423330470382
0,0.5,30,SUB,4,0.11718679470371893
0,0.5,30,SUB,5,0.10513344077116893
0,0.5,30,SUB,6,0.22872700384899822
0,0.5,30,SUB,7,0.24741979609492498
0,0.5,30,SUB,8,0.189588887755846
0,0.5,30,SUB,9,0.18760509781350043
0,0.5,30,SUB,10,0.21379609039402803
0,0.5,30,SUB,11,0.1703878908813796
0,0.5,30,SUB,12,0.14551357251664662
0,0.5,30,SUB,13,0.2078471864364324
0,0.5,30,SUB,14,0.19890470775082575
0,0.5,30,SUB,15,0.1254297403914183
0,0.5,30,SUB,16,0.19331953576278857
0,0.5,30,SUB,17,0.18144168279498746
0,0.5,30,SUB,18,0.2130426284573848
0,0.5,30,SUB,19,0.2115661565912688
0,0.5,30,SUB,20,0.18224728382563432
0,0.5,30,SUB,21,0.18236925728507805
0,0.5,30,SUB,22,0.17163829085392568
0,0.5,30,SUB,23,0.19028591016622537
0,0.5,30,SUB,24,0.22306987281722473
0,0.5,30,SUB,25,0.1454717480898229
0,0.5,30,SUB,26,0.14682589228811532
0,0.5,30,SUB,27,0.2152193373637015
0,0.5,30,SUB,28,0.2139909274893311
0,0.5,30,SUB,29,0.21784225372027977
0,0.5,30,SUB,30,0.18826601998115855
0,0.5,30,SUB,31,0.2019252925152698
0,0.5,30,SUB,32,0.1448356372875185
0,0.5,30,SUB,33,0.1774917527002587
0,0.5,30,SUB,34,0.19156327494508446
0,0.5,30,SUB,35,0.24089185471202376
0,0.5,30,SUB,36,0.2018580441936597
0,0.5,30,SUB,37,0.16112330775741696
0,0.5,30,SUB,38,0.15960558463226326
0,0.5,30,SUB,39,0.2037548656397981
0,0.5,30,VI,0,1.7250392075442973
0,0.5,30,VI,1,2.267103876550419
0,0.5,30,VI,2,2.0529739673782195
0,0.5,30,VI,3,1.635055475510118
0,0.5,30,VI,4,1.9922320993267226
0,0.5,30,VI,5,2.323160319019204
0,0.5,30,VI,6,1.4903421116437225
0,0.5,30,VI,7,2.0811936280826195
0,0.5,30,VI,8,1.7024371883726246
0,0.5,30,VI,9,2.0129720472422115
0,0.5,30,VI,10,1.648939616041708
0,0.5,30,VI,11,1.9002444744766447
0,0.5,30,VI,12,2.2080609479092126
0,0.5,30,VI,13,1.515723057229687
0,0.5,30,VI,14,1.7713017608922192
0,0.5,30,VI,15,2.1367852590881693
0,0.5,30,VI,16,1.9777287456608645
0,0.5,30,VI,17,1.6227019767603128
0,0.5,30,VI,18,1.8489781214230043
0,0.5,30,VI,19,2.08797796471163
0,0.5,30,VI,20,2.2356053417822546
0,0.5,30,VI,21,1.794548172576569
0,0.5,30,VI,22,1.9788624545138138
0,0.5,30,VI,23,2.250198717798041
0,0.5,30,VI,24,1.5706461443429567
0,0.5,30,VI,25,2.2182689671444944
0,0.5,30,VI,26,1.9507890426993852
0,0.5,30,VI,27,2.274776434643074
0,0.5,30,VI,28,2.003053497153782
0,0.5,30,VI,29,1.8578325659677604
0,0.5,30,VI,30,1.855797220869383
0,0.5,30,VI,31,1.7877526423758718
0,0.5,30,VI,32,2.1193869712958753
0,0.5,30,VI,33,2.241184075139576
0,0.5,30,VI,34,2.0188661842908893
0,0.5,30,VI,35,1.4811427077184005
0,0.5,30,VI,36,2.0617317483820763
0,0.5,30,VI,37,2.0291779146541318
0,0.5,30,VI,38,2.0747113828329815
0,0.5,30,VI,39,1.6275691039013536
1,0.0,2,SUB,0,0.5981138830737389
1,0.0,2,SUB,1,0.6288897456112141
1,0.0,2,SUB,2,0.20217485475484182
1,0.0,2,SUB,3,0.6954404755468447
1,0.0,2,SUB,4,0.7011457669690854
1,0.0,2,SUB,5,0.3113057468782897
1,0.0,2,SUB,6,0.264660426149509
1,0.0,2,SUB,7,0.6611501173316868
1,0.0,2,SUB,8,0.6406541721552482
1,0.0,2,SUB,9,0.2892695624476631
1,0.0,2,SUB,10,0.8028565865311361
1,0.0,2,SUB,11,0.5880946738551707
1,0.0,2,SUB,12,0.3955557582813556
1,0.0,2,SUB,13,0.6639804955509011
1,0.0,2,SUB,14,0.3461119659642012
1,0.0,2,SUB,15,0.34473355222908586
1,0.0,2,SUB,16,0.6018538156062477
1,0.0,2,SUB,17,0.6898229381728472
1,0.0,2,SUB,18,0.8300425831625259
1,0.0,2,SUB,19,0.24977436958186813
1,0.0,2,SUB,20,0.7088164221508991
1,0.0,2,SUB,21,0.47146901361105137
1,0.0,2,SUB,22,0.6289996265240649
1,0.0,2,SUB,23,0.6361892007417782
1,0.0,2,SUB,24,0.7165427513661043
1,0.0,2,SUB,25,0.4585934977770998
1,0.0,2,SUB,26,0.7920089611795685
1,0.0,2,SUB,27,0.8150939320818658
1,0.0,2,SUB,28,0.6683923948920235
1,0.0,2,SUB,29,0.5472167992426815
1,0.0,2,SUB,30,0.7349882128011316
1,0.0,2,SUB,31,0.6719386550284046
1,0.0,2,SUB,32,0.5678494084401139
1,0.0,2,SUB,33,0.6694236943769936
1,0.0,2,SUB,34,0.7262489179809372
1,0.0,2,SUB,35,0.5924429603779988
1,0.0,2,SUB,36,0.8871148008845118
1,0.0,2,SUB,37,0.6142631221634032
1,0.0,2,SUB,38,0.5482919788374405
1,0.0,2,SUB,39,0.413168272674676
1,0.0,2,SUB,40,0.49688357311981796
1,0.0,2,SUB,41,0.6032111313640262
1,0.0,2,SUB,42,0.6669693293842728
1,0.0,2,SUB,43,0.735855064012218
1,0.0,2,SUB,44,0.814577701671415
1,0.0,2,SUB,45,0.2508879041521392
1,0.0,2,SUB,46,0.6160557209669979
1,0.0,2,SUB,47,0.7947573084234731
1,0.0,2,SUB,48,0.876163033405451
1,0.0,2,SUB,49,0.6461142744999984
1,0.0,2,SUB,50,0.6843701198900011
1,0.0,2,SUB,51,0.7772853979997518
1,0.0,2,SUB,52,0.7425445190720352
1,0.0,2,SUB,53,0.7074913627143093
1,0.0,2,SUB,54,0.7078873100468321
1,0.0,2,SUB,55,0.6527424707838176
1,0.0,2,SUB,56,0.6472499602248113
1,0.0,2,SUB,57,0.5297377252063378
1,0.0,2,SUB,58,0.6452889913967779
1,0.0,2,SUB,59,0.5196423672804245
1,0.0,2,SUB,60,0.7076445888543023
1,0.0,2,SUB,61,0.43829823759169656
1,0.0,2,SUB,62,0.44515503654042343
1,0.0,2,SUB,63,0.7662983174933993
1,0.0,2,SUB,64,0.6103597196082682
1,0.0,2,SUB,65,0.6437665376877979
1,0.0,2,SUB,66,0.7082263799257557
1,0.0,2,SUB,67,0.8388017679195805
1,0.0,2,VI,0,0.2776502279897012
1,0.0,2,VI,1,0.4266568953867338
1,0.0,2,VI,2,0.17828572221346048
1,0.0,2,VI,3,0.31910215815182774
1,0.0,2,VI,4,0.2765414768243412
1,0.0,2,VI,5,0.17760031922848066
1,0.0,2,VI,6,0.06103849130547008
1,0.0,2,VI,7,0.49083207164742104
1,0.0,2,VI,8,0.45841295729451204
1,0.0,2,VI,9,0.1939116377982085
1,0.0,2,VI,10,0.4174874858378838
1,0.0,2,VI,11,0.3474210765848619
1,0.0,2,VI,12,0.2959565111331565
1,0.0,2,VI,13,0.3180088172256432
1,0.0,2,VI,14,0.15966543446298628
1,0.0,2,VI,15,0.16454804979534812
1,0.0,2,VI,16,0.49830097884570507
1,0.0,2,VI,17,0.2923534962628979
1,0.0,2,VI,18,0.4303304815445841
1,0.0,2,VI,19,0.16170942154195342
1,0.0,2,VI,20,0.3899284382971694
1,0.0,2,VI,21,0.18629966343007778
1,0.0,2,VI,22,0.4184312208639468
1,0.0,2,VI,23,0.3510092739812929
1,0.0,2,VI,24,0.31468740023253233
1,0.0,2,VI,25,0.18902454088561688
1,0.0,2,VI,26,0.27847215427105443
1,0.0,2,VI,27,0.5339168265926533
1,0.0,2,VI,28,0.3080347005130962
1,0.0,2,VI,29,0.3317817769614203
1,0.0,2,VI,30,0.331661225647482
1,0.0,2,VI,31,0.30905045127575376
1,0.0,2,VI,32,0.46705125004995557
1,0.0,2,VI,33,0.3643517379047048
1,0.0,2,VI,34,0.42638091538207956
1,0.0,2,VI,35,0.27015540989218506
1,0.0,2,VI,36,0.35206492345436735
1,0.0,2,VI,37,0.3492080662808669
1,0.0,2,VI,38,0.20858801181818873
1,0.0,2,VI,39,0.21919985589841084
1,0.0,2,VI,40,0.23376331986115592
1,0.0,2,VI,41,0.36224325371008226
1,0.0,2,VI,42,0.43974818279019473
1,0.0,2,VI,43,0.45694026447909003
1,0.0,2,VI,44,0.3305794929996627
1,0.0,2,VI,45,0.23993865359501135
1,0.0,2,VI,46,0.25157631476574627
1,0.0,2,VI,47,0.3642579558735557
1,0.0,2,VI,48,0.2927764999387195
1,0.0,2,VI,49,0.2702192706110813
1,0.0,2,VI,50,0.27095420237616363
1,0.0,2,VI,51,0.5425079844888203
1,0.0,2,VI,52,0.31636345151702105
1,0.0,2,VI,53,0.4734451725453185
1,0.0,2,VI,54,0.4689528746893442
1,0.0,2,VI,55,0.19001695434923133
1,0.0,2,VI,56,0.4144769018057039
1,0.0,2,VI,57,0.1935649621552008
1,0.0,2,VI,58,0.21312988791961393
1,0.0,2,VI,59,0.21460405391667806
1,0.0,2,VI,60,0.5056564930937472
1,0.0,2,VI,61,0.12799740618433764
1,0.0,2,VI,62,0.2584163337521048
1,0.0,2,VI,63,0.4291887361889591
1,0.0,2,VI,64,0.2492215943333295
1,0.0,2,VI,65,0.21660060257232652
1,0.0,2,VI,66,0.4802750880724133
1,0.0,2,VI,67,0.31956818644938295
1,0.0,5,SUB,0,0.05631398007024635
1,0.0,5,SUB,1,0.027282201877120067
1,0.0,5,SUB,2,0.09191941585118818
1,0.0,5,SUB,3,0.07134327972700837
1,0.0,5,SUB,4,0.10034573030749132
1,0.0,5,SUB,5,0.026971066397368137
1,0.0,5,SUB,6,0.06561241116120312
1,0.0,5,SUB,7,0.05045822478570217
1,0.0,5,SUB,8,0.07872858200427381
1,0.0,5,SUB,9,0.011466573602168817
1,0.0,5,SUB,10,0.10828408272466096
1,0.0,5,SUB,11,0.11235652804974099
1,0.0,5,SUB,12,0.02135291295606735
1,0.0,5,SUB,13,0.08386003036856504
1,0.0,5,SUB,14,0.06556518867932047
1,0.0,5,SUB,15,0.04527546610690234
1,0.0,5,SUB,16,0.09425667852191306
1,0.0,5,SUB,17,0.09467922350255327
1,0.0,5,SUB,18,0.04453179768787846
1,0.0,5,SUB,19,0.04094825886126799
1,0.0,5,SUB,20,0.04141944088666386
1,0.0,5,SUB,21,0.03116884322172633
1,0.0,5,SUB,22,0.06987452426750886
1,0.0,5,SUB,23,0.026246111086746758
1,0.0,5,SUB,24,0.12179703358150819
1,0.0,5,SUB,25,0.053925736892526506
1,0.0,5,SUB,26,0.07465902595725746
1,0.0,5,SUB,27,0.04219813642785485
1,0.0,5,SUB,28,0.04912688040449409
1,0.0,5,SUB,29,0.07641533431145661
1,0.0,5,SUB,30,0.0845361697392937
1,0.0,5,SUB,31,0.08259654334540745
1,0.0,5,SUB,32,0.04085458794712717
1,0.0,5,SUB,33,0.0677465722151008
1,0.0,5,SUB,34,0.04550904841807692
1,0.0,5,SUB,35,0.04801895410683599
1,0.0,5,SUB,36,0.09135911463736593
1,0.0,5,SUB,37,0.12379744534687367
1,0.0,5,SUB,38,0.021948202763039402
1,0.0,5,SUB,39,0.12032564638914317
1,0.0,5,SUB,40,0.10544828015776307
1,0.0,5,SUB,41,0.028644495215423713
1,0.0,5,SUB,42,0.07938397087598781
1,0.0,5,SUB,43,0.07924631018490037
1,0.0,5,SUB,44,0.06958426721040605
1,0.0,5,SUB,45,0.06816699245590557
1,0.0,5,SUB,46,0.0424529273743303
1,0.0,5,SUB,47,0.05668864330034425
1,0.0,5,SUB,48,0.07267430790918207
1,0.0,5,SUB,49,0.11967877754747262
1,0.0,5,SUB,50,0.08439880219787914
1,0.0,5,SUB,51,0.09180925549950546
1,0.0,5,SUB,52,0.0921116535923939
1,0.0,5,SUB,53,0.11202721780553189
1,0.0,5,SUB,54,0.07234711447639348
1,0.0,5,SUB,55,0.04066622630022275
1,0.0,5,SUB,56,0.030787164650837643
1,0.0,5,SUB,57,0.031749179916946896
1,0.0,5,SUB,58,0.0671576747776574
1,0.0,5,SUB,59,0.03365011992096877
1,0.0,5,SUB,60,0.04222344303458772
1,0.0,5,SUB,61,0.07860225144562624
1,0.0,5,SUB,62,0.07041834140000423
1,0.0,5,SUB,63,0.09151449836062181
1,0.0,5,SUB,64,0.032077483548182455
1,0.0,5,VI,0,0.041354088362211994
1,0.0,5,VI,1,0.027636090560407268
1,0.0,5,VI,2,0.08866650679175868
1,0.0,5,VI,3,0.051462955204671576
1,0.0,5,VI,4,0.0744216423086307
1,0.0,5,VI,5,0.013285022899683393
1,0.0,5,VI,6,0.03719399310551299
1,0.0,5,VI,7,0.022785950491903673
1,0.0,5,VI,8,0.06789246039768754
1,0.0,5,VI,9,0.0007809476272952616
1,0.0,5,VI,10,0.0746339088956109
1,0.0,5,VI,11,0.05462619747434616
1,0.0,5,VI,12,0.01654176336839592
1,0.0,5,VI,13,0.07539417803264158
1,0.0,5,VI,14,0.01838298198455363
1,0.0,5,VI,15,0.02508762321152976
1,0.0,5,VI,16,0.07279857677285437
1,0.0,5,VI,17,0.059061332704611745
1,0.0,5,VI,18,0.027495433984627584
1,0.0,5,VI,19,0.028167921515052378
1,0.0,5,VI,20,0.01752483102802366
1,0.0,5,VI,21,0.01130433349212284
1,0.0,5,VI,22,0.05224243987043038
1,0.0,5,VI,23,0.0023326073403604096
1,0.0,5,VI,24,0.05968631947178372
1,0.0,5,VI,25,0.0268066879405885
1,0.0,5,VI,26,0.03475126184436571
1,0.0,5,VI,27,0.009778144213348846
1,0.0,5,VI,28,0.004698737093336471
1,0.0,5,VI,29,0.07554806284011363
1,0.0,5,VI,30,0.06973366725578764
1,0.0,5,VI,31,0.06324833417881076
1,0.0,5,VI,32,0.006093029160742649
1,0.0,5,VI,33,0.03205851898974992
1,0.0,5,VI,34,0.04144776084075018
1,0.0,5,VI,35,0.024480511195130488
1,0.0,5,VI,36,0.06980865234785619
1,0.0,5,VI,37,0.07259324134258296
1,0.0,5,VI,38,0.016331436340243425
1,0.0,5,VI,39,0.06868046292609165
1,0.0,5,VI,40,0.04581184526056289
1,0.0,5,VI,41,0.025661623483340334
1,0.0,5,VI,42,0.03001900335003589
1,0.0,5,VI,43,0.03681398787794255
1,0.0,5,VI,44,0.06189849957130899
1,0.0,5,VI,45,0.05950038124287572
1,0.0,5,VI,46,0.02771096519735949
1,0.0,5,VI,47,0.03439915326633856
1,0.0,5,VI,48,0.046141930714886724
1,0.0,5,VI,49,0.06353218965275147
1,0.0,5,VI,50,0.06424881755540438
1,0.0,5,VI,51,0.05573531514534741
1,0.0,5,VI,52,0.0837948000884293
1,0.0,5,VI,53,0.06800064448125259
1,0.0,5,VI,54,0.058554550915493116
1,0.0,5,VI,55,0.013240622022704039
1,0.0,5,VI,56,0.016229715485533695
1,0.0,5,VI,57,0.004374660010027555
1,0.0,5,VI,58,0.04586499990939921
1,0.0,5,VI,59,0.01772928590253343
1,0.0,5,VI,60,0.021784524850086997
1,0.0,5,VI,61,0.03044681227812652
1,0.0,5,VI,62,0.02593411361344391
1,0.0,5,VI,63,0.04517940594160294
1,0.0,5,VI,64,0.01606444931956844
1,0.0,10,SUB,0,0.04460353402173222
1,0.0,10,SUB,1,0.0317251267283689
1,0.0,10,SUB,2,0.03949568713066323
1,0.0,10,SUB,3,0.045708109883570214
1,0.0,10,SUB,4,0.03989825958576986
1,0.0,10,SUB,5,0.023254994715485994
1,0.0,10,SUB,6,0.02452675217584482
1,0.0,10,SUB,7,0.046028175944760726
1,0.0,10,SUB,8,0.024743432505436348
1,0.0,10,SUB,9,0.020858450666460374
1,0.0,10,SUB,10,0.038797167414523666
1,0.0,10,SUB,11,0.019240791919884825
1,0.0,10,SUB,12,0.02891391691865548
1,0.0,10,SUB,13,0.025527949702063936
1,0.0,10,SUB,14,0.04373094496787751
1,0.0,10,SUB,15,0.02004338864957494
1,0.0,10,SUB,16,0.0201516342427895
1,0.0,10,SUB,17,0.020948563576376398
1,0.0,10,SUB,18,0.03249421161498262
1,0.0,10,SUB,19,0.018667802724157804
1,0.0,10,SUB,20,0.04633007670237469
1,0.0,10,SUB,21,0.0171410996977644
1,0.0,10,SUB,22,0.043311348967253506
1,0.0,10,SUB,23,0.02470503925414472
1,0.0,10,SUB,24,0.026897441587124628
1,0.0,10,SUB,25,0.04740913016902761
1,0.0,10,SUB,26,0.04442232852326957
1,0.0,10,SUB,27,0.025155032780775605
1,0.0,10,SUB,28,0.013696969248011734
1,0.0,10,SUB,29,0.04525696558802923
1,0.0,10,SUB,30,0.024129995566646655
1,0.0,10,SUB,31,0.017832366311202413
1,0.0,10,SUB,32,0.030807842861756102
1,0.0,10,SUB,33,0.033279611785955905
1,0.0,10,SUB,34,0.03961442479184232
1,0.0,10,SUB,35,0.05323483485357886
1,0.0,10,SUB,36,0.02994106224309191
1,0.0,10,SUB,37,0.018684446162020082
1,0.0,10,SUB,38,0.021392876809241193
1,0.0,10,SUB,39,0.019259617854705147
1,0.0,10,SUB,40,0.038411406919030576
1,0.0,10,SUB,41,0.023389006265328277
1,0.0,10,SUB,42,0.024261247334619696
1,0.0,10,SUB,43,0.021305180415075488
1,0.0,10,SUB,44,0.02278357008169176
1,0.0,10,SUB,45,0.04030354322482169
1,0.0,10,SUB,46,0.03740163614645293
1,0.0,10,SUB,47,0.019432084445570368
1,0.0,10,SUB,48,0.020809383349426294
1,0.0,10,SUB,49,0.019041552480888926
1,0.0,10,SUB,50,0.0354841181674195
1,0.0,10,SUB,51,0.04175418020158365
1,0.0,10,SUB,52,0.025261077099421124
1,0.0,10,SUB,53,0.023843934573340598
1,0.0,10,SUB,54,0.04062096630929621
1,0.0,10,SUB,55,0.04812227425039175
1,0.0,10,SUB,56,0.03403328850316881
1,0.0,10,SUB,57,0.045174627783020053
1,0.0,10,SUB,58,0.03951079715422258
1,0.0,10,SUB,59,0.027114843171743733
1,0.0,10,VI,0,0.00027912329840813007
1,0.0,10,VI,1,0.0004347542210794832
1,0.0,10,VI,2,0.0037284226798086966
1,0.0,10,VI,3,3.926289225355285e-05
1,0.0,10,VI,4,0.00040255653681573665
1,0.0,10,VI,5,0.0007083161733084074
1,0.0,10,VI,6,0.0006995782807651569
1,0.0,10,VI,7,0.004525303865755322
1,0.0,10,VI,8,0.002629964968647343
1,0.0,10,VI,9,1.5176731179056848e-06
1,0.0,10,VI,10,0.0036873102861692234
1,0.0,10,VI,11,4.769252810153565e-05
1,0.0,10,VI,12,0.00017829145232384252
1,0.0,10,VI,13,0.003227172165474563
1,0.0,10,VI,14,0.002423397911760466
1,0.0,10,VI,15,0.00025001412275072826
1,0.0,10,VI,16,0.0001478851033721814
1,0.0,10,VI,17,1.0376295063318537e-06
1,0.0,10,VI,18,0.0013001923256373748
1,0.0,10,VI,19,0.0018839653521385703
1,0.0,10,VI,20,0.0008618908287678095
1,0.0,10,VI,21,9.889466619123315e-05
1,0.0,10,VI,22,0.004116346767842444
1,0.0,10,VI,23,0.0023927005137991675
1,0.0,10,VI,24,0.00013784195506273176
1,0.0,10,VI,25,0.003458676747251723
1,0.0,10,VI,26,0.01008527084987556
1,0.0,10,VI,27,3.7554782829747796e-05
1,0.0,10,VI,28,1.8515856809098478e-06
1,0.0,10,VI,29,0.003110585789965114
1,0.0,10,VI,30,0.007758808888485606
1,0.0,10,VI,31,8.218855073882039e-05
1,0.0,10,VI,32,7.129613272660667e-07
1,0.0,10,VI,33,0.009193414371551587
1,0.0,10,VI,34,0.0006236465165179916
1,0.0,10,VI,35,0.017580319862289556
1,0.0,10,VI,36,0.00012453895368107592
1,0.0,10,VI,37,0.00015580104283410555
1,0.0,10,VI,38,0.00011519347758514261
1,0.0,10,VI,39,0.00014984030574331962
1,0.0,10,VI,40,0.0029014909305202386
1,0.0,10,VI,41,3.967428655055109e-05
1,0.0,10,VI,42,0.006624671123075994
1,0.0,10,VI,43,0.000550261010273546
1,0.0,10,VI,44,0.005322862613052114
1,0.0,10,VI,45,0.0006266210207101742
1,0.0,10,VI,46,0.000772287587217525
1,0.0,10,VI,47,4.700456104157092e-06
1,0.0,10,VI,48,1.0072824389414948e-05
1,0.0,10,VI,49,2.8070581057148855e-07
1,0.0,10,VI,50,0.0008311811772192992
1,0.0,10,VI,51,7.753193680085615e-07
1,0.0,10,VI,52,0.0005678196031370767
1,0.0,10,VI,53,0.00011283417227323872
1,0.0,10,VI,54,0.0001977281855934211
1,0.0,10,VI,55,0.003364889463866639
1,0.0,10,VI,56,0.0005982023920996603
1,0.0,10,VI,57,0.0002829078039346478
1,0.0,10,VI,58,0.0011978805754455303
1,0.0,10,VI,59,0.0001626422481322825
1,0.0,20,SUB,0,0.024788252424298614
1,0.0,20,SUB,1,0.029701818879006078
1,0.0,20,SUB,2,0.026267169078385784
1,0.0,20,SUB,3,0.039946095539529346
1,0.0,20,SUB,4,0.015702897005761815
1,0.0,20,SUB,5,0.028941316291952603
1,0.0,20,SUB,6,0.018634227959308785
1,0.0,20,SUB,7,0.042313467648410305
1,0.0,20,SUB,8,0.023310558845670924
1,0.0,20,SUB,9,0.018035254042663488
1,0.0,20,SUB,10,0.018630162136916966
1,0.0,20,SUB,11,0.030921540203557456
1,0.0,20,SUB,12,0.02754849866287888
1,0.0,20,SUB,13,0.029107825686498136
1,0.0,20,SUB,14,0.032779958852923674
1,0.0,20,SUB,15,0.025774935081097138
1,0.0,20,SUB,16,0.021238490849629893
1,0.0,20,SUB,17,0.013496553423797596
1,0.0,20,SUB,18,0.022962996242100558
1,0.0,20,SUB,19,0.029351283562191962
1,0.0,20,SUB,20,0.018096085084092203
1,0.0,20,SUB,21,0.01757604445438002
1,0.0,20,SUB,22,0.0218763906030214
1,0.0,20,SUB,23,0.014126368403845747
1,0.0,20,SUB,24,0.024654420764338852
1,0.0,20,SUB,25,0.019802811085196628
1,0.0,20,SUB,26,0.023803497812859606
1,0.0,20,SUB,27,0.04054247727862706
1,0.0,20,SUB,28,0.03632740390467355
1,0.0,20,SUB,29,0.03162938789140545
1,0.0,20,SUB,30,0.026883653564824708
1,0.0,20,SUB,31,0.02091035086642198
1,0.0,20,SUB,32,0.025065436026442893
1,0.0,20,SUB,33,0.01123263003952477
1,0.0,20,SUB,34,0.018648307264851033
1,0.0,20,SUB,35,0.031568003546695256
1,0.0,20,SUB,36,0.02837900476983502
1,0.0,20,SUB,37,0.024866015783933444
1,0.0,20,SUB,38,0.03136841016281823
1,0.0,20,SUB,39,0.02245102112938273
1,0.0,20,SUB,40,0.023628930881265543
1,0.0,20,SUB,41,0.028189537390921088
1,0.0,20,SUB,42,0.027097448447293924
1,0.0,20,SUB,43,0.03686126202418064
1,0.0,20,SUB,44,0.020886156050308597
1,0.0,20,SUB,45,0.01870423882627911
1,0.0,20,SUB,46,0.03269743086670087
1,0.0,20,SUB,47,0.019803176351073974
1,0.0,20,SUB,48,0.03242114139355042
1,0.0,20,SUB,49,0.015274989070797846
1,0.0,20,VI,0,0.00044394472680151984
1,0.0,20,VI,1,0.00016266987798206273
1,0.0,20,VI,2,0.0003523263443645315
1,0.0,20,VI,3,0.0028557780274158107
1,0.0,20,VI,4,1.4162327119679794e-07
1,0.0,20,VI,5,8.120723549149157e-05
1,0.0,20,VI,6,1.3826269801152817e-05
1,0.0,20,VI,7,0.0002540622393921351
1,0.0,20,VI,8,0.001063236803515363
1,0.0,20,VI,9,9.306042998213056e-08
1,0.0,20,VI,10,1.056401775229018e-07
1,0.0,20,VI,11,0.002688406317534272
1,0.0,20,VI,12,6.102300098132705e-05
1,0.0,20,VI,13,1.192198573551419e-07
1,0.0,20,VI,14,0.0009314702176473924
1,0.0,20,VI,15,1.701141984095902e-07
1,0.0,20,VI,16,0.0005117744761997454
1,0.0,20,VI,17,5.181888259551343e-06
1,0.0,20,VI,18,0.0009117901081888083
1,0.0,20,VI,19,6.08322535257725e-05
1,0.0,20,VI,20,9.206394578794747e-08
1,0.0,20,VI,21,6.879205171883711e-05
1,0.0,20,VI,22,0.000635248916381514
1,0.0,20,VI,23,6.688918348513485e-08
1,0.0,20,VI,24,0.0004379291826653196
1,0.0,20,VI,25,9.636959371888839e-08
1,0.0,20,VI,26,1.7293618520206131e-07
1,0.0,20,VI,27,0.0006624941264015105
1,0.0,20,VI,28,4.290763653318667e-05
1,0.0,20,VI,29,0.00814021261597258
1,0.0,20,VI,30,0.00046811547005881713
1,0.0,20,VI,31,0.0012125506711978176
1,0.0,20,VI,32,1.280145002136402e-07
1,0.0,20,VI,33,9.856484186740846e-08
1,0.0,20,VI,34,0.0014782444564130014
1,0.0,20,VI,35,0.00023173098153433144
1,0.0,20,VI,36,0.002467292995594452
1,0.0,20,VI,37,0.0005746911535432465
1,0.0,20,VI,38,0.0028448062838741356
1,0.0,20,VI,39,0.0010149469162788341
1,0.0,20,VI,40,0.0023685148116926536
1,0.0,20,VI,41,8.755931634019459e-08
1,0.0,20,VI,42,0.0003517323766698276
1,0.0,20,VI,43,0.00024246238261423306
1,0.0,20,VI,44,1.1860926280969115e-07
1,0.0,20,VI,45,2.9374456059236566e-05
1,0.0,20,VI,46,0.0001345306991510752
1,0.0,20,VI,47,0.0010230969067777113
1,0.0,20,VI,48,0.00016460734194303573
1,0.0,20,VI,49,8.452783194241237e-08
1,0.0,30,SUB,0,0.021260251132434255
1,0.0,30,SUB,1,0.025273943150823635
1,0.0,30,SUB,2,0.015408634062478454
1,0.0,30,SUB,3,0.016157770340640646
1,0.0,30,SUB,4,0.027225453631730935
1,0.0,30,SUB,5,0.030942136004462856
1,0.0,30,SUB,6,0.025846527429483797
1,0.0,30,SUB,7,0.021386738996715445
1,0.0,30,SUB,8,0.022427056613193188
1,0.0,30,SUB,9,0.023256373190230308
1,0.0,30,SUB,10,0.016045705652400728
1,0.0,30,SUB,11,0.020348448958521205
1,0.0,30,SUB,12,0.01888114296042944
1,0.0,30,SUB,13,0.020497735743399432
1,0.0,30,SUB,14,0.014398281232796241
1,0.0,30,SUB,15,0.027246358750655137
1,0.0,30,SUB,16,0.03363895977204756
1,0.0,30,SUB,17,0.023599149309573547
1,0.0,30,SUB,18,0.02607567758656289
1,0.0,30,SUB,19,0.024961502251867992
1,0.0,30,SUB,20,0.01683221991111672
1,0.0,30,SUB,21,0.019184838294357662
1,0.0,30,SUB,22,0.026349544747007292
1,0.0,30,SUB,23,0.024021482756888316
1,0.0,30,SUB,24,0.02966562257252143
1,0.0,30,SUB,25,0.023566644044409224
1,0.0,30,SUB,26,0.02619072745579626
1,0.0,30,SUB,27,0.028646312135752843
1,0.0,30,SUB,28,0.019370343618466297
1,0.0,30,SUB,29,0.03328383834575378
1,0.0,30,SUB,30,0.023062899882948625
1,0.0,30,SUB,31,0.01875547486234705
1,0.0,30,SUB,32,0.025644817402983234
1,0.0,30,SUB,33,0.03313108947637171
1,0.0,30,SUB,34,0.025823134097329916
1,0.0,30,SUB,35,0.023111864641509838
1,0.0,30,SUB,36,0.02723565395245084
1,0.0,30,SUB,37,0.015184778108285316
1,0.0,30,SUB,38,0.020835714671529258
1,0.0,30,SUB,39,0.0369061565834417
1,0.0,30,VI,0,1.95309923846894e-05
1,0.0,30,VI,1,1.0116758654076067e-06
1,0.0,30,VI,2,6.747905212179857e-05
1,0.0,30,VI,3,5.906269411696916e-05
1,0.0,30,VI,4,9.776193912537302e-05
1,0.0,30,VI,5,0.00032411429188862153
1,0.0,30,VI,6,0.00011886800686544588
1,0.0,30,VI,7,0.0003856521306115014
1,0.0,30,VI,8,0.0001860650789113304
1,0.0,30,VI,9,0.0001609977652978567
1,0.0,30,VI,10,5.016867479701933e-07
1,0.0,30,VI,11,5.136576452743366e-05
1,0.0,30,VI,12,7.954299331071061e-05
1,0.0,30,VI,13,3.2809821361771506e-06
1,0.0,30,VI,14,3.506788730126624e-05
1,0.0,30,VI,15,3.4105458214849154e-05
1,0.0,30,VI,16,0.000136099217133652
1,0.0,30,VI,17,7.015876266299328e-07
1,0.0,30,VI,18,6.951903269287182e-06
1,0.0,30,VI,19,0.002370473300750671
1,0.0,30,VI,20,9.719646803757094e-05
1,0.0,30,VI,21,3.7154612911941635e-07
1,0.0,30,VI,22,5.360969174374935e-06
1,0.0,30,VI,23,0.0001055463888379421
1,0.0,30,VI,24,0.0018752786085128182
1,0.0,30,VI,25,9.874486500652769e-06
1,0.0,30,VI,26,7.733572506216898e-06
1,0.0,30,VI,27,3.7570424906030387e-06
1,0.0,30,VI,28,2.923546560131826e-05
1,0.0,30,VI,29,0.0017488960325371485
1,0.0,30,VI,30,3.0381303679645123e-05
1,0.0,30,VI,31,0.00014509875042763916
1,0.0,30,VI,32,6.605672152254575e-05
1,0.0,30,VI,33,1.8362480519948154e-05
1,0.0,30,VI,34,6.87149344087364e-05
1,0.0,30,VI,35,1.0780470734395267e-05
1,0.0,30,VI,36,0.00011069762778680048
1,0.0,30,VI,37,6.82913509941419e-05
1,0.0,30,VI,38,0.00011959863682719841
1,0.0,30,VI,39,0.00017736412754547402
1,0.5,2,SUB,0,0.7286183521626185
1,0.5,2,SUB,1,0.6059914151522818
1,0.5,2,SUB,2,0.8633264443959605
1,0.5,2,SUB,3,0.4784239528571721
1,0.5,2,SUB,4,0.367210796071844
1,0.5,2,SUB,5,0.4571061403420469
1,0.5,2,SUB,6,0.4321809180206727
1,0.5,2,SUB,7,0.4062300862838057
1,0.5,2,SUB,8,0.5455635729928666
1,0.5,2,SUB,9,0.5716783438322446
1,0.5,2,SUB,10,0.803208305956188
1,0.5,2,SUB,11,0.7330693378784255
1,0.5,2,SUB,12,0.39849078993529685
1,0.5,2,SUB,13,0.5247495398106454
1,0.5,2,SUB,14,0.8263589334750603
1,0.5,2,SUB,15,0.4646084465673821
1,0.5,2,SUB,16,0.6747325981124129
1,0.5,2,SUB,17,0.5572908518520008
1,0.5,2,SUB,18,0.39245155060733444
1,0.5,2,SUB,19,0.31011979614207863
1,0.5,2,SUB,20,0.4467187619366767
1,0.5,2,SUB,21,0.45048589052913074
1,0.5,2,SUB,22,0.5929180893524595
1,0.5,2,SUB,23,0.7541163344344585
1,0.5,2,SUB,24,0.6576439534646515
1,0.5,2,SUB,25,0.7337924091387482
1,0.5,2,SUB,26,0.7344345077341374
1,0.5,2,SUB,27,0.429468232446255
1,0.5,2,SUB,28,0.41379751709624935
1,0.5,2,SUB,29,0.31315521558078
1,0.5,2,SUB,30,0.632783176832869
1,0.5,2,SUB,31,0.8967665249008404
1,0.5,2,SUB,32,0.7402474013704965
1,0.5,2,SUB,33,0.5911472141231051
1,0.5,2,SUB,34,0.48446447628405015
1,0.5,2,SUB,35,0.7590242074641859
1,0.5,2,SUB,36,0.7164247171856852
1,0.5,2,SUB,37,0.3894661052559351
1,0.5,2,SUB,38,0.5449740671165433
1,0.5,2,SUB,39,0.7459717054746556
1,0.5,2,SUB,40,0.8268287418104023
1,0.5,2,SUB,41,0.3261818801174345
1,0.5,2,SUB,42,0.7733597257084797
1,0.5,2,SUB,43,0.7861154317831384
1,0.5,2,SUB,44,0.5144735505378967
1,0.5,2,SUB,45,0.5176722037703246
1,0.5,2,SUB,46,0.3639064673523329
1,0.5,2,SUB,47,0.3175007264527614
1,0.5,2,SUB,48,0.6731299576402798
1,0.5,2,SUB,49,0.3948485424295866
1,0.5,2,SUB,50,0.6851776338755241
1,0.5,2,SUB,51,0.8305239026645119
1,0.5,2,SUB,52,0.7774906484464769
1,0.5,2,SUB,53,0.8011342807717877
1,0.5,2,SUB,54,0.7680301173146175
1,0.5,2,SUB,55,0.4749691075865852
1,0.5,2,SUB,56,0.7943574148753957
1,0.5,2,SUB,57,0.8187399497377611
1,0.5,2,SUB,58,0.32077814087695694
1,0.5,2,SUB,59,0.41807014792455416
1,0.5,2,SUB,60,0.5320183107446265
1,0.5,2,SUB,61,0.6300701566767769
1,0.5,2,SUB,62,0.5507841999915466
1,0.5,2,SUB,63,0.3028635667604912
1,0.5,2,SUB,64,0.7270829545566746
1,0.5,2,SUB,65,0.6710585856766074
1,0.5,2,SUB,66,0.7087586562753989
1,0.5,2,SUB,67,0.36731286566867843
1,0.5,2,VI,0,0.9735780559098145
1,0.5,2,VI,1,0.8437317764255076
1,0.5,2,VI,2,1.0765819786451367
1,0.5,2,VI,3,0.6897077670046323
1,0.5,2,VI,4,0.4224392729391698
1,0.5,2,VI,5,0.7006395561453216
1,0.5,2,VI,6,0.4668010953917506
1,0.5,2,VI,7,0.42628845134904914
1,0.5,2,VI,8,0.8307425975424809
1,0.5,2,VI,9,0.8623700087048849
1,0.5,2,VI,10,1.0349260832857898
1,0.5,2,VI,11,0.9687807027460105
1,0.5,2,VI,12,0.5932692968041935
1,0.5,2,VI,13,0.8159451965396644
1,0.5,2,VI,14,1.0508959755753264
1,0.5,2,VI,15,0.7289943585301876
1,0.5,2,VI,16,0.9326985263912594
1,0.5,2,VI,17,0.8473246064590371
1,0.5,2,VI,18,0.43880053878655095
1,0.5,2,VI,19,0.31574867117574773
1,0.5,2,VI,20,0.4936483749293837
1,0.5,2,VI,21,0.6487714135368657
1,0.5,2,VI,22,0.8549463374229745
1,0.5,2,VI,23,0.9858710912596461
1,0.5,2,VI,24,0.9140910753084377
1,0.5,2,VI,25,0.9817514212051973
1,0.5,2,VI,26,0.9792192081292878
1,0.5,2,VI,27,0.47551505288595153
1,0.5,2,VI,28,0.5194817492003463
1,0.5,2,VI,29,0.36213419400889585
1,0.5,2,VI,30,0.8809122400991817
1,0.5,2,VI,31,1.1261144713038955
1,0.5,2,VI,32,0.9821793126731541
1,0.5,2,VI,33,0.6760744163343801
1,0.5,2,VI,34,0.5574912375308781
1,0.5,2,VI,35,1.0114764929804443
1,0.5,2,VI,36,0.9617809555896615
1,0.5,2,VI,37,0.6175859821453172
1,0.5,2,VI,38,0.8022470293654982
1,0.5,2,VI,39,0.9904831511439843
1,0.5,2,VI,40,1.0384283940203571
1,0.5,2,VI,41,0.39037572661931713
1,0.5,2,VI,42,0.9998580315064308
1,0.5,2,VI,43,1.0147944362059356
1,0.5,2,VI,44,0.7825586467354853
1,0.5,2,VI,45,0.8138444732197879
1,0.5,2,VI,46,0.41767522359013726
1,0.5,2,VI,47,0.3704394824111758
1,0.5,2,VI,48,0.9326590106732052
1,0.5,2,VI,49,0.39229623831194876
1,0.5,2,VI,50,0.9288757335026872
1,0.5,2,VI,51,1.059941419926689
1,0.5,2,VI,52,1.0086487018265728
1,0.5,2,VI,53,1.0210224354350226
1,0.5,2,VI,54,0.9968977770491466
1,0.5,2,VI,55,0.6581838126071714
1,0.5,2,VI,56,1.0251544231366085
1,0.5,2,VI,57,1.0406900453900998
1,0.5,2,VI,58,0.5330125786790715
1,0.5,2,VI,59,0.6795882350051698
1,0.5,2,VI,60,0.7947324041216666
1,0.5,2,VI,61,0.8784020819420624
1,0.5,2,VI,62,0.8336583095759486
1,0.5,2,VI,63,0.31366940799758064
1,0.5,2,VI,64,0.9814284289852688
1,0.5,2,VI,65,0.9186163844676288
1,0.5,2,VI,66,0.8916519730427187
1,0.5,2,VI,67,0.40754968979469536
1,0.5,5,SUB,0,0.2907589651426504
1,0.5,5,SUB,1,0.3171008814499799
1,0.5,5,SUB,2,0.3167844669747206
1,0.5,5,SUB,3,0.42763238288170646
1,0.5,5,SUB,4,0.3028913121909338
1,0.5,5,SUB,5,0.39705485312334443
1,0.5,5,SUB,6,0.32096179635533945
1,0.5,5,SUB,7,0.3830920644379785
1,0.5,5,SUB,8,0.36521920964081767
1,0.5,5,SUB,9,0.34978928933313647
1,0.5,5,SUB,10,0.22257502178995978
1,0.5,5,SUB,11,0.35065805647919884
1,0.5,5,SUB,12,0.36896738839810744
1,0.5,5,SUB,13,0.28119970833174057
1,0.5,5,SUB,14,0.31965040585565124
1,0.5,5,SUB,15,0.4148289668249154
1,0.5,5,SUB,16,0.30481103144645944
1,0.5,5,SUB,17,0.31871472037413423
1,0.5,5,SUB,18,0.36327912613963964
1,0.5,5,SUB,19,0.37075116514814704
1,0.5,5,SUB,20,0.3114851524351569
1,0.5,5,SUB,21,0.31522455932272886
1,0.5,5,SUB,22,0.3692190061079292
1,0.5,5,SUB,23,0.2705164841468446
1,0.5,5,SUB,24,0.3367317745683277
1,0.5,5,SUB,25,0.3064923428730386
1,0.5,5,SUB,26,0.43517945212038095
1,0.5,5,SUB,27,0.34558299808510046
1,0.5,5,SUB,28,0.3187411055662609
1,0.5,5,SUB,29,0.30183504818059215
1,0.5,5,SUB,30,0.3665722451958912
1,0.5,5,SUB,31,0.28532601185631457
1,0.5,5,SUB,32,0.35265721900462577
1,0.5,5,SUB,33,0.3247091478217766
1,0.5,5,SUB,34,0.37694948840497444
1,0.5,5,SUB,35,0.3581840679452756
1,0.5,5,SUB,36,0.3432486936702894
1,0.5,5,SUB,37,0.3420291997634999
1,0.5,5,SUB,38,0.38787519731322717
1,0.5,5,SUB,39,0.3541795787687707
1,0.5,5,SUB,40,0.33217383557493846
1,0.5,5,SUB,41,0.29193815968979125
1,0.5,5,SUB,42,0.39566551490574803
1,0.5,5,SUB,43,0.30726521503077014
1,0.5,5,SUB,44,0.4144871381452455
1,0.5,5,SUB,45,0.34155700069313283
1,0.5,5,SUB,46,0.3191930403634092
1,0.5,5,SUB,47,0.40156610965251793
1,0.5,5,SUB,48,0.35180372284555417
1,0.5,5,SUB,49,0.3776782469360392
1,0.5,5,SUB,50,0.39152022633204164
1,0.5,5,SUB,51,0.2615463606912739
1,0.5,5,SUB,52,0.40981850893603766
1,0.5,5,SUB,53,0.3755383835630317
1,0.5,5,SUB,54,0.28390205251446915
1,0.5,5,SUB,55,0.3315855399272079
1,0.5,5,SUB,56,0.31296429715042867
1,0.5,5,SUB,57,0.3053173576918677
1,0.5,5,SUB,58,0.39383167941462766
1,0.5,5,SUB,59,0.39540069017314267
1,0.5,5,SUB,60,0.30171206455014665
1,0.5,5,SUB,61,0.35912218339318897
1,0.5,5,SUB,62,0.2630028138814144
1,0.5,5,SUB,63,0.35108312618135795
1,0.5,5,SUB,64,0.3437875589925632
1,0.5,5,VI,0,1.9119516422257454
1,0.5,5,VI,1,1.838138320496994
1,0.5,5,VI,2,1.9789099201245128
1,0.5,5,VI,3,1.8646112207603482
1,0.5,5,VI,4,2.211715087064098
1,0.5,5,VI,5,1.9868563041493366
1,0.5,5,VI,6,2.0444041825900654
1,0.5,5,VI,7,2.242805629695981
1,0.5,5,VI,8,2.29656283888219
1,0.5,5,VI,9,1.9719672331283005
1,0.5,5,VI,10,1.880387026124655
1,0.5,5,VI,11,1.9723395431979138
1,0.5,5,VI,12,2.0395172035566342
1,0.5,5,VI,13,1.9263915629967379
1,0.5,5,VI,14,1.9413418203386428
1,0.5,5,VI,15,1.8021293815037827
1,0.5,5,VI,16,1.514104652919398
1,0.5,5,VI,17,2.329423939520978
1,0.5,5,VI,18,1.83055137204791
1,0.5,5,VI,19,2.1459828182962624
1,0.5,5,VI,20,2.121601871781121
1,0.5,5,VI,21,2.105024686506415
1,0.5,5,VI,22,2.02750836116819
1,0.5,5,VI,23,1.9719387950858462
1,0.5,5,VI,24,1.7915572438465148
1,0.5,5,VI,25,1.8941773312891477
1,0.5,5,VI,26,1.718262339824267
1,0.5,5,VI,27,1.7638265166563365
1,0.5,5,VI,28,2.175547421192257
1,0.5,5,VI,29,1.8867659894028281
1,0.5,5,VI,30,2.175580239632826
1,0.5,5,VI,31,2.063524059216596
1,0.5,5,VI,32,1.7689477062188883
1,0.5,5,VI,33,1.380712581900839
1,0.5,5,VI,34,2.1371046956834516
1,0.5,5,VI,35,1.70315532337078
1,0.5,5,VI,36,1.8884070806200626
1,0.5,5,VI,37,2.423704339253033
1,0.5,5,VI,38,1.839026352550207
1,0.5,5,VI,39,1.9598329817808946
1,0.5,5,VI,40,2.034255124171077
1,0.5,5,VI,41,1.8455693148147132
1,0.5,5,VI,42,2.2343377060001215
1,0.5,5,VI,43,1.920730745124336
1,0.5,5,VI,44,1.4411044948660532
1,0.5,5,VI,45,2.0915153723111306
1,0.5,5,VI,46,1.3413948167940686
1,0.5,5,VI,47,1.9626309681413276
1,0.5,5,VI,48,1.7450014267624339
1,0.5,5,VI,49,2.0762204662838544
1,0.5,5,VI,50,2.1095219034194037
1,0.5,5,VI,51,2.072589087685485
1,0.5,5,VI,52,2.04409108543388
1,0.5,5,VI,53,2.335837504744837
1,0.5,5,VI,54,1.9888887897758947
1,0.5,5,VI,55,2.212154762885266
1,0.5,5,VI,56,2.1969124553787243
1,0.5,5,VI,57,2.3523077489755373
1,0.5,5,VI,58,1.9256563735727728
1,0.5,5,VI,59,2.3879117892365715
1,0.5,5,VI,60,2.1594249474616407
1,0.5,5,VI,61,2.527410411068424
1,0.5,5,VI,62,1.9789775814240578
1,0.5,5,VI,63,1.8206702060623918
1,0.5,5,VI,64,1.8133965041235618
1,0.5,10,SUB,0,0.2078547412201519
1,0.5,10,SUB,1,0.19108325016052616
1,0.5,10,SUB,2,0.22918198797546427
1,0.5,10,SUB,3,0.23653012066231296
1,0.5,10,SUB,4,0.24362354814046144
1,0.5,10,SUB,5,0.22428421952901204
1,0.5,10,SUB,6,0.18399071383580562
1,0.5,10,SUB,7,0.21459880390304825
1,0.5,10,SUB,8,0.20319460557775257
1,0.5,10,SUB,9,0.20218448990818372
1,0.5,10,SUB,10,0.1605316465814125
1,0.5,10,SUB,11,0.2127512960242756
1,0.5,10,SUB,12,0.16394336594604805
1,0.5,10,SUB,13,0.1986960720058463
1,0.5,10,SUB,14,0.24640978561175628
1,0.5,10,SUB,15,0.21100983696503098
1,0.5,10,SUB,16,0.199241863050755
1,0.5,10,SUB,17,0.16744210817476854
1,0.5,10,SUB,18,0.2177455624968109
1,0.5,10,SUB,19,0.25017502494803723
1,0.5,10,SUB,20,0.1830204060316903
1,0.5,10,SUB,21,0.18055874887757822
1,0.5,10,SUB,22,0.20896596968445716
1,0.5,10,SUB,23,0.2268952744337454
1,0.5,10,SUB,24,0.23832487700633184
1,0.5,10,SUB,25,0.18175215511369508
1,0.5,10,SUB,26,0.17719347655140014
1,0.5,10,SUB,27,0.23704345121123724
1,0.5,10,SUB,28,0.17764558776636905
1,0.5,10,SUB,29,0.16238273852241702
1,0.5,10,SUB,30,0.23765511622805638
1,0.5,10,SUB,31,0.27910738541171404
1,0.5,10,SUB,32,0.24145804247490316
1,0.5,10,SUB,33,0.2591553454663284
1,0.5,10,SUB,34,0.1491030866962159
1,0.5,10,SUB,35,0.2257986720367936
1,0.5,10,SUB,36,0.15121292354265642
1,0.5,10,SUB,37,0.14064248713491295
1,0.5,10,SUB,38,0.21197192072744103
1,0.5,10,SUB,39,0.17468121780355686
1,0.5,10,SUB,40,0.14087765945497574
1,0.5,10,SUB,41,0.1860233063900125
1,0.5,10,SUB,42,0.27564437932646757
1,0.5,10,SUB,43,0.2268728208775982
1,0.5,10,SUB,44,0.20935118299042246
1,0.5,10,SUB,45,0.25149141708675654
1,0.5,10,SUB,46,0.22015095971453885
1,0.5,10,SUB,47,0.24374876209975646
1,0.5,10,SUB,48,0.2561583337099734
1,0.5,10,SUB,49,0.21962534715236082
1,0.5,10,SUB,50,0.20975637728223046
1,0.5,10,SUB,51,0.1693037004803845
1,0.5,10,SUB,52,0.19947736867814905
1,0.5,10,SUB,53,0.1623058769502258
1,0.5,10,SUB,54,0.14575138799461423
1,0.5,10,SUB,55,0.16204203279744292
1,0.5,10,SUB,56,0.1716602686761239
1,0.5,10,SUB,57,0.20956931587692193
1,0.5,10,SUB,58,0.25645523048391955
1,0.5,10,SUB,59,0.2354894282468708
1,0.5,10,VI,0,2.0267777987637587
1,0.5,10,VI,1,2.108720601847519
1,0.5,10,VI,2,1.83842503224857
1,0.5,10,VI,3,1.9755620071698552
1,0.5,10,VI,4,2.0628149581570816
1,0.5,10,VI,5,2.145192614960702
1,0.5,10,VI,6,1.9618960938209329
1,0.5,10,VI,7,1.9781769738636277
1,0.5,10,VI,8,1.7443948995791256
1,0.5,10,VI,9,1.8447532073183814
1,0.5,10,VI,10,2.2419944466936634
1,0.5,10,VI,11,1.7631925122666963
1,0.5,10,VI,12,2.0388646818828238
1,0.5,10,VI,13,2.158728962431009
1,0.5,10,VI,14,1.9249433319704807
1,0.5,10,VI,15,1.9113602079224992
1,0.5,10,VI,16,1.971315414638849
1,0.5,10,VI,17,1.919988404623796
1,0.5,10,VI,18,2.104432536646658
1,0.5,10,VI,19,2.351549751437236
1,0.5,10,VI,20,2.090774961384929
1,0.5,10,VI,21,2.3350186665879566
1,0.5,10,VI,22,2.044725435070699
1,0.5,10,VI,23,2.0434403085727726
1,0.5,10,VI,24,2.0335498158461793
1,0.5,10,VI,25,2.5265344551017566
1,0.5,10,VI,26,2.1961077815059626
1,0.5,10,VI,27,1.8201484351565893
1,0.5,10,VI,28,1.94069086041712
1,0.5,10,VI,29,1.9590160364495224
1,0.5,10,VI,30,2.3285931781551445
1,0.5,10,VI,31,1.7684321589612255
1,0.5,10,VI,32,2.136367145228673
1,0.5,10,VI,33,2.1748510687647937
1,0.5,10,VI,34,2.1747418140233323
1,0.5,10,VI,35,2.0755183261280243
1,0.5,10,VI,36,1.9711229900624807
1,0.5,10,VI,37,1.9860529790327528
1,0.5,10,VI,38,1.6616237193167323
1,0.5,10,VI,39,1.879681453782941
1,0.5,10,VI,40,2.120755665603846
1,0.5,10,VI,41,1.8638598838139937
1,0.5,10,VI,42,1.8299633500425838
1,0.5,10,VI,43,1.5135812312868662
1,0.5,10,VI,44,1.8128632858932432
1,0.5,10,VI,45,2.0718974416145377
1,0.5,10,VI,46,1.790822735209215
1,0.5,10,VI,47,2.233588283515075
1,0.5,10,VI,48,1.9257452168298932
1,0.5,10,VI,49,1.3802466876081254
1,0.5,10,VI,50,2.3871297827023303
1,0.5,10,VI,51,1.9782166355588442
1,0.5,10,VI,52,1.8861692425308074
1,0.5,10,VI,53,2.0435217489748507
1,0.5,10,VI,54,1.7024378763592738
1,0.5,10,VI,55,1.988190155693673
1,0.5,10,VI,56,1.8934112781104822
1,0.5,10,VI,57,2.2109123567683744
1,0.5,10,VI,58,2.2958921024606553
1,0.5,10,VI,59,2.4228360587627567
1,0.5,20,SUB,0,0.2155101326022441
1,0.5,20,SUB,1,0.17932950922150048
1,0.5,20,SUB,2,0.15378353000850203
1,0.5,20,SUB,3,0.200830532963119
1,0.5,20,SUB,4,0.17179284936982778
1,0.5,20,SUB,5,0.16642806710639252
1,0.5,20,SUB,6,0.19777896356550126
1,0.5,20,SUB,7,0.1724504268666184
1,0.5,20,SUB,8,0.25620250769501457
1,0.5,20,SUB,9,0.19501854358737264
1,0.5,20,SUB,10,0.25268106845630034
1,0.5,20,SUB,11,0.1848990287705303
1,0.5,20,SUB,12,0.15858072939244816
1,0.5,20,SUB,13,0.2541414301441278
1,0.5,20,SUB,14,0.19511684631145063
1,0.5,20,SUB,15,0.23334504944638262
1,0.5,20,SUB,16,0.18718618394757844
1,0.5,20,SUB,17,0.2319323543981394
1,0.5,20,SUB,18,0.21970478930287018
1,0.5,20,SUB,19,0.17933608702181988
1,0.5,20,SUB,20,0.18289207421815282
1,0.5,20,SUB,21,0.20231009990922033
1,0.5,20,SUB,22,0.2170869431684031
1,0.5,20,SUB,23,0.21399809528540367
1,0.5,20,SUB,24,0.2167204740778196
1,0.5,20,SUB,25,0.1727284205321699
1,0.5,20,SUB,26,0.16268150916352125
1,0.5,20,SUB,27,0.1534245151740541
1,0.5,20,SUB,28,0.1893781355736528
1,0.5,20,SUB,29,0.21860926592111785
1,0.5,20,SUB,30,0.1807632234717762
1,0.5,20,SUB,31,0.16157285366672403
1,0.5,20,SUB,32,0.2585308809592682
1,0.5,20,SUB,33,0.19339190134242285
1,0.5,20,SUB,34,0.20127361463681237
1,0.5,20,SUB,35,0.24508126829775942
1,0.5,20,SUB,36,0.22224170204013483
1,0.5,20,SUB,37,0.21926523964599004
1,0.5,20,SUB,38,0.2009147757547604
1,0.5,20,SUB,39,0.1719447861854055
1,0.5,20,SUB,40,0.18339499851195956
1,0.5,20,SUB,41,0.1925127047493473
1,0.5,20,SUB,42,0.19998726629415298
1,0.5,20,SUB,43,0.24995060594982912
1,0.5,20,SUB,44,0.12777740740596472
1,0.5,20,SUB,45,0.17179019947986435
1,0.5,20,SUB,46,0.19772567505772548
1,0.5,20,SUB,47,0.18810873833737296
1,0.5,20,SUB,48,0.1506085064630357
1,0.5,20,SUB,49,0.17638593000067898
1,0.5,20,VI,0,1.911991464124339
1,0.5,20,VI,1,2.3879566712943014
1,0.5,20,VI,2,1.9790157022728971
1,0.5,20,VI,3,2.4237529306911565
1,0.5,20,VI,4,1.8942231224218022
1,0.5,20,VI,5,1.9720085781862113
1,0.5,20,VI,6,1.820701902523974
1,0.5,20,VI,7,2.0275495122474805
1,0.5,20,VI,8,1.4411399227480957
1,0.5,20,VI,9,1.7031876431096376
1,0.5,20,VI,10,1.3807490458095528
1,0.5,20,VI,11,1.9762958237095405
1,0.5,20,VI,12,1.9889311949519788
1,0.5,20,VI,13,1.3414262820553582
1,0.5,20,VI,14,2.0915621129346817
1,0.5,20,VI,15,2.3294646423700383
1,0.5,20,VI,16,2.130237966904217
1,0.5,20,VI,17,1.838173475124473
1,0.5,20,VI,18,2.045578428418589
1,0.5,20,VI,19,2.3523545286553547
1,0.5,20,VI,20,2.034290648563661
1,0.5,20,VI,21,1.9598843969124995
1,0.5,20,VI,22,1.5141470716375207
1,0.5,20,VI,23,2.0635642845291082
1,0.5,20,VI,24,1.96267964198446
1,0.5,20,VI,25,2.0762582980845874
1,0.5,20,VI,26,2.039558430138373
1,0.5,20,VI,27,1.986902758889082
1,0.5,20,VI,28,2.234384995480256
1,0.5,20,VI,29,1.8456068428842218
1,0.5,20,VI,30,1.9413808970217332
1,0.5,20,VI,31,2.1969557848313257
1,0.5,20,VI,32,1.8305826517983315
1,0.5,20,VI,33,2.109567442953546
1,0.5,20,VI,34,2.137149238362967
1,0.5,20,VI,35,1.7689831792581021
1,0.5,20,VI,36,2.175617125342464
1,0.5,20,VI,37,1.8021734864033132
1,0.5,20,VI,38,1.7450457902508818
1,0.5,20,VI,39,1.8804235950722874
1,0.5,20,VI,40,1.978949270636487
1,0.5,20,VI,41,1.9207766146588818
1,0.5,20,VI,42,2.5274585287320526
1,0.5,20,VI,43,1.7915934941742593
1,0.5,20,VI,44,2.1216414106234485
1,0.5,20,VI,45,2.1594627196302834
1,0.5,20,VI,46,2.3358785677784226
1,0.5,20,VI,47,2.146029149341995
1,0.5,20,VI,48,2.044446970335365
1,0.5,20,VI,49,2.2428514495454177
1,0.5,30,SUB,0,0.1760087684483543
1,0.5,30,SUB,1,0.2673217642555447
1,0.5,30,SUB,2,0.1718279866470856
1,0.5,30,SUB,3,0.18642623578884981
1,0.5,30,SUB,4,0.1683255315655199
1,0.5,30,SUB,5,0.20161451457389112
1,0.5,30,SUB,6,0.263709344514374
1,0.5,30,SUB,7,0.23648659515989978
1,0.5,30,SUB,8,0.23067744789803885
1,0.5,30,SUB,9,0.26006532736831184
1,0.5,30,SUB,10,0.2500095094726182
1,0.5,30,SUB,11,0.2120744130526955
1,0.5,30,SUB,12,0.19294825073273125
1,0.5,30,SUB,13,0.17303346435832456
1,0.5,30,SUB,14,0.2343903620875534
1,0.5,30,SUB,15,0.187805942177962
1,0.5,30,SUB,16,0.1597857603753931
1,0.5,30,SUB,17,0.1944504885104144
1,0.5,30,SUB,18,0.23413903601416824
1,0.5,30,SUB,19,0.21942924380580633
1,0.5,30,SUB,20,0.2239556004307416
1,0.5,30,SUB,21,0.1898297097389674
1,0.5,30,SUB,22,0.12639036226781572
1,0.5,30,SUB,23,0.15983119549314617
1,0.5,30,SUB,24,0.25178088511557933
1,0.5,30,SUB,25,0.2360438791254971
1,0.5,30,SUB,26,0.2713824374243437
1,0.5,30,SUB,27,0.20842305740791384
1,0.5,30,SUB,28,0.25659676313266777
1,0.5,30,SUB,29,0.21435648413587863
1,0.5,30,SUB,30,0.2381677985905552
1,0.5,30,SUB,31,0.23916300973185015
1,0.5,30,SUB,32,0.23151578474993637
1,0.5,30,SUB,33,0.2394997289042023
1,0.5,30,SUB,34,0.2299937184658132
1,0.5,30,SUB,35,0.1845314336888895
1,0.5,30,SUB,36,0.19642965562489806
1,0.5,30,SUB,37,0.2454204166098375
1,0.5,30,SUB,38,0.196340382709568
1,0.5,30,SUB,39,0.20769572425150365
1,0.5,30,VI,0,2.1968889648249226
1,0.5,30,VI,1,2.0725735475891556
1,0.5,30,VI,2,2.2343163581857013
1,0.5,30,VI,3,2.039503306779374
1,0.5,30,VI,4,2.175527925825113
1,0.5,30,VI,5,1.9626138804151188
1,0.5,30,VI,6,2.0635067962469
1,0.5,30,VI,7,2.212132292648011
1,0.5,30,VI,8,1.8206587747917615
1,0.5,30,VI,9,1.8305379366471357
1,0.5,30,VI,10,1.925640994597281
1,0.5,30,VI,11,2.3522835571825946
1,0.5,30,VI,12,2.0443830674407026
1,0.5,30,VI,13,2.091500668588366
1,0.5,30,VI,14,1.976245513240792
1,0.5,30,VI,15,1.7449870185460508
1,0.5,30,VI,16,2.4236750921772203
1,0.5,30,VI,17,1.894158093030805
1,0.5,30,VI,18,2.027488563486058
1,0.5,30,VI,19,1.8867602490206627
1,0.5,30,VI,20,2.0455097956126025
1,0.5,30,VI,21,2.109508098376598
1,0.5,30,VI,22,1.9723182723160377
1,0.5,30,VI,23,1.9207101226339351
1,0.5,30,VI,24,1.8455524810000574
1,0.5,30,VI,25,2.211694690491351
1,0.5,30,VI,26,1.8390187274906602
1,0.5,30,VI,27,1.9789657828697862
1,0.5,30,VI,28,1.380716327022305
1,0.5,30,VI,29,1.9119371155684386
1,0.5,30,VI,30,1.3413930765344968
1,0.5,30,VI,31,2.0440658582268627
1,0.5,30,VI,32,2.14595790489613
1,0.5,30,VI,33,1.8803758570446785
1,0.5,30,VI,34,1.51410465265996
1,0.5,30,VI,35,2.0342317778189924
1,0.5,30,VI,36,1.8021140780350544
1,0.5,30,VI,37,1.768931536842088
1,0.5,30,VI,38,2.5273756117239805
1,0.5,30,VI,39,1.978890387217215
2,0.0,2,SUB,0,0.46630228986634575
2,0.0,2,SUB,1,0.43799372652666996
2,0.0,2,SUB,2,0.21758972685456335
2,0.0,2,SUB,3,0.26735028668564526
2,0.0,2,SUB,4,0.24966186454715608
2,0.0,2,SUB,5,0.4373919538339479
2,0.0,2,SUB,6,0.3543437148190017
2,0.0,2,SUB,7,0.23941456069774722
2,0.0,2,SUB,8,0.6129356341980607
2,0.0,2,SUB,9,0.1490716328361749
2,0.0,2,SUB,10,0.34075138867167515
2,0.0,2,SUB,11,0.3321349819442557
2,0.0,2,SUB,12,0.40803959985636445
2,0.0,2,SUB,13,0.21986118210587108
2,0.0,2,SUB,14,0.4119998168866189
2,0.0,2,SUB,15,0.07658339395788241
2,0.0,2,SUB,16,0.13580116963900976
2,0.0,2,SUB,17,0.1644456032635442
2,0.0,2,SUB,18,0.1047053357222977
2,0.0,2,SUB,19,0.08914583215177421
2,0.0,2,SUB,20,0.2976664428467577
2,0.0,2,SUB,21,0.2626568443154401
2,0.0,2,SUB,22,0.17813868570011254
2,0.0,2,SUB,23,0.561673273529521
2,0.0,2,SUB,24,0.10536359119547718
2,0.0,2,SUB,25,0.5526247965438613
2,0.0,2,SUB,26,0.2403128015361865
2,0.0,2,SUB,27,0.08163116438369457
2,0.0,2,SUB,28,0.38924860943376716
2,0.0,2,SUB,29,0.34266147573765815
2,0.0,2,SUB,30,0.5225225759159271
2,0.0,2,SUB,31,0.47700584107856553
2,0.0,2,SUB,32,0.3064383594435038
2,0.0,2,SUB,33,0.3679177969931213
2,0.0,2,SUB,34,0.22027511286904264
2,0.0,2,SUB,35,0.13002667844410712
2,0.0,2,SUB,36,0.16636217799586978
2,0.0,2,SUB,37,0.43345868461229486
2,0.0,2,SUB,38,0.1198475881847362
2,0.0,2,SUB,39,0.15998353517029287
2,0.0,2,SUB,40,0.13217087463451332
2,0.0,2,SUB,41,0.5201189984205583
2,0.0,2,SUB,42,0.3122848095734675
2,0.0,2,SUB,43,0.4775733422705704
2,0.0,2,SUB,44,0.10680053891132069
2,0.0,2,SUB,45,0.17566858837166463
2,0.0,2,SUB,46,0.1853023330260608
2,0.0,2,SUB,47,0.28603400439410837
2,0.0,2,SUB,48,0.1641137758854115
2,0.0,2,SUB,49,0.13310985751725216
2,0.0,2,SUB,50,0.31484978068249414
2,0.0,2,SUB,51,0.4888504171314129
2,0.0,2,SUB,52,0.15685270880271066
2,0.0,2,SUB,53,0.16358581412172266
2,0.0,2,SUB,54,0.578439155616142
2,0.0,2,SUB,55,0.553974157386218
2,0.0,2,SUB,56,0.17692282068576157
2,0.0,2,SUB,57,0.4563208331693603
2,0.0,2,SUB,58,0.13836788727946855
2,0.0,2,SUB,59,0.10674985965181698
2,0.0,2,SUB,60,0.1514340205152268
2,0.0,2,SUB,61,0.36432701851179855
2,0.0,2,SUB,62,0.06099662882860046
2,0.0,2,SUB,63,0.17534411737223451
2,0.0,2,SUB,64,0.30055687333690706
2,0.0,2,SUB,65,0.16372593327660748
2,0.0,2,SUB,66,0.5125607522904712
2,0.0,2,SUB,67,0.3939984499884491
2,0.0,2,VI,0,0.4836663046657289
2,0.0,2,VI,1,0.4509063925016884
2,0.0,2,VI,2,0.14804536578909278
2,0.0,2,VI,3,0.2276417397730557
2,0.0,2,VI,4,0.23463669311619575
2,0.0,2,VI,5,0.44651813589968015
2,0.0,2,VI,6,0.3715810402831472
2,0.0,2,VI,7,0.22943132752263715
2,0.0,2,VI,8,0.6273717754778293
2,0.0,2,VI,9,0.11773431569030443
2,0.0,2,VI,10,0.3624605145882099
2,0.0,2,VI,11,0.3384950867968687
2,0.0,2,VI,12,0.42951071060086937
2,0.0,2,VI,13,0.17838054778544096
2,0.0,2,VI,14,0.41367597393697586
2,0.0,2,VI,15,0.03552522521111553
2,0.0,2,VI,16,0.08422948388104935
2,0.0,2,VI,17,0.048992904698306514
2,0.0,2,VI,18,0.048000234421459356
2,0.0,2,VI,19,0.01163798867080229
2,0.0,2,VI,20,0.2589727642703318
2,0.0,2,VI,21,0.21466168710978942
2,0.0,2,VI,22,0.16182257017496599
2,0.0,2,VI,23,0.59083345631361
2,0.0,2,VI,24,0.04443733339011495
2,0.0,2,VI,25,0.5670599692059489
2,0.0,2,VI,26,0.2139834865220307
2,0.0,2,VI,27,0.03923900517034932
2,0.0,2,VI,28,0.4049411759786337
2,0.0,2,VI,29,0.35591090637827183
2,0.0,2,VI,30,0.5452098725463546
2,0.0,2,VI,31,0.4937612120298187
2,0.0,2,VI,32,0.2817089256674636
2,0.0,2,VI,33,0.34918710513381895
2,0.0,2,VI,34,0.19835384272048145
2,0.0,2,VI,35,0.04687276929438775
2,0.0,2,VI,36,0.1459329793022595
2,0.0,2,VI,37,0.4450774435704763
2,0.0,2,VI,38,0.03673122940394837
2,0.0,2,VI,39,0.1350995339968608
2,0.0,2,VI,40,0.06038704506289356
2,0.0,2,VI,41,0.5330690567217417
2,0.0,2,VI,42,0.3104019589608891
2,0.0,2,VI,43,0.49047549033010746
2,0.0,2,VI,44,0.0604745815735207
2,0.0,2,VI,45,0.14611660612680824
2,0.0,2,VI,46,0.14799693705412267
2,0.0,2,VI,47,0.2679850445024825
2,0.0,2,VI,48,0.12818566471279288
2,0.0,2,VI,49,0.04701456982030723
2,0.0,2,VI,50,0.3016986282129833
2,0.0,2,VI,51,0.4986704631880645
2,0.0,2,VI,52,0.12902880515577245
2,0.0,2,VI,53,0.1402578975544672
2,0.0,2,VI,54,0.6003676878822901
2,0.0,2,VI,55,0.5733678993931066
2,0.0,2,VI,56,0.07811525616798393
2,0.0,2,VI,57,0.48115655016104314
2,0.0,2,VI,58,0.0660081041817586
2,0.0,2,VI,59,0.08283962792746484
2,0.0,2,VI,60,0.11442707770485311
2,0.0,2,VI,61,0.3793306036297379
2,0.0,2,VI,62,0.055311000255591075
2,0.0,2,VI,63,0.15037907767331715
2,0.0,2,VI,64,0.2715865134004635
2,0.0,2,VI,65,0.08136103946564631
2,0.0,2,VI,66,0.5313367174936682
2,0.0,2,VI,67,0.4007614167868098
2,0.0,5,SUB,0,0.09057055920235176
2,0.0,5,SUB,1,0.02147550854524428
2,0.0,5,SUB,2,0.024648868495393186
2,0.0,5,SUB,3,0.036859386152430305
2,0.0,5,SUB,4,0.02269578601292744
2,0.0,5,SUB,5,0.031710616838354265
2,0.0,5,SUB,6,0.0067090886913717986
2,0.0,5,SUB,7,0.03632437621967215
2,0.0,5,SUB,8,0.08788012355049488
2,0.0,5,SUB,9,0.08262931235938016
2,0.0,5,SUB,10,0.023848608581544865
2,0.0,5,SUB,11,0.06484209341143851
2,0.0,5,SUB,12,0.12700177311217586
2,0.0,5,SUB,13,0.14877669358082937
2,0.0,5,SUB,14,0.048220953649455854
2,0.0,5,SUB,15,0.021146950467404856
2,0.0,5,SUB,16,0.054387394127739096
2,0.0,5,SUB,17,0.020136898971851315
2,0.0,5,SUB,18,0.05571139416935981
2,0.0,5,SUB,19,0.026173752329603242
2,0.0,5,SUB,20,0.028906011695299667
2,0.0,5,SUB,21,0.07915754293866697
2,0.0,5,SUB,22,0.11657667825442397
2,0.0,5,SUB,23,0.07298321454661244
2,0.0,5,SUB,24,0.024783168506497914
2,0.0,5,SUB,25,0.14976984533469023
2,0.0,5,SUB,26,0.12697323743695196
2,0.0,5,SUB,27,0.02248023490090646
2,0.0,5,SUB,28,0.020471098955128057
2,0.0,5,SUB,29,0.02188681115320264
2,0.0,5,SUB,30,0.11440762578403463
2,0.0,5,SUB,31,0.01993020079916369
2,0.0,5,SUB,32,0.04579564276599434
2,0.0,5,SUB,33,0.027553925850958234
2,0.0,5,SUB,34,0.13146249151411157
2,0.0,5,SUB,35,0.0335373657345776
2,0.0,5,SUB,36,0.01915626199479981
2,0.0,5,SUB,37,0.025543565947315695
2,0.0,5,SUB,38,0.04654625166108658
2,0.0,5,SUB,39,0.02050335561136012
2,0.0,5,SUB,40,0.1412996217291475
2,0.0,5,SUB,41,0.04759366068270051
2,0.0,5,SUB,42,0.02156193592925988
2,0.0,5,SUB,43,0.04985447104383702
2,0.0,5,SUB,44,0.10600606660364827
2,0.0,5,SUB,45,0.04417844271855935
2,0.0,5,SUB,46,0.02497356001536488
2,0.0,5,SUB,47,0.026974666914916217
2,0.0,5,SUB,48,0.08435942033190655
2,0.0,5,SUB,49,0.09207933756548135
2,0.0,5,SUB,50,0.15000253408603537
2,0.0,5,SUB,51,0.03860168585276729
2,0.0,5,SUB,52,0.09498014660186187
2,0.0,5,SUB,53,0.01684642344544914
2,0.0,5,SUB,54,0.026469646291207197
2,0.0,5,SUB,55,0.04572774482010632
2,0.0,5,SUB,56,0.02078937428831303
2,0.0,5,SUB,57,0.05810998881189021
2,0.0,5,SUB,58,0.044759630104372485
2,0.0,5,SUB,59,0.01635267111197675
2,0.0,5,SUB,60,0.026148592134303535
2,0.0,5,SUB,61,0.04883838412967481
2,0.0,5,SUB,62,0.1186483431542812
2,0.0,5,SUB,63,0.13001343185104872
2,0.0,5,SUB,64,0.030971655129437253
2,0.0,5,VI,0,0.11747672912131309
2,0.0,5,VI,1,0.001624065191267692
2,0.0,5,VI,2,0.013198437791900263
2,0.0,5,VI,3,0.0053179861674232266
2,0.0,5,VI,4,0.0012954253533860713
2,0.0,5,VI,5,0.008706138887311395
2,0.0,5,VI,6,6.296422696787587e-05
2,0.0,5,VI,7,0.041874708685235476
2,0.0,5,VI,8,0.10192873850994451
2,0.0,5,VI,9,0.0948118059758883
2,0.0,5,VI,10,0.02712753892878731
2,0.0,5,VI,11,0.0879387497590603
2,0.0,5,VI,12,0.14569391254380545
2,0.0,5,VI,13,0.16920697506360177
2,0.0,5,VI,14,0.05889472387929459
2,0.0,5,VI,15,0.0023435391651507385
2,0.0,5,VI,16,0.056034229727602684
2,0.0,5,VI,17,0.013676655722882552
2,0.0,5,VI,18,0.058803908392151195
2,0.0,5,VI,19,0.012604431906063187
2,0.0,5,VI,20,0.027280632501026535
2,0.0,5,VI,21,0.10468201999137942
2,0.0,5,VI,22,0.13347791523561334
2,0.0,5,VI,23,0.10374844269068155
2,0.0,5,VI,24,0.051551267059301235
2,0.0,5,VI,25,0.17065400026634225
2,0.0,5,VI,26,0.14999318820479865
2,0.0,5,VI,27,0.004140258638285766
2,0.0,5,VI,28,0.002572074561271153
2,0.0,5,VI,29,0.0063461715077750775
2,0.0,5,VI,30,0.12569417171908936
2,0.0,5,VI,31,0.0007484134506216411
2,0.0,5,VI,32,0.009266527696315517
2,0.0,5,VI,33,0.036578587912978494
2,0.0,5,VI,34,0.1551452790322519
2,0.0,5,VI,35,0.010890008750703053
2,0.0,5,VI,36,0.006391262202549483
2,0.0,5,VI,37,0.0005863650758817531
2,0.0,5,VI,38,0.014584446377822415
2,0.0,5,VI,39,0.00679853234798629
2,0.0,5,VI,40,0.16271985106507852
2,0.0,5,VI,41,0.05842869389461455
2,0.0,5,VI,42,0.014479382275993094
2,0.0,5,VI,43,0.02039833589364843
2,0.0,5,VI,44,0.11995699485345186
2,0.0,5,VI,45,0.012682920649122182
2,0.0,5,VI,46,0.0034873374731554294
2,0.0,5,VI,47,0.003950452322796175
2,0.0,5,VI,48,0.08937256658948754
2,0.0,5,VI,49,0.11959710196601686
2,0.0,5,VI,50,0.17030463620638436
2,0.0,5,VI,51,0.005040742574498538
2,0.0,5,VI,52,0.12217920868935474
2,0.0,5,VI,53,0.0002557399020979299
2,0.0,5,VI,54,0.008977142566942481
2,0.0,5,VI,55,0.01416588588925579
2,0.0,5,VI,56,0.005126370390171886
2,0.0,5,VI,57,0.06704426027017381
2,0.0,5,VI,58,0.05885688698253279
2,0.0,5,VI,59,0.0006367519355232193
2,0.0,5,VI,60,0.010283608347669723
2,0.0,5,VI,61,0.012124860565443445
2,0.0,5,VI,62,0.1374983771310648
2,0.0,5,VI,63,0.14811295493146517
2,0.0,5,VI,64,0.03607048798078747
2,0.0,10,SUB,0,0.03368747298760485
2,0.0,10,SUB,1,0.012950846342077785
2,0.0,10,SUB,2,0.09413890473255125
2,0.0,10,SUB,3,0.01993024506317416
2,0.0,10,SUB,4,0.09434032287318946
2,0.0,10,SUB,5,0.08021068496536257
2,0.0,10,SUB,6,0.09495526594873933
2,0.0,10,SUB,7,0.09345323118887086
2,0.0,10,SUB,8,0.014913295104956252
2,0.0,10,SUB,9,0.09533288973327234
2,0.0,10,SUB,10,0.12099529386953532
2,0.0,10,SUB,11,0.026125799093429006
2,0.0,10,SUB,12,0.025279794848916296
2,0.0,10,SUB,13,0.020561738005696033
2,0.0,10,SUB,14,0.009396860236530772
2,0.0,10,SUB,15,0.07875132356611884
2,0.0,10,SUB,16,0.015330835534751034
2,0.0,10,SUB,17,0.02280247419032695
2,0.0,10,SUB,18,0.01016732102807935
2,0.0,10,SUB,19,0.10164754100329465
2,0.0,10,SUB,20,0.012063280557863647
2,0.0,10,SUB,21,0.10790622846835392
2,0.0,10,SUB,22,0.025847689265813236
2,0.0,10,SUB,23,0.024677358676289382
2,0.0,10,SUB,24,0.025449977460315826
2,0.0,10,SUB,25,0.029619504998098813
2,0.0,10,SUB,26,0.017357324857042264
2,0.0,10,SUB,27,0.09504852675609657
2,0.0,10,SUB,28,0.020322421348978492
2,0.0,10,SUB,29,0.022547585882666806
2,0.0,10,SUB,30,0.07319967167173122
2,0.0,10,SUB,31,0.017368920430168674
2,0.0,10,SUB,32,0.013436155524815994
2,0.0,10,SUB,33,0.07876593945858838
2,0.0,10,SUB,34,0.009119454121467602
2,0.0,10,SUB,35,0.02232949617432906
2,0.0,10,SUB,36,0.028628255511035747
2,0.0,10,SUB,37,0.027893868057396267
2,0.0,10,SUB,38,0.01565473202008874
2,0.0,10,SUB,39,0.01784926589822297
2,0.0,10,SUB,40,0.024123330577397756
2,0.0,10,SUB,41,0.09449811856076974
2,0.0,10,SUB,42,0.0122537028416655
2,0.0,10,SUB,43,0.025432134437384065
2,0.0,10,SUB,44,0.029953420326035176
2,0.0,10,SUB,45,0.123722533211812
2,0.0,10,SUB,46,0.09656547957601859
2,0.0,10,SUB,47,0.016712673179237927
2,0.0,10,SUB,48,0.014042049468470695
2,0.0,10,SUB,49,0.01690002641539552
2,0.0,10,SUB,50,0.11070277038015978
2,0.0,10,SUB,51,0.10488877211281435
2,0.0,10,SUB,52,0.10151303858364098
2,0.0,10,SUB,53,0.02325483136743657
2,0.0,10,SUB,54,0.018732130799406742
2,0.0,10,SUB,55,0.010813569448445564
2,0.0,10,SUB,56,0.0994274708191552
2,0.0,10,SUB,57,0.019823043505656862
2,0.0,10,SUB,58,0.015483536550877626
2,0.0,10,SUB,59,0.1183145452637126
2,0.0,10,VI,0,0.00031548151016957574
2,0.0,10,VI,1,0.00034581367579220273
2,0.0,10,VI,2,0.010976535460204774
2,0.0,10,VI,3,0.0024964135852320927
2,0.0,10,VI,4,0.005531206553843592
2,0.0,10,VI,5,0.02662885965642614
2,0.0,10,VI,6,0.013541397194425743
2,0.0,10,VI,7,0.006152982577596499
2,0.0,10,VI,8,0.0003039204818154116
2,0.0,10,VI,9,0.006529934904789037
2,0.0,10,VI,10,0.015296970075466293
2,0.0,10,VI,11,0.005730703147508713
2,0.0,10,VI,12,1.8578743201743457e-06
2,0.0,10,VI,13,0.031217477702143955
2,0.0,10,VI,14,0.00011998565803051183
2,0.0,10,VI,15,0.023778922036874425
2,0.0,10,VI,16,0.00026932004350544835
2,0.0,10,VI,17,0.002309051837786836
2,0.0,10,VI,18,0.00046747559757052157
2,0.0,10,VI,19,0.020645061854452314
2,0.0,10,VI,20,0.00014136607736983312
2,0.0,10,VI,21,0.006809405461091995
2,0.0,10,VI,22,0.0002457217575694604
2,0.0,10,VI,23,0.0024737364254434255
2,0.0,10,VI,24,0.0002444536754252212
2,0.0,10,VI,25,0.0032654068893504316
2,0.0,10,VI,26,0.00021304801610212644
2,0.0,10,VI,27,0.016266913435649184
2,0.0,10,VI,28,0.004310622887730649
2,0.0,10,VI,29,0.017921634477992516
2,0.0,10,VI,30,0.0278998976962205
2,0.0,10,VI,31,0.00026083482628093326
2,0.0,10,VI,32,0.000495668347775452
2,0.0,10,VI,33,0.023300196625304664
2,0.0,10,VI,34,0.0019340237591122355
2,0.0,10,VI,35,0.00020176993623096607
2,0.0,10,VI,36,0.0036930580322520764
2,0.0,10,VI,37,0.005121803136235871
2,0.0,10,VI,38,0.0003011382166460451
2,0.0,10,VI,39,0.0013670095378317147
2,0.0,10,VI,40,0.02724879037676713
2,0.0,10,VI,41,0.005195049990859636
2,0.0,10,VI,42,0.007848491191523772
2,0.0,10,VI,43,0.00041237124186720544
2,0.0,10,VI,44,0.004936438913852658
2,0.0,10,VI,45,0.01681613388916131
2,0.0,10,VI,46,0.003151394277023332
2,0.0,10,VI,47,0.0008262667057781619
2,0.0,10,VI,48,0.00013538991836704574
2,0.0,10,VI,49,0.0005020239800303597
2,0.0,10,VI,50,0.011112299922038972
2,0.0,10,VI,51,0.004859518622044227
2,0.0,10,VI,52,0.018430092270741157
2,0.0,10,VI,53,0.029042047541520143
2,0.0,10,VI,54,0.0016144373060621613
2,0.0,10,VI,55,1.6077380321008765e-05
2,0.0,10,VI,56,0.022234004144417074
2,0.0,10,VI,57,0.0031599063655264868
2,0.0,10,VI,58,7.456210659859946e-05
2,0.0,10,VI,59,0.019008454377096477
2,0.0,20,SUB,0,0.0176639310625592
2,0.0,20,SUB,1,0.01136280679898212
2,0.0,20,SUB,2,0.016546201624470114
2,0.0,20,SUB,3,0.025939683804706928
2,0.0,20,SUB,4,0.013551254521545628
2,0.0,20,SUB,5,0.02115402805987316
2,0.0,20,SUB,6,0.01683857973537526
2,0.0,20,SUB,7,0.021620299190624876
2,0.0,20,SUB,8,0.026173165536871625
2,0.0,20,SUB,9,0.018625640078191463
2,0.0,20,SUB,10,0.029071587153279045
2,0.0,20,SUB,11,0.015845802936811777
2,0.0,20,SUB,12,0.015518748115811335
2,0.0,20,SUB,13,0.020834961248710634
2,0.0,20,SUB,14,0.011293415453429233
2,0.0,20,SUB,15,0.021047263426499936
2,0.0,20,SUB,16,0.023465112489748276
2,0.0,20,SUB,17,0.013514224179928149
2,0.0,20,SUB,18,0.017875416733442086
2,0.0,20,SUB,19,0.01030213714012742
2,0.0,20,SUB,20,0.017693375173679568
2,0.0,20,SUB,21,0.018734799205244484
2,0.0,20,SUB,22,0.013901238841537962
2,0.0,20,SUB,23,0.016462310268564546
2,0.0,20,SUB,24,0.010230546021376229
2,0.0,20,SUB,25,0.024202529908482057
2,0.0,20,SUB,26,0.01629975458627979
2,0.0,20,SUB,27,0.028538352940978843
2,0.0,20,SUB,28,0.030448298869118408
2,0.0,20,SUB,29,0.02178485442886522
2,0.0,20,SUB,30,0.013587689019532117
2,0.0,20,SUB,31,0.02590615099959705
2,0.0,20,SUB,32,0.01704628466940312
2,0.0,20,SUB,33,0.018129452422869233
2,0.0,20,SUB,34,0.022434737430226857
2,0.0,20,SUB,35,0.013365775231181674
2,0.0,20,SUB,36,0.016858166767986023
2,0.0,20,SUB,37,0.01842235752023685
2,0.0,20,SUB,38,0.03052422999130613
2,0.0,20,SUB,39,0.030315500005632403
2,0.0,20,SUB,40,0.010573593183628875
2,0.0,20,SUB,41,0.011189159742562607
2,0.0,20,SUB,42,0.015525276059513336
2,0.0,20,SUB,43,0.014001711950370041
2,0.0,20,SUB,44,0.012757297697087317
2,0.0,20,SUB,45,0.009578699650437837
2,0.0,20,SUB,46,0.012482550701649137
2,0.0,20,SUB,47,0.019114246974932327
2,0.0,20,SUB,48,0.01593330788157888
2,0.0,20,SUB,49,0.01817557021550593
2,0.0,20,VI,0,5.562020168806364e-07
2,0.0,20,VI,1,0.00030572809156011004
2,0.0,20,VI,2,0.0010740887742019868
2,0.0,20,VI,3,4.801977477166644e-07
2,0.0,20,VI,4,8.789320323143608e-06
2,0.0,20,VI,5,3.071229885144408e-05
2,0.0,20,VI,6,4.808940032309431e-07
2,0.0,20,VI,7,0.0024708690786930322
2,0.0,20,VI,8,3.0180449900184894e-07
2,0.0,20,VI,9,4.08657290822572e-06
2,0.0,20,VI,10,0.0010551846689504031
2,0.0,20,VI,11,0.0006814864049744302
2,0.0,20,VI,12,0.001409805678671199
2,0.0,20,VI,13,5.063086407499018e-07
2,0.0,20,VI,14,0.0018376855476233067
2,0.0,20,VI,15,3.943364983857554e-05
2,0.0,20,VI,16,4.844686250824104e-07
2,0.0,20,VI,17,0.0006513323326731054
2,0.0,20,VI,18,4.6620016097364937e-07
2,0.0,20,VI,19,0.001662134412685936
2,0.0,20,VI,20,6.881105164167646e-06
2,0.0,20,VI,21,0.00011550382596488684
2,0.0,20,VI,22,3.7754222929887385e-07
2,0.0,20,VI,23,4.141469134880928e-07
2,0.0,20,VI,24,0.0008237064541050968
2,0.0,20,VI,25,7.362627035583651e-07
2,0.0,20,VI,26,4.144241381762433e-07
2,0.0,20,VI,27,3.627244933911771e-05
2,0.0,20,VI,28,1.7992654931925394e-06
2,0.0,20,VI,29,4.385354998774652e-07
2,0.0,20,VI,30,0.00023421407393467328
2,0.0,20,VI,31,3.829794495706075e-07
2,0.0,20,VI,32,0.00017151701907956173
2,0.0,20,VI,33,0.00017571886696540984
2,0.0,20,VI,34,0.0013647679478526013
2,0.0,20,VI,35,5.066465410847526e-07
2,0.0,20,VI,36,0.0009629739384041417
2,0.0,20,VI,37,5.218943045460464e-07
2,0.0,20,VI,38,2.482670113339937e-07
2,0.0,20,VI,39,0.00030299525161597146
2,0.0,20,VI,40,0.0027830325727929033
2,0.0,20,VI,41,0.0006403115103234506
2,0.0,20,VI,42,0.0015935006129234603
2,0.0,20,VI,43,6.074745370494004e-07
2,0.0,20,VI,44,6.263010575547046e-05
2,0.0,20,VI,45,4.677348595532128e-07
2,0.0,20,VI,46,0.0018586544292289835
2,0.0,20,VI,47,6.069952038340779e-07
2,0.0,20,VI,48,0.0006946118591438221
2,0.0,20,VI,49,0.0022116749108326062
2,0.0,30,SUB,0,0.019210235232107936
2,0.0,30,SUB,1,0.033788948426728915
2,0.0,30,SUB,2,0.01992892988501812
2,0.0,30,SUB,3,0.006609194757161564
2,0.0,30,SUB,4,0.01977679747996426
2,0.0,30,SUB,5,0.018688505043588315
2,0.0,30,SUB,6,0.016705277567375644
2,0.0,30,SUB,7,0.020376162657282745
2,0.0,30,SUB,8,0.025876538143348886
2,0.0,30,SUB,9,0.015318994179360638
2,0.0,30,SUB,10,0.01931539532307702
2,0.0,30,SUB,11,0.023880300417675533
2,0.0,30,SUB,12,0.022723697384042375
2,0.0,30,SUB,13,0.018122171998695834
2,0.0,30,SUB,14,0.017401455906554786
2,0.0,30,SUB,15,0.025491274148434592
2,0.0,30,SUB,16,0.02172434351346343
2,0.0,30,SUB,17,0.03336549578109003
2,0.0,30,SUB,18,0.018630365541085873
2,0.0,30,SUB,19,0.02174613132450384
2,0.0,30,SUB,20,0.015928866612172302
2,0.0,30,SUB,21,0.022990655188936327
2,0.0,30,SUB,22,0.012639682402219531
2,0.0,30,SUB,23,0.020756171834746866
2,0.0,30,SUB,24,0.020235903624219165
2,0.0,30,SUB,25,0.018540540293122323
2,0.0,30,SUB,26,0.02162980045950771
2,0.0,30,SUB,27,0.03367473145704645
2,0.0,30,SUB,28,0.013424363138158967
2,0.0,30,SUB,29,0.01958856831105743
2,0.0,30,SUB,30,0.017038476944348818
2,0.0,30,SUB,31,0.01768584022759512
2,0.0,30,SUB,32,0.01629383666102637
2,0.0,30,SUB,33,0.019669438264878006
2,0.0,30,SUB,34,0.022861724719686317
2,0.0,30,SUB,35,0.021087376893175157
2,0.0,30,SUB,36,0.025051591218181624
2,0.0,30,SUB,37,0.009074925331266213
2,0.0,30,SUB,38,0.02750436206344569
2,0.0,30,SUB,39,0.021994643801673045
2,0.0,30,VI,0,0.000990914429330977
2,0.0,30,VI,1,2.8346578967684487e-07
2,0.0,30,VI,2,3.7414975599128944e-07
2,0.0,30,VI,3,0.00021926163138011865
2,0.0,30,VI,4,2.7280962432577017e-07
2,0.0,30,VI,5,3.6512516547086823e-07
2,0.0,30,VI,6,3.530656815432898e-07
2,0.0,30,VI,7,0.0004159049635665406
2,0.0,30,VI,8,2.3805568022050857e-07
2,0.0,30,VI,9,2.7768752661198175e-07
2,0.0,30,VI,10,0.001325855991810737
2,0.0,30,VI,11,0.0004315875054790122
2,0.0,30,VI,12,2.2162431688873415e-05
2,0.0,30,VI,13,3.234831498919843e-07
2,0.0,30,VI,14,2.709754108281764e-07
2,0.0,30,VI,15,0.0015365577532429485
2,0.0,30,VI,16,0.0006674101832740861
2,0.0,30,VI,17,3.39738257313156e-07
2,0.0,30,VI,18,3.966152768751413e-07
2,0.0,30,VI,19,0.0008486637394914009
2,0.0,30,VI,20,0.0008766729279090522
2,0.0,30,VI,21,2.9647610565120255e-07
2,0.0,30,VI,22,0.0017306946399320532
2,0.0,30,VI,23,0.0005669673525341703
2,0.0,30,VI,24,2.4258267257203973e-07
2,0.0,30,VI,25,0.0002905954984076737
2,0.0,30,VI,26,2.9267459684493223e-07
2,0.0,30,VI,27,0.0006556624015283333
2,0.0,30,VI,28,0.0011558160556016572
2,0.0,30,VI,29,0.0003152253950167317
2,0.0,30,VI,30,0.00039784285501188814
2,0.0,30,VI,31,2.8129462259747474e-07
2,0.0,30,VI,32,2.3281675501172402e-07
2,0.0,30,VI,33,0.00042288895536991003
2,0.0,30,VI,34,1.9313512671510568e-07
2,0.0,30,VI,35,3.203576299925723e-07
2,0.0,30,VI,36,2.8320579195410663e-07
2,0.0,30,VI,37,0.0005111977731851851
2,0.0,30,VI,38,0.0002782307212218134
2,0.0,30,VI,39,2.442302778186618e-05
2,0.5,2,SUB,0,0.7045158194196497
2,0.5,2,SUB,1,0.94175345554659
2,0.5,2,SUB,2,1.0937220813356048
2,0.5,2,SUB,3,0.8430518791651923
2,0.5,2,SUB,4,0.7868927565439031
2,0.5,2,SUB,5,0.795482809932242
2,0.5,2,SUB,6,1.2279422971371836
2,0.5,2,SUB,7,0.6567269177120731
2,0.5,2,SUB,8,0.795221565630636
2,0.5,2,SUB,9,0.7970054026697045
2,0.5,2,SUB,10,1.1021466360926344
2,0.5,2,SUB,11,0.7069715446340759
2,0.5,2,SUB,12,1.1067519294476433
2,0.5,2,SUB,13,0.8842379576012497
2,0.5,2,SUB,14,1.082877180925297
2,0.5,2,SUB,15,0.7529154850257402
2,0.5,2,SUB,16,1.000186131491001
2,0.5,2,SUB,17,1.0222109306133724
2,0.5,2,SUB,18,0.7372973342811421
2,0.5,2,SUB,19,1.111316367900732
2,0.5,2,SUB,20,0.7908177844216375
2,0.5,2,SUB,21,0.8142781021456549
2,0.5,2,SUB,22,0.766665924634778
2,0.5,2,SUB,23,0.9125935940917065
2,0.5,2,SUB,24,1.016467840174398
2,0.5,2,SUB,25,1.0900083745398517
2,0.5,2,SUB,26,0.9160604420038635
2,0.5,2,SUB,27,0.9919252033957032
2,0.5,2,SUB,28,0.8038208554223166
2,0.5,2,SUB,29,1.0562469518394333
2,0.5,2,SUB,30,0.9881491681608885
2,0.5,2,SUB,31,0.7705606022082013
2,0.5,2,SUB,32,0.8720932625600971
2,0.5,2,SUB,33,0.9117005210763219
2,0.5,2,SUB,34,0.7776807573387663
2,0.5,2,SUB,35,0.7712672657010796
2,0.5,2,SUB,36,1.2489375728914918
2,0.5,2,SUB,37,0.8867037301551135
2,0.5,2,SUB,38,0.9765139078276932
2,0.5,2,SUB,39,0.8441080485631989
2,0.5,2,SUB,40,0.679249225440583
2,0.5,2,SUB,41,1.1413486778100328
2,0.5,2,SUB,42,1.086893731195589
2,0.5,2,SUB,43,1.1358540858791304
2,0.5,2,SUB,44,1.0245964271459493
2,0.5,2,SUB,45,1.1784768060522637
2,0.5,2,SUB,46,0.6600991513622215
2,0.5,2,SUB,47,0.7024107347241627
2,0.5,2,SUB,48,1.156939514748196
2,0.5,2,SUB,49,0.718458571966042
2,0.5,2,SUB,50,0.9940165290473654
2,0.5,2,SUB,51,0.7521594452234247
2,0.5,2,SUB,52,0.9522156085101331
2,0.5,2,SUB,53,0.9790176975691206
2,0.5,2,SUB,54,1.1591905885951859
2,0.5,2,SUB,55,1.0957646731694672
2,0.5,2,SUB,56,1.0532998863095657
2,0.5,2,SUB,57,0.7356455620270275
2,0.5,2,SUB,58,0.7592958070972645
2,0.5,2,SUB,59,1.2449534773358228
2,0.5,2,SUB,60,0.7850653338206453
2,0.5,2,SUB,61,0.7558095309791538
2,0.5,2,SUB,62,0.9319033508482173
2,0.5,2,SUB,63,1.152660560637466
2,0.5,2,SUB,64,0.9148912159702264
2,0.5,2,SUB,65,1.136786875912957
2,0.5,2,SUB,66,0.8798383621036899
2,0.5,2,SUB,67,0.8541112244498837
2,0.5,2,VI,0,0.9727623860372376
2,0.5,2,VI,1,1.0754172495376195
2,0.5,2,VI,2,1.393679308935048
2,0.5,2,VI,3,1.1052516356297706
2,0.5,2,VI,4,1.221689659850022
2,0.5,2,VI,5,0.882570748579189
2,0.5,2,VI,6,1.2650864545491651
2,0.5,2,VI,7,1.1267188551901464
2,0.5,2,VI,8,1.2550097995231362
2,0.5,2,VI,9,0.9579896994832063
2,0.5,2,VI,10,1.0909597377006586
2,0.5,2,VI,11,1.1886837348418398
2,0.5,2,VI,12,1.1285330664651474
2,0.5,2,VI,13,1.095659062574365
2,0.5,2,VI,14,1.170180186199708
2,0.5,2,VI,15,1.1471624604407151
2,0.5,2,VI,16,0.9856268297599631
2,0.5,2,VI,17,1.080724830402308
2,0.5,2,VI,18,0.8671881977656162
2,0.5,2,VI,19,1.1824030168181028
2,0.5,2,VI,20,0.8380171803230743
2,0.5,2,VI,21,1.2502980825821033
2,0.5,2,VI,22,1.1664405827738458
2,0.5,2,VI,23,1.2950420241727911
2,0.5,2,VI,24,1.1223916416879989
2,0.5,2,VI,25,1.2446735505011661
2,0.5,2,VI,26,1.0436482820155513
2,0.5,2,VI,27,1.2945146732161588
2,0.5,2,VI,28,1.0184175375012423
2,0.5,2,VI,29,1.2466922967730223
2,0.5,2,VI,30,1.2810147982444187
2,0.5,2,VI,31,1.2371498211794836
2,0.5,2,VI,32,1.2901302305540467
2,0.5,2,VI,33,0.9520706699390288
2,0.5,2,VI,34,1.1791527462106282
2,0.5,2,VI,35,1.213772336061114
2,0.5,2,VI,36,1.2931230904038724
2,0.5,2,VI,37,1.264327069552615
2,0.5,2,VI,38,1.2002945838566916
2,0.5,2,VI,39,1.3012565643053615
2,0.5,2,VI,40,0.8356681677634824
2,0.5,2,VI,41,1.201156234107557
2,0.5,2,VI,42,1.304627851293186
2,0.5,2,VI,43,1.135498114742436
2,0.5,2,VI,44,1.464891633701675
2,0.5,2,VI,45,1.1913425123746675
2,0.5,2,VI,46,1.2360914896387472
2,0.5,2,VI,47,1.1456843624672945
2,0.5,2,VI,48,1.2476694793958378
2,0.5,2,VI,49,1.2009683100480952
2,0.5,2,VI,50,1.2922254531662145
2,0.5,2,VI,51,1.2445853463453498
2,0.5,2,VI,52,1.3568473828034837
2,0.5,2,VI,53,1.045148541960154
2,0.5,2,VI,54,1.2029449507647048
2,0.5,2,VI,55,1.2006406960564175
2,0.5,2,VI,56,1.0152709765650552
2,0.5,2,VI,57,1.1893181386101748
2,0.5,2,VI,58,1.2365723044748058
2,0.5,2,VI,59,1.2352800566747473
2,0.5,2,VI,60,0.8092950093231661
2,0.5,2,VI,61,1.0623285768630295
2,0.5,2,VI,62,1.38482913695423
2,0.5,2,VI,63,1.2287318557250906
2,0.5,2,VI,64,1.251046446101825
2,0.5,2,VI,65,1.2940777750953358
2,0.5,2,VI,66,0.9496606134021411
2,0.5,2,VI,67,0.8892765929190797
2,0.5,5,SUB,0,0.27984982358603905
2,0.5,5,SUB,1,0.3742622607541333
2,0.5,5,SUB,2,0.3211604291219066
2,0.5,5,SUB,3,0.2694334091713844
2,0.5,5,SUB,4,0.32809578951143437
2,0.5,5,SUB,5,0.3296264864292728
2,0.5,5,SUB,6,0.36784207174099337
2,0.5,5,SUB,7,0.2716110954649319
2,0.5,5,SUB,8,0.37988264176469067
2,0.5,5,SUB,9,0.31788288447804325
2,0.5,5,SUB,10,0.35988946107594144
2,0.5,5,SUB,11,0.3373470580357499
2,0.5,5,SUB,12,0.31217700670921666
2,0.5,5,SUB,13,0.2829838881462008
2,0.5,5,SUB,14,0.37856874888362047
2,0.5,5,SUB,15,0.3603134056712729
2,0.5,5,SUB,16,0.35739563316954753
2,0.5,5,SUB,17,0.42055514187438614
2,0.5,5,SUB,18,0.40648540899714336
2,0.5,5,SUB,19,0.34972132618518226
2,0.5,5,SUB,20,0.319038213897602
2,0.5,5,SUB,21,0.32483740067244543
2,0.5,5,SUB,22,0.25809171700763306
2,0.5,5,SUB,23,0.36624583343059364
2,0.5,5,SUB,24,0.3371186003128046
2,0.5,5,SUB,25,0.3028256947205836
2,0.5,5,SUB,26,0.38259485633782564
2,0.5,5,SUB,27,0.3234968591027232
2,0.5,5,SUB,28,0.2408893645172941
2,0.5,5,SUB,29,0.24152695425521584
2,0.5,5,SUB,30,0.30801870446753465
2,0.5,5,SUB,31,0.2533505553045365
2,0.5,5,SUB,32,0.23773987783932257
2,0.5,5,SUB,33,0.4115923960117903
2,0.5,5,SUB,34,0.23474401925573113
2,0.5,5,SUB,35,0.3252066056058342
2,0.5,5,SUB,36,0.3535000550654088
2,0.5,5,SUB,37,0.33640478051879336
2,0.5,5,SUB,38,0.34417939559215344
2,0.5,5,SUB,39,0.34198140276717254
2,0.5,5,SUB,40,0.36805674208511496
2,0.5,5,SUB,41,0.3247943120787153
2,0.5,5,SUB,42,0.23386403577829504
2,0.5,5,SUB,43,0.2410064379737338
2,0.5,5,SUB,44,0.36408011224295456
2,0.5,5,SUB,45,0.24197272298306174
2,0.5,5,SUB,46,0.3448449487802316
2,0.5,5,SUB,47,0.44427705305438736
2,0.5,5,SUB,48,0.40311544724555265
2,0.5,5,SUB,49,0.3280715550502714
2,0.5,5,SUB,50,0.379793415714788
2,0.5,5,SUB,51,0.3787383918610812
2,0.5,5,SUB,52,0.26030043232225186
2,0.5,5,SUB,53,0.2229682390301913
2,0.5,5,SUB,54,0.20735335114477166
2,0.5,5,SUB,55,0.35633527485250777
2,0.5,5,SUB,56,0.29777932109412847
2,0.5,5,SUB,57,0.3678039099728887
2,0.5,5,SUB,58,0.34473886807514126
2,0.5,5,SUB,59,0.3431993621778014
2,0.5,5,SUB,60,0.30993550946964615
2,0.5,5,SUB,61,0.37612982648943133
2,0.5,5,SUB,62,0.3169028909875782
2,0.5,5,SUB,63,0.3388914775993846
2,0.5,5,SUB,64,0.34285214853704976
2,0.5,5,VI,0,1.5218201658233794
2,0.5,5,VI,1,1.8042827090042526
2,0.5,5,VI,2,2.1142710714228015
2,0.5,5,VI,3,2.202562217096675
2,0.5,5,VI,4,2.1383706028504266
2,0.5,5,VI,5,2.19277884505243
2,0.5,5,VI,6,1.8433092651158733
2,0.5,5,VI,7,1.918476037038435
2,0.5,5,VI,8,1.6645669726396146
2,0.5,5,VI,9,2.2444303949170905
2,0.5,5,VI,10,2.2432071139003122
2,0.5,5,VI,11,1.8556617797269424
2,0.5,5,VI,12,2.173422350837303
2,0.5,5,VI,13,2.055207398730771
2,0.5,5,VI,14,2.1453430012472596
2,0.5,5,VI,15,1.908952501131692
2,0.5,5,VI,16,1.9993258069432631
2,0.5,5,VI,17,1.6851107320466914
2,0.5,5,VI,18,2.1570586558810416
2,0.5,5,VI,19,1.7682877827205863
2,0.5,5,VI,20,1.952777412046775
2,0.5,5,VI,21,1.7188534701900895
2,0.5,5,VI,22,2.234439284656411
2,0.5,5,VI,23,2.1031979778492276
2,0.5,5,VI,24,1.644474763402592
2,0.5,5,VI,25,1.9778150107916448
2,0.5,5,VI,26,2.0539771298601393
2,0.5,5,VI,27,1.8880210444828285
2,0.5,5,VI,28,1.474217239931507
2,0.5,5,VI,29,1.7314984970400984
2,0.5,5,VI,30,1.3203470618499318
2,0.5,5,VI,31,1.6154163909471893
2,0.5,5,VI,32,1.289057827683452
2,0.5,5,VI,33,2.3461179934978955
2,0.5,5,VI,34,1.9416134872103854
2,0.5,5,VI,35,1.9526977563027659
2,0.5,5,VI,36,2.0463326107806386
2,0.5,5,VI,37,1.9510673196534025
2,0.5,5,VI,38,2.0982021709270198
2,0.5,5,VI,39,2.2042911683256694
2,0.5,5,VI,40,2.2726274422801365
2,0.5,5,VI,41,1.8945065181186616
2,0.5,5,VI,42,1.8848186111571064
2,0.5,5,VI,43,2.1191464755997895
2,0.5,5,VI,44,2.1849860233334613
2,0.5,5,VI,45,2.2436112877199004
2,0.5,5,VI,46,2.392617036386257
2,0.5,5,VI,47,2.5529627416636904
2,0.5,5,VI,48,1.8889572043534608
2,0.5,5,VI,49,1.7064825069841558
2,0.5,5,VI,50,2.563642302654061
2,0.5,5,VI,51,2.02628279265654
2,0.5,5,VI,52,2.393648951718652
2,0.5,5,VI,53,1.7482133249075753
2,0.5,5,VI,54,1.7105236580149257
2,0.5,5,VI,55,1.7610588438551695
2,0.5,5,VI,56,2.11265308678036
2,0.5,5,VI,57,2.069585777346186
2,0.5,5,VI,58,1.5629971034826133
2,0.5,5,VI,59,1.9193565450926633
2,0.5,5,VI,60,1.8120912974536163
2,0.5,5,VI,61,2.0847001413465702
2,0.5,5,VI,62,2.1516394339306766
2,0.5,5,VI,63,2.074132912888102
2,0.5,5,VI,64,1.6494535749982584
2,0.5,10,SUB,0,0.23733334643270948
2,0.5,10,SUB,1,0.2996410224522399
2,0.5,10,SUB,2,0.29206229404232514
2,0.5,10,SUB,3,0.25216107223248363
2,0.5,10,SUB,4,0.2879843351397448
2,0.5,10,SUB,5,0.27289323640436397
2,0.5,10,SUB,6,0.2595271573078564
2,0.5,10,SUB,7,0.24086854704358412
2,0.5,10,SUB,8,0.24678190618259585
2,0.5,10,SUB,9,0.26044140873434557
2,0.5,10,SUB,10,0.30131557132296677
2,0.5,10,SUB,11,0.29444928757824634
2,0.5,10,SUB,12,0.2969795270890163
2,0.5,10,SUB,13,0.17483339674696324
2,0.5,10,SUB,14,0.25351613360694564
2,0.5,10,SUB,15,0.27640484191007414
2,0.5,10,SUB,16,0.29552997561895433
2,0.5,10,SUB,17,0.2823290556680965
2,0.5,10,SUB,18,0.22867632977631794
2,0.5,10,SUB,19,0.24838665952340755
2,0.5,10,SUB,20,0.3193457150328768
2,0.5,10,SUB,21,0.33654418104296047
2,0.5,10,SUB,22,0.3151050267714151
2,0.5,10,SUB,23,0.3238531737513848
2,0.5,10,SUB,24,0.1871684873897319
2,0.5,10,SUB,25,0.23253455220853778
2,0.5,10,SUB,26,0.2725598763462552
2,0.5,10,SUB,27,0.22503196399048217
2,0.5,10,SUB,28,0.22940816073037337
2,0.5,10,SUB,29,0.209863440477699
2,0.5,10,SUB,30,0.20580624487426344
2,0.5,10,SUB,31,0.2905761841502362
2,0.5,10,SUB,32,0.29226521533353905
2,0.5,10,SUB,33,0.26878811013929715
2,0.5,10,SUB,34,0.3105662904977308
2,0.5,10,SUB,35,0.23429466796513856
2,0.5,10,SUB,36,0.27100675096622645
2,0.5,10,SUB,37,0.20378817553870812
2,0.5,10,SUB,38,0.29469535177458306
2,0.5,10,SUB,39,0.24283005755262027
2,0.5,10,SUB,40,0.23292662493028812
2,0.5,10,SUB,41,0.23182255202346125
2,0.5,10,SUB,42,0.18625468076784107
2,0.5,10,SUB,43,0.20750655124326509
2,0.5,10,SUB,44,0.20593410510573054
2,0.5,10,SUB,45,0.20829794286153416
2,0.5,10,SUB,46,0.34766408637511764
2,0.5,10,SUB,47,0.23350960855007355
2,0.5,10,SUB,48,0.30517851229798687
2,0.5,10,SUB,49,0.3370334535601856
2,0.5,10,SUB,50,0.21317126402386372
2,0.5,10,SUB,51,0.3139423443027264
2,0.5,10,SUB,52,0.3070865039703076
2,0.5,10,SUB,53,0.2523887807993701
2,0.5,10,SUB,54,0.22359872965979707
2,0.5,10,SUB,55,0.2898015893885007
2,0.5,10,SUB,56,0.326329395507436
2,0.5,10,SUB,57,0.2865813421140663
2,0.5,10,SUB,58,0.33861974619070223
2,0.5,10,SUB,59,0.2548463151017624
2,0.5,10,VI,0,1.9521700235717312
2,0.5,10,VI,1,2.0689405178731253
2,0.5,10,VI,2,2.1727139207281403
2,0.5,10,VI,3,1.6640806928139769
2,0.5,10,VI,4,1.9521646159440693
2,0.5,10,VI,5,1.940947283709778
2,0.5,10,VI,6,1.7678366932017242
2,0.5,10,VI,7,1.8427015081211486
2,0.5,10,VI,8,1.8842773942829956
2,0.5,10,VI,9,1.7789989261954078
2,0.5,10,VI,10,2.045730491061377
2,0.5,10,VI,11,2.0533323092014926
2,0.5,10,VI,12,2.0545198402138802
2,0.5,10,VI,13,2.1562976528223348
2,0.5,10,VI,14,2.201824809175751
2,0.5,10,VI,15,2.345293495921618
2,0.5,10,VI,16,2.2424545744197766
2,0.5,10,VI,17,1.3200075036208445
2,0.5,10,VI,18,2.5627311068676586
2,0.5,10,VI,19,2.271879205828683
2,0.5,10,VI,20,2.102527584469568
2,0.5,10,VI,21,1.705892485434337
2,0.5,10,VI,22,1.8550996636290102
2,0.5,10,VI,23,2.184358749360856
2,0.5,10,VI,24,1.2886718208401082
2,0.5,10,VI,25,1.8938924963310177
2,0.5,10,VI,26,1.803818929956868
2,0.5,10,VI,27,2.112023474649943
2,0.5,10,VI,28,1.730962871362948
2,0.5,10,VI,29,1.7476823979211351
2,0.5,10,VI,30,2.1375652772493563
2,0.5,10,VI,31,1.6489479106785263
2,0.5,10,VI,32,2.2036102307618806
2,0.5,10,VI,33,2.2428456646548813
2,0.5,10,VI,34,1.7604995689752165
2,0.5,10,VI,35,2.118520941254779
2,0.5,10,VI,36,2.5520385480398144
2,0.5,10,VI,37,2.1919630778539845
2,0.5,10,VI,38,1.5625001922859996
2,0.5,10,VI,39,1.6113160031831681
2,0.5,10,VI,40,2.113612652009607
2,0.5,10,VI,41,1.6439507122527544
2,0.5,10,VI,42,2.083941522305853
2,0.5,10,VI,43,2.391754834918795
2,0.5,10,VI,44,1.6917629851421951
2,0.5,10,VI,45,1.473813204486522
2,0.5,10,VI,46,2.2336821319453697
2,0.5,10,VI,47,1.7424023033178946
2,0.5,10,VI,48,2.2436964299448325
2,0.5,10,VI,49,2.3928790401914144
2,0.5,10,VI,50,2.144545037211095
2,0.5,10,VI,51,2.0734236104892094
2,0.5,10,VI,52,1.8882686234773058
2,0.5,10,VI,53,1.9083944132691757
2,0.5,10,VI,54,1.6149812377689965
2,0.5,10,VI,55,2.0257197244637797
2,0.5,10,VI,56,2.097605059278879
2,0.5,10,VI,57,1.998704483005466
2,0.5,10,VI,58,1.9504714427125835
2,0.5,10,VI,59,1.7183196812050707
2,0.5,20,SUB,0,0.15162793418178622
2,0.5,20,SUB,1,0.19895515812565392
2,0.5,20,SUB,2,0.13980987783917487
2,0.5,20,SUB,3,0.1531831917570384
2,0.5,20,SUB,4,0.1335926131748572
2,0.5,20,SUB,5,0.14905343867676624
2,0.5,20,SUB,6,0.15775569429931907
2,0.5,20,SUB,7,0.15989076186674658
2,0.5,20,SUB,8,0.18975796065973818
2,0.5,20,SUB,9,0.186326501444663
2,0.5,20,SUB,10,0.1565255387024136
2,0.5,20,SUB,11,0.15799305638066855
2,0.5,20,SUB,12,0.12366148115169459
2,0.5,20,SUB,13,0.1720409458237672
2,0.5,20,SUB,14,0.17717335770316364
2,0.5,20,SUB,15,0.13678581758700056
2,0.5,20,SUB,16,0.19175806668256873
2,0.5,20,SUB,17,0.15546885307724817
2,0.5,20,SUB,18,0.17557797054029448
2,0.5,20,SUB,19,0.12802531483129034
2,0.5,20,SUB,20,0.16377344997811644
2,0.5,20,SUB,21,0.16763574363109116
2,0.5,20,SUB,22,0.17697810765488284
2,0.5,20,SUB,23,0.13487246113413734
2,0.5,20,SUB,24,0.17538490962433526
2,0.5,20,SUB,25,0.1602857732316486
2,0.5,20,SUB,26,0.13845396837076884
2,0.5,20,SUB,27,0.1950785114049787
2,0.5,20,SUB,28,0.18582279079303896
2,0.5,20,SUB,29,0.18015887978295222
2,0.5,20,SUB,30,0.15745262721447953
2,0.5,20,SUB,31,0.15903456073125163
2,0.5,20,SUB,32,0.1692262076202205
2,0.5,20,SUB,33,0.1759783968125309
2,0.5,20,SUB,34,0.1618934097215794
2,0.5,20,SUB,35,0.17363693031991095
2,0.5,20,SUB,36,0.17334716581408277
2,0.5,20,SUB,37,0.1675035139308433
2,0.5,20,SUB,38,0.1746973996488874
2,0.5,20,SUB,39,0.15106240959039338
2,0.5,20,SUB,40,0.16329084065202443
2,0.5,20,SUB,41,0.15856736854987807
2,0.5,20,SUB,42,0.15082913616512297
2,0.5,20,SUB,43,0.1331523228019438
2,0.5,20,SUB,44,0.1377369236286442
2,0.5,20,SUB,45,0.13590760282711642
2,0.5,20,SUB,46,0.18223451786492476
2,0.5,20,SUB,47,0.12139052603072505
2,0.5,20,SUB,48,0.1383918424035717
2,0.5,20,SUB,49,0.14264371211297516
2,0.5,20,VI,0,1.5217039501784608
2,0.5,20,VI,1,2.1848215541330456
2,0.5,20,VI,2,2.3923629559336788
2,0.5,20,VI,3,2.1567891057081585
2,0.5,20,VI,4,1.811839582061921
2,0.5,20,VI,5,1.9413991494473257
2,0.5,20,VI,6,2.112479136753838
2,0.5,20,VI,7,2.5527080707332432
2,0.5,20,VI,8,1.6644372463697457
2,0.5,20,VI,9,2.242991014420855
2,0.5,20,VI,10,1.999195845211873
2,0.5,20,VI,11,1.8888438174864288
2,0.5,20,VI,12,1.9182178762910902
2,0.5,20,VI,13,2.055055804359109
2,0.5,20,VI,14,1.7794124737332486
2,0.5,20,VI,15,2.563379491070073
2,0.5,20,VI,16,1.7313140579830233
2,0.5,20,VI,17,1.4740685023883988
2,0.5,20,VI,18,1.8846124535182611
2,0.5,20,VI,19,2.2023248418625916
2,0.5,20,VI,20,2.2442213533218913
2,0.5,20,VI,21,2.0461817790461
2,0.5,20,VI,22,1.9526028791971421
2,0.5,20,VI,23,2.345863878176555
2,0.5,20,VI,24,1.6152724032999672
2,0.5,20,VI,25,2.1030408474782605
2,0.5,20,VI,26,2.0845484566975045
2,0.5,20,VI,27,2.0980166534116265
2,0.5,20,VI,28,1.8041418663402746
2,0.5,20,VI,29,1.644371923518955
2,0.5,20,VI,30,2.393426996082392
2,0.5,20,VI,31,1.692030972510448
2,0.5,20,VI,32,2.173252870618386
2,0.5,20,VI,33,2.204130048877052
2,0.5,20,VI,34,1.977595944733169
2,0.5,20,VI,35,2.073916510764197
2,0.5,20,VI,36,1.7480065898782764
2,0.5,20,VI,37,2.1189460977031547
2,0.5,20,VI,38,2.0261263232081097
2,0.5,20,VI,39,2.132443202600409
2,0.5,20,VI,40,2.0693425469320843
2,0.5,20,VI,41,1.6849897633873752
2,0.5,20,VI,42,1.8431766181560487
2,0.5,20,VI,43,1.9192200756695643
2,0.5,20,VI,44,1.6493673374953628
2,0.5,20,VI,45,2.2342111246242378
2,0.5,20,VI,46,1.9087568584455905
2,0.5,20,VI,47,2.2723915215454475
2,0.5,20,VI,48,2.114106565729893
2,0.5,20,VI,49,1.7103945995593446
2,0.5,30,SUB,0,0.15924626727046134
2,0.5,30,SUB,1,0.11649972332899425
2,0.5,30,SUB,2,0.20335416129114434
2,0.5,30,SUB,3,0.1475748187774612
2,0.5,30,SUB,4,0.19180151372477178
2,0.5,30,SUB,5,0.1471899644520417
2,0.5,30,SUB,6,0.16709467424448737
2,0.5,30,SUB,7,0.1612848636541714
2,0.5,30,SUB,8,0.17503422632873716
2,0.5,30,SUB,9,0.26981331839408046
2,0.5,30,SUB,10,0.1769596397875228
2,0.5,30,SUB,11,0.10167690069733834
2,0.5,30,SUB,12,0.1641358018789388
2,0.5,30,SUB,13,0.18351718305374728
2,0.5,30,SUB,14,0.18713350969327694
2,0.5,30,SUB,15,0.17917758520487295
2,0.5,30,SUB,16,0.171605522979679
2,0.5,30,SUB,17,0.1578803876277566
2,0.5,30,SUB,18,0.22665866220147057
2,0.5,30,SUB,19,0.20435937073595747
2,0.5,30,SUB,20,0.20873272710875826
2,0.5,30,SUB,21,0.15027923302071622
2,0.5,30,SUB,22,0.13000624531104657
2,0.5,30,SUB,23,0.18731239747176323
2,0.5,30,SUB,24,0.16718254648184186
2,0.5,30,SUB,25,0.21909387295316715
2,0.5,30,SUB,26,0.19012476403312803
2,0.5,30,SUB,27,0.20428440888992708
2,0.5,30,SUB,28,0.16923847174220077
2,0.5,30,SUB,29,0.1954188983607691
2,0.5,30,SUB,30,0.1523436702810256
2,0.5,30,SUB,31,0.18477072880925965
2,0.5,30,SUB,32,0.14372535159323724
2,0.5,30,SUB,33,0.18052454981300456
2,0.5,30,SUB,34,0.18695027611248308
2,0.5,30,SUB,35,0.16358886328121408
2,0.5,30,SUB,36,0.16521535087756478
2,0.5,30,SUB,37,0.20943492444265602
2,0.5,30,SUB,38,0.1750656740974653
2,0.5,30,SUB,39,0.16959977517894284
2,0.5,30,VI,0,1.9775241301395374
2,0.5,30,VI,1,2.563302736480987
2,0.5,30,VI,2,2.145007042520488
2,0.5,30,VI,3,2.114070471288601
2,0.5,30,VI,4,1.7186918702828635
2,0.5,30,VI,5,1.8117202985289949
2,0.5,30,VI,6,2.1324454657457252
2,0.5,30,VI,7,1.9413088781592878
2,0.5,30,VI,8,2.5526285435207736
2,0.5,30,VI,9,1.7063653381933277
2,0.5,30,VI,10,1.2890040641000893
2,0.5,30,VI,11,2.3457937816171595
2,0.5,30,VI,12,1.8845419347049173
2,0.5,30,VI,13,1.804129452039247
2,0.5,30,VI,14,2.0461519947382016
2,0.5,30,VI,15,1.7312381724634431
2,0.5,30,VI,16,2.2341323372159416
2,0.5,30,VI,17,2.0261139712052674
2,0.5,30,VI,18,1.5217079793827155
2,0.5,30,VI,19,2.0738436996381866
2,0.5,30,VI,20,1.7681640333354562
2,0.5,30,VI,21,2.3933727474957034
2,0.5,30,VI,22,1.9181337710273119
2,0.5,30,VI,23,2.1924579164506417
2,0.5,30,VI,24,1.6493888784182285
2,0.5,30,VI,25,1.6443594126472856
2,0.5,30,VI,26,1.6152274527269717
2,0.5,30,VI,27,2.2041330948973616
2,0.5,30,VI,28,1.6644205866926072
2,0.5,30,VI,29,1.3202956828560926
2,0.5,30,VI,30,2.1030444685003626
2,0.5,30,VI,31,2.1124532240762948
2,0.5,30,VI,32,2.2723089011719653
2,0.5,30,VI,33,1.919217014807988
2,0.5,30,VI,34,2.1732356012382117
2,0.5,30,VI,35,2.118889002879776
2,0.5,30,VI,36,2.0536351492260065
2,0.5,30,VI,37,2.184801371826204
2,0.5,30,VI,38,1.6919394795798735
2,0.5,30,VI,39,2.243302865378347
3,0.0,2,SUB,0,0.07379502104181754
3,0.0,2,SUB,1,0.31858306234110617
3,0.0,2,SUB,2,0.15658747421785943
3,0.0,2,SUB,3,0.17873497553724288
3,0.0,2,SUB,4,0.047513742349872
3,0.0,2,SUB,5,0.0630331396298316
3,0.0,2,SUB,6,0.09895461186546242
3,0.0,2,SUB,7,0.5245398312788601
3,0.0,2,SUB,8,0.3646196008912556
3,0.0,2,SUB,9,0.06408332416682515
3,0.0,2,SUB,10,0.05647283931368763
3,0.0,2,SUB,11,0.1812554890741417
3,0.0,2,SUB,12,0.27808875522092136
3,0.0,2,SUB,13,0.5383114418804807
3,0.0,2,SUB,14,0.05214107891374414
3,0.0,2,SUB,15,0.06382260327016741
3,0.0,2,SUB,16,0.06352618263472894
3,0.0,2,SUB,17,0.19374511550312354
3,0.0,2,SUB,18,0.46155332577053726
3,0.0,2,SUB,19,0.0717852721134427
3,0.0,2,SUB,20,0.18949251284935692
3,0.0,2,SUB,21,0.4452821019217262
3,0.0,2,SUB,22,0.38433653638744425
3,0.0,2,SUB,23,0.23416936214298673
3,0.0,2,SUB,24,0.11578824800570267
3,0.0,2,SUB,25,0.23756836709540463
3,0.0,2,SUB,26,0.38071892835517085
3,0.0,2,SUB,27,0.4112644678005595
3,0.0,2,SUB,28,0.2821787094943848
3,0.0,2,SUB,29,0.4707926034406125
3,0.0,2,SUB,30,0.4789001025490945
3,0.0,2,SUB,31,0.06474776077054019
3,0.0,2,SUB,32,0.10091792763081787
3,0.0,2,SUB,33,0.035392887962661775
3,0.0,2,SUB,34,0.3701227190167662
3,0.0,2,SUB,35,0.05257029690411406
3,0.0,2,SUB,36,0.2511339363192377
3,0.0,2,SUB,37,0.33504663229018905
3,0.0,2,SUB,38,0.4973033126083773
3,0.0,2,SUB,39,0.26143892011261516
3,0.0,2,SUB,40,0.4796529481599479
3,0.0,2,SUB,41,0.41244974742559665
3,0.0,2,SUB,42,0.39669020682382483
3,0.0,2,SUB,43,0.166142589710807
3,0.0,2,SUB,44,0.4452650446079453
3,0.0,2,SUB,45,0.09967045660145155
3,0.0,2,SUB,46,0.38219250874441035
3,0.0,2,SUB,47,0.049651070311751484
3,0.0,2,SUB,48,0.06227724567973949
3,0.0,2,SUB,49,0.5351449715750546
3,0.0,2,SUB,50,0.38245833347213487
3,0.0,2,SUB,51,0.33448079236290923
3,0.0,2,SUB,52,0.34849770009533293
3,0.0,2,SUB,53,0.4202804740713386
3,0.0,2,SUB,54,0.06307238632145729
3,0.0,2,SUB,55,0.08191945651439966
3,0.0,2,SUB,56,0.38674946226284607
3,0.0,2,SUB,57,0.32354416972958444
3,0.0,2,SUB,58,0.2830772809054858
3,0.0,2,SUB,59,0.21827488303654521
3,0.0,2,SUB,60,0.485230053533436
3,0.0,2,SUB,61,0.36708335797669267
3,0.0,2,SUB,62,0.36371124480663597
3,0.0,2,SUB,63,0.10041178168615765
3,0.0,2,SUB,64,0.01510365427054212
3,0.0,2,SUB,65,0.24046044432161529
3,0.0,2,SUB,66,0.2562981799565899
3,0.0,2,SUB,67,0.517933818874706
3,0.0,2,VI,0,0.08077049872019836
3,0.0,2,VI,1,0.32164409023870927
3,0.0,2,VI,2,0.15621284567119345
3,0.0,2,VI,3,0.18051254120581142
3,0.0,2,VI,4,0.058310383359963754
3,0.0,2,VI,5,0.06613701494078617
3,0.0,2,VI,6,0.09977417862930137
3,0.0,2,VI,7,0.5215472220380777
3,0.0,2,VI,8,0.363879074800651
3,0.0,2,VI,9,0.06748878154902689
3,0.0,2,VI,10,0.06627689942076319
3,0.0,2,VI,11,0.18019019415324558
3,0.0,2,VI,12,0.26823212801786145
3,0.0,2,VI,13,0.5519890813487381
3,0.0,2,VI,14,0.06001428841748186
3,0.0,2,VI,15,0.07988701011739255
3,0.0,2,VI,16,0.07152530850449727
3,0.0,2,VI,17,0.1980659685413655
3,0.0,2,VI,18,0.46152363857123924
3,0.0,2,VI,19,0.056965647283821905
3,0.0,2,VI,20,0.19399360158287518
3,0.0,2,VI,21,0.4406021305976704
3,0.0,2,VI,22,0.3809294944345162
3,0.0,2,VI,23,0.2377795851628186
3,0.0,2,VI,24,0.05648640608324308
3,0.0,2,VI,25,0.23380974437121468
3,0.0,2,VI,26,0.38243031748852363
3,0.0,2,VI,27,0.415747247839921
3,0.0,2,VI,28,0.2836880840307692
3,0.0,2,VI,29,0.48348988374242324
3,0.0,2,VI,30,0.4896867261326599
3,0.0,2,VI,31,0.03048671134081097
3,0.0,2,VI,32,0.10653646686669355
3,0.0,2,VI,33,0.018681293462871142
3,0.0,2,VI,34,0.3698975696820164
3,0.0,2,VI,35,0.0597959949850525
3,0.0,2,VI,36,0.2385777256104839
3,0.0,2,VI,37,0.3309308711206464
3,0.0,2,VI,38,0.49503089670172085
3,0.0,2,VI,39,0.26051540381357136
3,0.0,2,VI,40,0.4833364600626684
3,0.0,2,VI,41,0.4131120828930267
3,0.0,2,VI,42,0.395846778738165
3,0.0,2,VI,43,0.1663923508733614
3,0.0,2,VI,44,0.44753074417494365
3,0.0,2,VI,45,0.07897526889482379
3,0.0,2,VI,46,0.38806915439727147
3,0.0,2,VI,47,0.04769017413932948
3,0.0,2,VI,48,0.04021535921300182
3,0.0,2,VI,49,0.5291569306941681
3,0.0,2,VI,50,0.37249139923188673
3,0.0,2,VI,51,0.34491519083391814
3,0.0,2,VI,52,0.34204193503020175
3,0.0,2,VI,53,0.42018064164196306
3,0.0,2,VI,54,0.027494487467296488
3,0.0,2,VI,55,0.0948458850527566
3,0.0,2,VI,56,0.39212007790228737
3,0.0,2,VI,57,0.32791622750272204
3,0.0,2,VI,58,0.2847010546181545
3,0.0,2,VI,59,0.21678746510151004
3,0.0,2,VI,60,0.48122170224424676
3,0.0,2,VI,61,0.37762283750352066
3,0.0,2,VI,62,0.35819292401249847
3,0.0,2,VI,63,0.04925029455658827
3,0.0,2,VI,64,0.01763280626930227
3,0.0,2,VI,65,0.24439377830600476
3,0.0,2,VI,66,0.24407517552214483
3,0.0,2,VI,67,0.5191607613354775
3,0.0,5,SUB,0,0.008882281671914159
3,0.0,5,SUB,1,0.0204691327673037
3,0.0,5,SUB,2,0.02160304046484431
3,0.0,5,SUB,3,0.046125421163803165
3,0.0,5,SUB,4,0.04457807218767215
3,0.0,5,SUB,5,0.03352225981985391
3,0.0,5,SUB,6,0.01953990400335701
3,0.0,5,SUB,7,0.03101985330415055
3,0.0,5,SUB,8,0.02851487695245918
3,0.0,5,SUB,9,0.027240133866605856
3,0.0,5,SUB,10,0.01442421936216736
3,0.0,5,SUB,11,0.04901312434643258
3,0.0,5,SUB,12,0.04222116677077861
3,0.0,5,SUB,13,0.022879736051661905
3,0.0,5,SUB,14,0.03306892352577995
3,0.0,5,SUB,15,0.0456929900613863
3,0.0,5,SUB,16,0.017710934704472207
3,0.0,5,SUB,17,0.03464607729855133
3,0.0,5,SUB,18,0.031240142981168055
3,0.0,5,SUB,19,0.028375720077312223
3,0.0,5,SUB,20,0.04137256111219845
3,0.0,5,SUB,21,0.01759630590758538
3,0.0,5,SUB,22,0.04068723930884492
3,0.0,5,SUB,23,0.06017663290733482
3,0.0,5,SUB,24,0.025802347350413854
3,0.0,5,SUB,25,0.03568306757856197
3,0.0,5,SUB,26,0.03046421696672957
3,0.0,5,SUB,27,0.047672757285083765
3,0.0,5,SUB,28,0.030887162124197492
3,0.0,5,SUB,29,0.05816672602866668
3,0.0,5,SUB,30,0.025954038327846925
3,0.0,5,SUB,31,0.015589643920549802
3,0.0,5,SUB,32,0.028111220124123
3,0.0,5,SUB,33,0.07049245508163748
3,0.0,5,SUB,34,0.036641861251607455
3,0.0,5,SUB,35,0.019792963693485502
3,0.0,5,SUB,36,0.05046767539994507
3,0.0,5,SUB,37,0.012523592640632119
3,0.0,5,SUB,38,0.010554815893514731
3,0.0,5,SUB,39,0.016384819181493603
3,0.0,5,SUB,40,0.03312187836711795
3,0.0,5,SUB,41,0.029882708557574595
3,0.0,5,SUB,42,0.040865491137502236
3,0.0,5,SUB,43,0.058907479693389046
3,0.0,5,SUB,44,0.058752905931902404
3,0.0,5,SUB,45,0.04518997282505792
3,0.0,5,SUB,46,0.048361364567113825
3,0.0,5,SUB,47,0.012863852915001674
3,0.0,5,SUB,48,0.02449436342232794
3,0.0,5,SUB,49,0.06103559306182776
3,0.0,5,SUB,50,0.04425461365075009
3,0.0,5,SUB,51,0.04415159389593038
3,0.0,5,SUB,52,0.009703243930659513
3,0.0,5,SUB,53,0.014704365231856658
3,0.0,5,SUB,54,0.02516862083185562
3,0.0,5,SUB,55,0.0406038088060733
3,0.0,5,SUB,56,0.018385550553626243
3,0.0,5,SUB,57,0.03235123034223789
3,0.0,5,SUB,58,0.036560140552256225
3,0.0,5,SUB,59,0.07383944537866734
3,0.0,5,SUB,60,0.03475737193895455
3,0.0,5,SUB,61,0.023762684339473296
3,0.0,5,SUB,62,0.03425923364174941
3,0.0,5,SUB,63,0.0323678693668735
3,0.0,5,SUB,64,0.04376459055157613
3,0.0,5,VI,0,0.0033073566667733345
3,0.0,5,VI,1,0.011612432342895546
3,0.0,5,VI,2,0.01667872144822899
3,0.0,5,VI,3,0.008634453131266822
3,0.0,5,VI,4,0.016143818639351486
3,0.0,5,VI,5,0.013089055402084555
3,0.0,5,VI,6,0.008196778914282919
3,0.0,5,VI,7,0.013747134638009396
3,0.0,5,VI,8,0.008452064094401164
3,0.0,5,VI,9,0.017132313920785312
3,0.0,5,VI,10,0.005081043181585208
3,0.0,5,VI,11,0.04776469405149353
3,0.0,5,VI,12,0.01050157827424449
3,0.0,5,VI,13,0.018276310178161795
3,0.0,5,VI,14,0.02223757348802179
3,0.0,5,VI,15,0.015172975657051802
3,0.0,5,VI,16,0.006776402561273846
3,0.0,5,VI,17,0.022429924721057145
3,0.0,5,VI,18,0.013117163346794452
3,0.0,5,VI,19,0.010435146090282576
3,0.0,5,VI,20,0.021641806430271124
3,0.0,5,VI,21,0.01432511847749572
3,0.0,5,VI,22,0.04023897508143356
3,0.0,5,VI,23,0.017559834015185544
3,0.0,5,VI,24,0.02351886102097404
3,0.0,5,VI,25,0.012049826601005962
3,0.0,5,VI,26,0.03528640290767828
3,0.0,5,VI,27,0.009736395221267605
3,0.0,5,VI,28,0.013830821121322058
3,0.0,5,VI,29,0.04217385353064698
3,0.0,5,VI,30,0.022688726358353548
3,0.0,5,VI,31,0.004357650022731207
3,0.0,5,VI,32,0.015978770017011604
3,0.0,5,VI,33,0.0335101212641391
3,0.0,5,VI,34,0.03750860499751047
3,0.0,5,VI,35,0.013450306643113688
3,0.0,5,VI,36,0.014109547835731956
3,0.0,5,VI,37,0.0017635080268766734
3,0.0,5,VI,38,1.9760761714399703e-05
3,0.0,5,VI,39,0.007686683713752977
3,0.0,5,VI,40,0.02211064211209803
3,0.0,5,VI,41,0.026655085553383816
3,0.0,5,VI,42,0.010262049536075856
3,0.0,5,VI,43,0.006313600544414979
3,0.0,5,VI,44,0.03654474811008114
3,0.0,5,VI,45,0.011412745600850888
3,0.0,5,VI,46,0.020454719247372105
3,0.0,5,VI,47,0.00026182314119575225
3,0.0,5,VI,48,0.01513645373737612
3,0.0,5,VI,49,0.006050322839929918
3,0.0,5,VI,50,0.010051960151106543
3,0.0,5,VI,51,0.03212323110193171
3,0.0,5,VI,52,0.005750421566412286
3,0.0,5,VI,53,0.0031615883188131104
3,0.0,5,VI,54,0.025308967829471157
3,0.0,5,VI,55,0.04198065833027357
3,0.0,5,VI,56,0.0010696790615526723
3,0.0,5,VI,57,0.016061202854337302
3,0.0,5,VI,58,0.018973508129067354
3,0.0,5,VI,59,0.045397704953751276
3,0.0,5,VI,60,0.014186408067902652
3,0.0,5,VI,61,0.016577981956129004
3,0.0,5,VI,62,0.02810329237862666
3,0.0,5,VI,63,0.02803197206426728
3,0.0,5,VI,64,0.01239128782953723
3,0.0,10,SUB,0,0.02076103693375111
3,0.0,10,SUB,1,0.016960013710689358
3,0.0,10,SUB,2,0.012951291445919689
3,0.0,10,SUB,3,0.015671096924740797
3,0.0,10,SUB,4,0.025016243443972186
3,0.0,10,SUB,5,0.02635942953269216
3,0.0,10,SUB,6,0.012351507792848574
3,0.0,10,SUB,7,0.029382551823430466
3,0.0,10,SUB,8,0.014991108558032528
3,0.0,10,SUB,9,0.03760435862721477
3,0.0,10,SUB,10,0.023626708116610155
3,0.0,10,SUB,11,0.019789812646331822
3,0.0,10,SUB,12,0.013081846485051176
3,0.0,10,SUB,13,0.008911723693766208
3,0.0,10,SUB,14,0.035582435818877906
3,0.0,10,SUB,15,0.0245858941686302
3,0.0,10,SUB,16,0.01654112685577977
3,0.0,10,SUB,17,0.024318047109084515
3,0.0,10,SUB,18,0.033358399093834694
3,0.0,10,SUB,19,0.025095070949601686
3,0.0,10,SUB,20,0.02364006207064483
3,0.0,10,SUB,21,0.04715728342145968
3,0.0,10,SUB,22,0.02100712527960343
3,0.0,10,SUB,23,0.023466501119201746
3,0.0,10,SUB,24,0.017826551007174337
3,0.0,10,SUB,25,0.012450123638998192
3,0.0,10,SUB,26,0.015098090486609612
3,0.0,10,SUB,27,0.018022856944827022
3,0.0,10,SUB,28,0.018286214938725488
3,0.0,10,SUB,29,0.015353326438877069
3,0.0,10,SUB,30,0.01539661817839112
3,0.0,10,SUB,31,0.02588970973190569
3,0.0,10,SUB,32,0.029855323220867758
3,0.0,10,SUB,33,0.03486564436049747
3,0.0,10,SUB,34,0.03457232982210675
3,0.0,10,SUB,35,0.026019366868200874
3,0.0,10,SUB,36,0.033970148650944845
3,0.0,10,SUB,37,0.03133734631981759
3,0.0,10,SUB,38,0.0219860462292638
3,0.0,10,SUB,39,0.025779534948362597
3,0.0,10,SUB,40,0.025227218379090605
3,0.0,10,SUB,41,0.018068306308640102
3,0.0,10,SUB,42,0.016282087546122263
3,0.0,10,SUB,43,0.04317723941961615
3,0.0,10,SUB,44,0.023096635227109353
3,0.0,10,SUB,45,0.013941064426699163
3,0.0,10,SUB,46,0.03827344819895464
3,0.0,10,SUB,47,0.027222012757506624
3,0.0,10,SUB,48,0.026758680476962508
3,0.0,10,SUB,49,0.019251227942553427
3,0.0,10,SUB,50,0.013315061496899764
3,0.0,10,SUB,51,0.020320020779310513
3,0.0,10,SUB,52,0.016132794310233792
3,0.0,10,SUB,53,0.018508812532648924
3,0.0,10,SUB,54,0.017832831721172417
3,0.0,10,SUB,55,0.017111013231276933
3,0.0,10,SUB,56,0.021109152870999105
3,0.0,10,SUB,57,0.01637422806368782
3,0.0,10,SUB,58,0.03624499296124697
3,0.0,10,SUB,59,0.02952595766581011
3,0.0,10,VI,0,0.0007867948026726393
3,0.0,10,VI,1,0.002535643891132259
3,0.0,10,VI,2,6.129618499251081e-07
3,0.0,10,VI,3,6.662314880245118e-05
3,0.0,10,VI,4,0.017181479362199485
3,0.0,10,VI,5,0.0021250097208952586
3,0.0,10,VI,6,0.005900341431806591
3,0.0,10,VI,7,0.010678572201581011
3,0.0,10,VI,8,6.965063282876656e-07
3,0.0,10,VI,9,0.028324178825055422
3,0.0,10,VI,10,0.0035644567371353442
3,0.0,10,VI,11,0.0014030616076888022
3,0.0,10,VI,12,0.003190300903619906
3,0.0,10,VI,13,0.0016675015827198293
3,0.0,10,VI,14,0.032626996101194086
3,0.0,10,VI,15,0.019079874446180513
3,0.0,10,VI,16,0.0010015785482381202
3,0.0,10,VI,17,0.0050181077631649374
3,0.0,10,VI,18,0.030281743023613045
3,0.0,10,VI,19,0.0114381371687398
3,0.0,10,VI,20,0.003512516880913907
3,0.0,10,VI,21,0.041583011039376824
3,0.0,10,VI,22,6.603090713130021e-07
3,0.0,10,VI,23,0.023676938813131567
3,0.0,10,VI,24,0.0021962328199181167
3,0.0,10,VI,25,0.0038624439080475557
3,0.0,10,VI,26,0.003912560006056868
3,0.0,10,VI,27,0.00862896362609969
3,0.0,10,VI,28,0.009512707544508362
3,0.0,10,VI,29,0.00014178904160276205
3,0.0,10,VI,30,0.001500963057867853
3,0.0,10,VI,31,0.0017114559407940464
3,0.0,10,VI,32,0.0022904886240032655
3,0.0,10,VI,33,0.023532165504088525
3,0.0,10,VI,34,0.02814193969398125
3,0.0,10,VI,35,0.022196174317956365
3,0.0,10,VI,36,0.02484498779881521
3,0.0,10,VI,37,0.00842613305611487
3,0.0,10,VI,38,0.0014004077896885266
3,0.0,10,VI,39,0.009832126463062448
3,0.0,10,VI,40,0.0017438497825284292
3,0.0,10,VI,41,0.005069274955515604
3,0.0,10,VI,42,5.731338201309982e-07
3,0.0,10,VI,43,0.03843927367906688
3,0.0,10,VI,44,0.0033144661094226618
3,0.0,10,VI,45,1.358066471672843e-05
3,0.0,10,VI,46,0.034683102969678345
3,0.0,10,VI,47,0.014708102162613043
3,0.0,10,VI,48,0.004502002081167895
3,0.0,10,VI,49,0.0020487318368790845
3,0.0,10,VI,50,0.014637292928754658
3,0.0,10,VI,51,0.0028256480509012277
3,0.0,10,VI,52,0.0057461612621627625
3,0.0,10,VI,53,9.039380460009232e-05
3,0.0,10,VI,54,0.0004798512046786144
3,0.0,10,VI,55,7.107983921294399e-07
3,0.0,10,VI,56,0.0077764607871363646
3,0.0,10,VI,57,1.4990399398578238e-05
3,0.0,10,VI,58,0.03495222940168555
3,0.0,10,VI,59,0.024677018023841195
3,0.0,20,SUB,0,0.012488448515039587
3,0.0,20,SUB,1,0.03139160031007164
3,0.0,20,SUB,2,0.012971529932759717
3,0.0,20,SUB,3,0.011592310734174823
3,0.0,20,SUB,4,0.03559981874333843
3,0.0,20,SUB,5,0.028225575942104553
3,0.0,20,SUB,6,0.010005043755396488
3,0.0,20,SUB,7,0.0157954919473317
3,0.0,20,SUB,8,0.018498011945756503
3,0.0,20,SUB,9,0.014119112545260444
3,0.0,20,SUB,10,0.011123573882493982
3,0.0,20,SUB,11,0.021208173037695146
3,0.0,20,SUB,12,0.01983119233680615
3,0.0,20,SUB,13,0.03572197462081977
3,0.0,20,SUB,14,0.017916035224599516
3,0.0,20,SUB,15,0.017982185680090752
3,0.0,20,SUB,16,0.013022895500209169
3,0.0,20,SUB,17,0.017835919334842142
3,0.0,20,SUB,18,0.025623671227973738
3,0.0,20,SUB,19,0.01614943836304063
3,0.0,20,SUB,20,0.011618475954659247
3,0.0,20,SUB,21,0.01306337156693624
3,0.0,20,SUB,22,0.02858119135242073
3,0.0,20,SUB,23,0.017646175746932353
3,0.0,20,SUB,24,0.029449223587850692
3,0.0,20,SUB,25,0.019232151383131862
3,0.0,20,SUB,26,0.0125869272934049
3,0.0,20,SUB,27,0.026278902742836265
3,0.0,20,SUB,28,0.011568231243525417
3,0.0,20,SUB,29,0.023659977264093378
3,0.0,20,SUB,30,0.011432461824669459
3,0.0,20,SUB,31,0.026357404637711645
3,0.0,20,SUB,32,0.0193032706754722
3,0.0,20,SUB,33,0.019224197255837936
3,0.0,20,SUB,34,0.013400826435999982
3,0.0,20,SUB,35,0.016705704381476085
3,0.0,20,SUB,36,0.012747420261839929
3,0.0,20,SUB,37,0.027821313978180807
3,0.0,20,SUB,38,0.029205706642402768
3,0.0,20,SUB,39,0.009426424111421253
3,0.0,20,SUB,40,0.014004187618336748
3,0.0,20,SUB,41,0.024082113844692762
3,0.0,20,SUB,42,0.01835555527672172
3,0.0,20,SUB,43,0.013898621374892919
3,0.0,20,SUB,44,0.026318327323833265
3,0.0,20,SUB,45,0.010880096624194022
3,0.0,20,SUB,46,0.02542809614559163
3,0.0,20,SUB,47,0.01502252948526306
3,0.0,20,SUB,48,0.013459294730191768
3,0.0,20,SUB,49,0.013082050471353251
3,0.0,20,VI,0,0.0004215727104163869
3,0.0,20,VI,1,0.0002553938595091975
3,0.0,20,VI,2,2.753662846665141e-07
3,0.0,20,VI,3,0.0010224971931557098
3,0.0,20,VI,4,5.194964834332269e-06
3,0.0,20,VI,5,0.0006072999104708047
3,0.0,20,VI,6,0.0007745293268961963
3,0.0,20,VI,7,0.0019885449681717776
3,0.0,20,VI,8,3.187908080306892e-07
3,0.0,20,VI,9,5.687010267924931e-07
3,0.0,20,VI,10,5.096377676263015e-07
3,0.0,20,VI,11,0.000227552470935954
3,0.0,20,VI,12,4.105814183165519e-06
3,0.0,20,VI,13,0.0009169994177594498
3,0.0,20,VI,14,1.9393583645721443e-05
3,0.0,20,VI,15,5.273390713492919e-06
3,0.0,20,VI,16,4.984070079384779e-07
3,0.0,20,VI,17,4.288527560879891e-06
3,0.0,20,VI,18,4.3447642290786463e-07
3,0.0,20,VI,19,1.7708750273198278e-06
3,0.0,20,VI,20,4.944957576071573e-07
3,0.0,20,VI,21,3.206173128624138e-07
3,0.0,20,VI,22,5.639547584731352e-07
3,0.0,20,VI,23,5.068151230449217e-07
3,0.0,20,VI,24,1.7218277708241926e-06
3,0.0,20,VI,25,3.9532356923758496e-07
3,0.0,20,VI,26,0.0011319063230984438
3,0.0,20,VI,27,5.087456859009453e-07
3,0.0,20,VI,28,4.691628294651874e-05
3,0.0,20,VI,29,0.0007094006466838546
3,0.0,20,VI,30,4.754202093909474e-06
3,0.0,20,VI,31,0.001079532618289988
3,0.0,20,VI,32,1.6333791316134555e-06
3,0.0,20,VI,33,0.0004964834174598642
3,0.0,20,VI,34,0.0029750611241727842
3,0.0,20,VI,35,0.0008341558154111654
3,0.0,20,VI,36,4.963647403002175e-07
3,0.0,20,VI,37,0.00024569699388205635
3,0.0,20,VI,38,6.289071569800868e-06
3,0.0,20,VI,39,4.6897569952756846e-07
3,0.0,20,VI,40,2.5992455626381574e-07
3,0.0,20,VI,41,0.00031304046530580956
3,0.0,20,VI,42,4.821717675157952e-06
3,0.0,20,VI,43,0.00035162377018424767
3,0.0,20,VI,44,2.1827416555473396e-05
3,0.0,20,VI,45,1.005361206017598e-06
3,0.0,20,VI,46,3.078271216353352e-07
3,0.0,20,VI,47,0.0006726020105170694
3,0.0,20,VI,48,5.207831724403302e-07
3,0.0,20,VI,49,9.277572331343125e-07
3,0.0,30,SUB,0,0.0137838675945552
3,0.0,30,SUB,1,0.016169738257225754
3,0.0,30,SUB,2,0.0237932416832062
3,0.0,30,SUB,3,0.016918053140333716
3,0.0,30,SUB,4,0.017257993774106223
3,0.0,30,SUB,5,0.023540186085273775
3,0.0,30,SUB,6,0.011528982843889842
3,0.0,30,SUB,7,0.022654119984826433
3,0.0,30,SUB,8,0.018504392420180364
3,0.0,30,SUB,9,0.026112403604447998
3,0.0,30,SUB,10,0.021219800689354584
3,0.0,30,SUB,11,0.018313061755614545
3,0.0,30,SUB,12,0.012932362587204097
3,0.0,30,SUB,13,0.009094359247131544
3,0.0,30,SUB,14,0.013755025703544713
3,0.0,30,SUB,15,0.017863673476768708
3,0.0,30,SUB,16,0.020506920545444774
3,0.0,30,SUB,17,0.012050289074371385
3,0.0,30,SUB,18,0.017292012048029905
3,0.0,30,SUB,19,0.022072040261444104
3,0.0,30,SUB,20,0.0131689171230635
3,0.0,30,SUB,21,0.015693756155595186
3,0.0,30,SUB,22,0.013007061045859816
3,0.0,30,SUB,23,0.023300020286909626
3,0.0,30,SUB,24,0.01955522265514572
3,0.0,30,SUB,25,0.011344680380941346
3,0.0,30,SUB,26,0.010267304527504911
3,0.0,30,SUB,27,0.018031372739979068
3,0.0,30,SUB,28,0.012538082937632913
3,0.0,30,SUB,29,0.012207382741027527
3,0.0,30,SUB,30,0.012172616002116417
3,0.0,30,SUB,31,0.013791121196174266
3,0.0,30,SUB,32,0.012259250852282771
3,0.0,30,SUB,33,0.020970802567755013
3,0.0,30,SUB,34,0.017375412041785134
3,0.0,30,SUB,35,0.013608898167087729
3,0.0,30,SUB,36,0.020813168685861062
3,0.0,30,SUB,37,0.016236941562077934
3,0.0,30,SUB,38,0.019634805786040814
3,0.0,30,SUB,39,0.01502429655503598
3,0.0,30,VI,0,1.4272270926873748e-07
3,0.0,30,VI,1,0.0008300296629444971
3,0.0,30,VI,2,0.0012508081829998544
3,0.0,30,VI,3,7.178652422989442e-05
3,0.0,30,VI,4,0.0006543448129903619
3,0.0,30,VI,5,0.0007245133379479716
3,0.0,30,VI,6,8.171695574235177e-05
3,0.0,30,VI,7,0.00015094909697766946
3,0.0,30,VI,8,0.00013554983635263564
3,0.0,30,VI,9,7.15143107620233e-05
3,0.0,30,VI,10,0.00015232704845913805
3,0.0,30,VI,11,0.0034781611805052475
3,0.0,30,VI,12,9.24787671712023e-05
3,0.0,30,VI,13,0.0013847763431167964
3,0.0,30,VI,14,0.0006884165079729643
3,0.0,30,VI,15,0.0002538934591089801
3,0.0,30,VI,16,0.00031708947548721096
3,0.0,30,VI,17,1.4183860360123434e-05
3,0.0,30,VI,18,0.00012570606565474952
3,0.0,30,VI,19,0.003429209718326104
3,0.0,30,VI,20,4.877814305399482e-05
3,0.0,30,VI,21,0.0003775916874551149
3,0.0,30,VI,22,3.736477290516863e-05
3,0.0,30,VI,23,8.171443939513563e-05
3,0.0,30,VI,24,0.001386400079676792
3,0.0,30,VI,25,4.3765244473359686e-05
3,0.0,30,VI,26,1.7136450673541414e-05
3,0.0,30,VI,27,0.0004613094626763095
3,0.0,30,VI,28,7.37393721453858e-05
3,0.0,30,VI,29,1.4400533263792564e-07
3,0.0,30,VI,30,0.00011162797378377362
3,0.0,30,VI,31,0.0006479944414992262
3,0.0,30,VI,32,0.0020566519272651944
3,0.0,30,VI,33,3.198273855034612e-07
3,0.0,30,VI,34,0.0005755400296492259
3,0.0,30,VI,35,0.0008705880629408189
3,0.0,30,VI,36,0.001307897711476728
3,0.0,30,VI,37,1.7923999380098467e-07
3,0.0,30,VI,38,2.618922478137864e-05
3,0.0,30,VI,39,0.0013657237183683489
3,0.5,2,SUB,0,0.6450690641171908
3,0.5,2,SUB,1,0.7558663221414773
3,0.5,2,SUB,2,0.6948250391044051
3,0.5,2,SUB,3,0.40407703003510653
3,0.5,2,SUB,4,0.48801621384893085
3,0.5,2,SUB,5,0.4918182259805964
3,0.5,2,SUB,6,0.5546211311369295
3,0.5,2,SUB,7,0.875693154136081
3,0.5,2,SUB,8,0.5596776811791933
3,0.5,2,SUB,9,0.5327013432857298
3,0.5,2,SUB,10,0.4220799649697871
3,0.5,2,SUB,11,0.7437286529928936
3,0.5,2,SUB,12,0.3382490454505973
3,0.5,2,SUB,13,0.44675481896452474
3,0.5,2,SUB,14,0.7155079684491491
3,0.5,2,SUB,15,0.7548818023240125
3,0.5,2,SUB,16,0.5161524893788407
3,0.5,2,SUB,17,0.4765257292940628
3,0.5,2,SUB,18,0.7246544648616206
3,0.5,2,SUB,19,0.5930231220492491
3,0.5,2,SUB,20,0.529788011718337
3,0.5,2,SUB,21,0.5370504799553371
3,0.5,2,SUB,22,0.5200295314368374
3,0.5,2,SUB,23,0.6293547551235287
3,0.5,2,SUB,24,0.5837148423071117
3,0.5,2,SUB,25,0.6283353987305337
3,0.5,2,SUB,26,0.7692809730886807
3,0.5,2,SUB,27,0.4391560604191161
3,0.5,2,SUB,28,0.8463861201963406
3,0.5,2,SUB,29,0.6652909529459242
3,0.5,2,SUB,30,0.5774784384665907
3,0.5,2,SUB,31,0.4742065811731779
3,0.5,2,SUB,32,0.4777912894698383
3,0.5,2,SUB,33,0.8394196625225175
3,0.5,2,SUB,34,0.48468945928909446
3,0.5,2,SUB,35,0.5808512860025044
3,0.5,2,SUB,36,0.7103242735038947
3,0.5,2,SUB,37,0.5978605253535758
3,0.5,2,SUB,38,0.7095880326727413
3,0.5,2,SUB,39,0.49320108162124615
3,0.5,2,SUB,40,0.5011078559282214
3,0.5,2,SUB,41,0.5459701578682836
3,0.5,2,SUB,42,0.5557995213039387
3,0.5,2,SUB,43,0.8497289428759283
3,0.5,2,SUB,44,0.4710314983268546
3,0.5,2,SUB,45,0.48321430724676573
3,0.5,2,SUB,46,0.7377572800639638
3,0.5,2,SUB,47,0.6582733969934409
3,0.5,2,SUB,48,0.6125974635096517
3,0.5,2,SUB,49,0.7584126828059977
3,0.5,2,SUB,50,0.6905562689528426
3,0.5,2,SUB,51,0.47010882306817825
3,0.5,2,SUB,52,0.7399204551690886
3,0.5,2,SUB,53,0.6793327356660378
3,0.5,2,SUB,54,0.7475552196073244
3,0.5,2,SUB,55,0.6304638356847114
3,0.5,2,SUB,56,0.5178166451630134
3,0.5,2,SUB,57,0.6369590866922166
3,0.5,2,SUB,58,0.7540944995020133
3,0.5,2,SUB,59,0.5798384647000163
3,0.5,2,SUB,60,0.3086984161158748
3,0.5,2,SUB,61,0.7575284500847689
3,0.5,2,SUB,62,0.6277649502398301
3,0.5,2,SUB,63,0.5981574553913914
3,0.5,2,SUB,64,0.45091965339634343
3,0.5,2,SUB,65,0.7371376545650886
3,0.5,2,SUB,66,0.46458149297693574
3,0.5,2,SUB,67,0.7175361178138737
3,0.5,2,VI,0,0.6714782770932742
3,0.5,2,VI,1,0.9826278007768819
3,0.5,2,VI,2,0.7639311426095292
3,0.5,2,VI,3,0.5014054618572578
3,0.5,2,VI,4,0.6346678353209314
3,0.5,2,VI,5,0.6634649782808386
3,0.5,2,VI,6,0.7533707213308188
3,0.5,2,VI,7,1.0110272103790017
3,0.5,2,VI,8,0.7631914633392899
3,0.5,2,VI,9,0.7392837538111113
3,0.5,2,VI,10,0.5898980408386251
3,0.5,2,VI,11,0.9563379687775847
3,0.5,2,VI,12,0.5333782066570729
3,0.5,2,VI,13,0.5403254092205179
3,0.5,2,VI,14,0.8237351420701993
3,0.5,2,VI,15,0.9135717009862346
3,0.5,2,VI,16,0.6997207880676403
3,0.5,2,VI,17,0.702408481343461
3,0.5,2,VI,18,0.9353980032711136
3,0.5,2,VI,19,0.8120078613085073
3,0.5,2,VI,20,0.6905120549524599
3,0.5,2,VI,21,0.8437286306219257
3,0.5,2,VI,22,0.6923901327386995
3,0.5,2,VI,23,0.7310361958162142
3,0.5,2,VI,24,0.7710781278162285
3,0.5,2,VI,25,0.7028980598879345
3,0.5,2,VI,26,0.8644120756747659
3,0.5,2,VI,27,0.622066200259858
3,0.5,2,VI,28,1.0078480469781133
3,0.5,2,VI,29,0.8434388581702079
3,0.5,2,VI,30,0.6385749087753636
3,0.5,2,VI,31,0.5146393991243033
3,0.5,2,VI,32,0.6552734271689251
3,0.5,2,VI,33,0.9700918345830521
3,0.5,2,VI,34,0.5663307500416593
3,0.5,2,VI,35,0.813191395911107
3,0.5,2,VI,36,0.7747828502960711
3,0.5,2,VI,37,0.6384996573516738
3,0.5,2,VI,38,0.8351710757405973
3,0.5,2,VI,39,0.718436614113481
3,0.5,2,VI,40,0.5175350299676832
3,0.5,2,VI,41,0.7306655402496938
3,0.5,2,VI,42,0.6026208955592046
3,0.5,2,VI,43,1.0502054622794026
3,0.5,2,VI,44,0.5306065585415685
3,0.5,2,VI,45,0.726346062552028
3,0.5,2,VI,46,0.9460110965402866
3,0.5,2,VI,47,0.76052873609032
3,0.5,2,VI,48,0.6815110214907203
3,0.5,2,VI,49,0.9545871248495164
3,0.5,2,VI,50,0.8885634413991251
3,0.5,2,VI,51,0.5579889798989641
3,0.5,2,VI,52,0.8947735512242027
3,0.5,2,VI,53,0.888095829883407
3,0.5,2,VI,54,0.9197641483881671
3,0.5,2,VI,55,0.874283364182384
3,0.5,2,VI,56,0.5847138840460997
3,0.5,2,VI,57,0.7872722389767842
3,0.5,2,VI,58,0.7922444654867496
3,0.5,2,VI,59,0.7822554246345234
3,0.5,2,VI,60,0.4588453110855629
3,0.5,2,VI,61,0.8407452407676413
3,0.5,2,VI,62,0.7564267290783911
3,0.5,2,VI,63,0.7161881651802664
3,0.5,2,VI,64,0.5940058308731989
3,0.5,2,VI,65,0.9050010050963239
3,0.5,2,VI,66,0.5333851754892508
3,0.5,2,VI,67,0.8324048421706028
3,0.5,5,SUB,0,0.3674225647829151
3,0.5,5,SUB,1,0.4983904017051204
3,0.5,5,SUB,2,0.2455932564738773
3,0.5,5,SUB,3,0.356494959094931
3,0.5,5,SUB,4,0.28333858754967217
3,0.5,5,SUB,5,0.4036441828745549
3,0.5,5,SUB,6,0.4107477985366143
3,0.5,5,SUB,7,0.3819646540944348
3,0.5,5,SUB,8,0.25019797109600844
3,0.5,5,SUB,9,0.44109667214421105
3,0.5,5,SUB,10,0.290471189345788
3,0.5,5,SUB,11,0.36133179625938067
3,0.5,5,SUB,12,0.3832829778544713
3,0.5,5,SUB,13,0.4162702164540424
3,0.5,5,SUB,14,0.29693933797549377
3,0.5,5,SUB,15,0.3081659475390232
3,0.5,5,SUB,16,0.28699931984018145
3,0.5,5,SUB,17,0.36802614896434915
3,0.5,5,SUB,18,0.4259092566849549
3,0.5,5,SUB,19,0.35110682910684254
3,0.5,5,SUB,20,0.48328347133193067
3,0.5,5,SUB,21,0.3931200276443692
3,0.5,5,SUB,22,0.3580178140502464
3,0.5,5,SUB,23,0.3799999586637049
3,0.5,5,SUB,24,0.21743369534949322
3,0.5,5,SUB,25,0.2665656151067504
3,0.5,5,SUB,26,0.23632313640884273
3,0.5,5,SUB,27,0.369950524167792
3,0.5,5,SUB,28,0.2561591521833124
3,0.5,5,SUB,29,0.3282010311343605
3,0.5,5,SUB,30,0.241882072123754
3,0.5,5,SUB,31,0.2892995838479658
3,0.5,5,SUB,32,0.36559110611996204
3,0.5,5,SUB,33,0.4730649402919047
3,0.5,5,SUB,34,0.39787337413583546
3,0.5,5,SUB,35,0.28973209201324635
3,0.5,5,SUB,36,0.2394946461018368
3,0.5,5,SUB,37,0.5053980972190065
3,0.5,5,SUB,38,0.2545662066790274
3,0.5,5,SUB,39,0.2514332987250588
3,0.5,5,SUB,40,0.37692832427473116
3,0.5,5,SUB,41,0.32297863972590374
3,0.5,5,SUB,42,0.4126298563435253
3,0.5,5,SUB,43,0.34533384075402707
3,0.5,5,SUB,44,0.23843273103687881
3,0.5,5,SUB,45,0.44033732201902637
3,0.5,5,SUB,46,0.32164959647457425
3,0.5,5,SUB,47,0.34604068697547874
3,0.5,5,SUB,48,0.16804594066804437
3,0.5,5,SUB,49,0.369837218084994
3,0.5,5,SUB,50,0.3741254161227312
3,0.5,5,SUB,51,0.2258543032867301
3,0.5,5,SUB,52,0.29045804642962814
3,0.5,5,SUB,53,0.43602203582413646
3,0.5,5,SUB,54,0.3864404367363334
3,0.5,5,SUB,55,0.3715240542491554
3,0.5,5,SUB,56,0.3032326259260526
3,0.5,5,SUB,57,0.2794349251051155
3,0.5,5,SUB,58,0.22925487183070944
3,0.5,5,SUB,59,0.2822936138990473
3,0.5,5,SUB,60,0.30172032951740296
3,0.5,5,SUB,61,0.28335203869256304
3,0.5,5,SUB,62,0.3904871365716536
3,0.5,5,SUB,63,0.26676860499042787
3,0.5,5,SUB,64,0.263751193191642
3,0.5,5,VI,0,1.4595508419222434
3,0.5,5,VI,1,1.845251628007851
3,0.5,5,VI,2,1.608128331862532
3,0.5,5,VI,3,2.0807605644445912
3,0.5,5,VI,4,1.9778851448473038
3,0.5,5,VI,5,1.6901229068745447
3,0.5,5,VI,6,1.9161311361670776
3,0.5,5,VI,7,1.8984403989747423
3,0.5,5,VI,8,2.1881999445982916
3,0.5,5,VI,9,2.374930676553327
3,0.5,5,VI,10,1.8731388589414373
3,0.5,5,VI,11,1.7482076637640482
3,0.5,5,VI,12,2.0484157647512458
3,0.5,5,VI,13,0.9516079572383506
3,0.5,5,VI,14,2.000533692636419
3,0.5,5,VI,15,1.6880825588790487
3,0.5,5,VI,16,1.8763896392613337
3,0.5,5,VI,17,2.0240829924157784
3,0.5,5,VI,18,1.9058823829146407
3,0.5,5,VI,19,1.6960540460331217
3,0.5,5,VI,20,1.8734518766329173
3,0.5,5,VI,21,1.7899144941238463
3,0.5,5,VI,22,1.9186043978927783
3,0.5,5,VI,23,1.6866193287784466
3,0.5,5,VI,24,2.1915761974718118
3,0.5,5,VI,25,2.3527348528796743
3,0.5,5,VI,26,2.3372557764974893
3,0.5,5,VI,27,2.059493946193446
3,0.5,5,VI,28,1.9683097521569455
3,0.5,5,VI,29,2.1986586713992864
3,0.5,5,VI,30,2.34025108815922
3,0.5,5,VI,31,1.7226113421129206
3,0.5,5,VI,32,1.5597886290779892
3,0.5,5,VI,33,1.6936793033512199
3,0.5,5,VI,34,2.228256179742192
3,0.5,5,VI,35,2.5614677156068963
3,0.5,5,VI,36,2.0143963805193392
3,0.5,5,VI,37,1.6393397964756409
3,0.5,5,VI,38,2.300258471172888
3,0.5,5,VI,39,1.8698405187265263
3,0.5,5,VI,40,1.9501489805212096
3,0.5,5,VI,41,2.225054541600822
3,0.5,5,VI,42,2.548261964019577
3,0.5,5,VI,43,1.8585586021313736
3,0.5,5,VI,44,1.6751833406484378
3,0.5,5,VI,45,1.950711925932992
3,0.5,5,VI,46,1.702209642745101
3,0.5,5,VI,47,2.030626321451236
3,0.5,5,VI,48,2.2566616316756423
3,0.5,5,VI,49,1.87782847642404
3,0.5,5,VI,50,1.7326884207840276
3,0.5,5,VI,51,1.7813417063723687
3,0.5,5,VI,52,2.319752079669247
3,0.5,5,VI,53,1.9443102914644255
3,0.5,5,VI,54,1.863185229154906
3,0.5,5,VI,55,1.4598106505867428
3,0.5,5,VI,56,2.1455931455290247
3,0.5,5,VI,57,2.640363645385322
3,0.5,5,VI,58,2.0524418825338584
3,0.5,5,VI,59,1.5044233337057267
3,0.5,5,VI,60,2.0540067696603326
3,0.5,5,VI,61,2.463731473086788
3,0.5,5,VI,62,2.260759333315294
3,0.5,5,VI,63,2.0246714110143276
3,0.5,5,VI,64,2.151173707144469
3,0.5,10,SUB,0,0.262187537068767
3,0.5,10,SUB,1,0.25563183733084405
3,0.5,10,SUB,2,0.2728467125458711
3,0.5,10,SUB,3,0.27686471264966167
3,0.5,10,SUB,4,0.2641161862447808
3,0.5,10,SUB,5,0.2100596093168461
3,0.5,10,SUB,6,0.25840814271527834
3,0.5,10,SUB,7,0.2508561368630542
3,0.5,10,SUB,8,0.1975911294832953
3,0.5,10,SUB,9,0.3067574019614173
3,0.5,10,SUB,10,0.3195528674192956
3,0.5,10,SUB,11,0.2730938552418521
3,0.5,10,SUB,12,0.24416197620350763
3,0.5,10,SUB,13,0.3066767269580579
3,0.5,10,SUB,14,0.3014522685527013
3,0.5,10,SUB,15,0.287705406407855
3,0.5,10,SUB,16,0.27277092327581304
3,0.5,10,SUB,17,0.22690523514395863
3,0.5,10,SUB,18,0.35772917224359896
3,0.5,10,SUB,19,0.15975703959886986
3,0.5,10,SUB,20,0.27041079422149417
3,0.5,10,SUB,21,0.30601580018371904
3,0.5,10,SUB,22,0.20487641004668347
3,0.5,10,SUB,23,0.1759006635308687
3,0.5,10,SUB,24,0.2903766587814136
3,0.5,10,SUB,25,0.2638708326606675
3,0.5,10,SUB,26,0.24259221744238024
3,0.5,10,SUB,27,0.23034133273373694
3,0.5,10,SUB,28,0.28002874742831413
3,0.5,10,SUB,29,0.2825243179213883
3,0.5,10,SUB,30,0.283591557342228
3,0.5,10,SUB,31,0.29682819177107356
3,0.5,10,SUB,32,0.2773895897260128
3,0.5,10,SUB,33,0.256058513717249
3,0.5,10,SUB,34,0.35242169627748837
3,0.5,10,SUB,35,0.28707647116310925
3,0.5,10,SUB,36,0.2537538449787212
3,0.5,10,SUB,37,0.15289940947679323
3,0.5,10,SUB,38,0.25123582737782
3,0.5,10,SUB,39,0.272529156157547
3,0.5,10,SUB,40,0.2555294205620166
3,0.5,10,SUB,41,0.24231452552014873
3,0.5,10,SUB,42,0.2956958149337399
3,0.5,10,SUB,43,0.27299371635465725
3,0.5,10,SUB,44,0.29560974333363643
3,0.5,10,SUB,45,0.23097404194109059
3,0.5,10,SUB,46,0.24912817199631865
3,0.5,10,SUB,47,0.28087837066232907
3,0.5,10,SUB,48,0.2038843839701382
3,0.5,10,SUB,49,0.283143360370137
3,0.5,10,SUB,50,0.2741137682393507
3,0.5,10,SUB,51,0.20718178627128503
3,0.5,10,SUB,52,0.2623240656664386
3,0.5,10,SUB,53,0.278867618050877
3,0.5,10,SUB,54,0.2998396081748888
3,0.5,10,SUB,55,0.22178644787819685
3,0.5,10,SUB,56,0.23491087803973257
3,0.5,10,SUB,57,0.2645939853513956
3,0.5,10,SUB,58,0.23114917035271673
3,0.5,10,SUB,59,0.26006515222396936
3,0.5,10,VI,0,2.0803947065464965
3,0.5,10,VI,1,1.701935275768468
3,0.5,10,VI,2,1.6957860686502113
3,0.5,10,VI,3,2.3059800472879
3,0.5,10,VI,4,2.059133445429048
3,0.5,10,VI,5,2.0002172045873916
3,0.5,10,VI,6,1.7223601915240767
3,0.5,10,VI,7,2.02442635819994
3,0.5,10,VI,8,2.3398015979232927
3,0.5,10,VI,9,1.9056109709353426
3,0.5,10,VI,10,1.6934780420551698
3,0.5,10,VI,11,1.8980394498371227
3,0.5,10,VI,12,1.34018316406891
3,0.5,10,VI,13,2.0537341910233735
3,0.5,10,VI,14,2.1983391161608883
3,0.5,10,VI,15,1.9159249995525915
3,0.5,10,VI,16,2.0480833858417733
3,0.5,10,VI,17,1.8760834028590636
3,0.5,10,VI,18,1.8731117620070492
3,0.5,10,VI,19,1.607774823922418
3,0.5,10,VI,20,1.6897331562113318
3,0.5,10,VI,21,1.844927403986869
3,0.5,10,VI,22,1.8728527749356612
3,0.5,10,VI,23,2.0503254315467068
3,0.5,10,VI,24,1.686282494028365
3,0.5,10,VI,25,2.2278078782992985
3,0.5,10,VI,26,2.289174204753544
3,0.5,10,VI,27,1.504296978261563
3,0.5,10,VI,28,1.9504327282144809
3,0.5,10,VI,29,1.9496995157494252
3,0.5,10,VI,30,2.052079655690723
3,0.5,10,VI,31,1.944057572843243
3,0.5,10,VI,32,2.46333442793359
3,0.5,10,VI,33,1.9775878966039298
3,0.5,10,VI,34,1.6390472661026996
3,0.5,10,VI,35,1.459317525215704
3,0.5,10,VI,36,1.7897059308130512
3,0.5,10,VI,37,1.7809661874118206
3,0.5,10,VI,38,2.0238177024690067
3,0.5,10,VI,39,1.7324459100231002
3,0.5,10,VI,40,1.5594935209518501
3,0.5,10,VI,41,2.1879139704792854
3,0.5,10,VI,42,2.2247717065442756
3,0.5,10,VI,43,0.9515173593621981
3,0.5,10,VI,44,1.862876461477494
3,0.5,10,VI,45,1.9679932145195898
3,0.5,10,VI,46,1.8775883751669407
3,0.5,10,VI,47,1.8583432638063206
3,0.5,10,VI,48,1.687675463067775
3,0.5,10,VI,49,2.3745252314730743
3,0.5,10,VI,50,2.299913503009674
3,0.5,10,VI,51,2.0140461334903454
3,0.5,10,VI,52,2.5610751399578953
3,0.5,10,VI,53,2.5478204002819473
3,0.5,10,VI,54,2.2603693663915516
3,0.5,10,VI,55,2.145223675235292
3,0.5,10,VI,56,1.6749053643159086
3,0.5,10,VI,57,2.6399284715045823
3,0.5,10,VI,58,1.7480146182837994
3,0.5,10,VI,59,2.3523743903012937
3,0.5,20,SUB,0,0.18534924614984907
3,0.5,20,SUB,1,0.13891257419509567
3,0.5,20,SUB,2,0.1562228777496983
3,0.5,20,SUB,3,0.17254986820235543
3,0.5,20,SUB,4,0.1640109656898763
3,0.5,20,SUB,5,0.1476234108272235
3,0.5,20,SUB,6,0.2021748104078279
3,0.5,20,SUB,7,0.1077629551630359
3,0.5,20,SUB,8,0.18623435782308698
3,0.5,20,SUB,9,0.18597137268283012
3,0.5,20,SUB,10,0.15563363762690982
3,0.5,20,SUB,11,0.16406107122166894
3,0.5,20,SUB,12,0.14628872966962184
3,0.5,20,SUB,13,0.19211787264380936
3,0.5,20,SUB,14,0.22396132779289452
3,0.5,20,SUB,15,0.16251509199703248
3,0.5,20,SUB,16,0.17150620386582682
3,0.5,20,SUB,17,0.1480288661019412
3,0.5,20,SUB,18,0.18588676137959959
3,0.5,20,SUB,19,0.1655818996834356
3,0.5,20,SUB,20,0.14218092020042428
3,0.5,20,SUB,21,0.18533409780002183
3,0.5,20,SUB,22,0.13484639163925896
3,0.5,20,SUB,23,0.2029609673912599
3,0.5,20,SUB,24,0.17276533644801212
3,0.5,20,SUB,25,0.14564312255192108
3,0.5,20,SUB,26,0.1591906440118749
3,0.5,20,SUB,27,0.1841941936853445
3,0.5,20,SUB,28,0.21078703297914633
3,0.5,20,SUB,29,0.19433326508375723
3,0.5,20,SUB,30,0.13657849186735616
3,0.5,20,SUB,31,0.22076320663223548
3,0.5,20,SUB,32,0.18120678592788922
3,0.5,20,SUB,33,0.15750133730113824
3,0.5,20,SUB,34,0.1538270601317255
3,0.5,20,SUB,35,0.19808975703372747
3,0.5,20,SUB,36,0.19408604357502093
3,0.5,20,SUB,37,0.15203817280410725
3,0.5,20,SUB,38,0.13641392877968153
3,0.5,20,SUB,39,0.18384943622865346
3,0.5,20,SUB,40,0.13386334388479415
3,0.5,20,SUB,41,0.18340274341020985
3,0.5,20,SUB,42,0.17796778337554497
3,0.5,20,SUB,43,0.1522289118646651
3,0.5,20,SUB,44,0.17275045948281162
3,0.5,20,SUB,45,0.14825908196660523
3,0.5,20,SUB,46,0.14266758252108075
3,0.5,20,SUB,47,0.15596872590743582
3,0.5,20,SUB,48,0.16522046900073237
3,0.5,20,SUB,49,0.16582092200787146
3,0.5,20,VI,0,2.3198157934349934
3,0.5,20,VI,1,1.9779437225583254
3,0.5,20,VI,2,1.6961027345247206
3,0.5,20,VI,3,2.6404356405441347
3,0.5,20,VI,4,1.8984877274637315
3,0.5,20,VI,5,1.873197710734375
3,0.5,20,VI,6,1.9059360095745812
3,0.5,20,VI,7,1.559834618622647
3,0.5,20,VI,8,2.463803931804825
3,0.5,20,VI,9,1.8453058454651916
3,0.5,20,VI,10,2.080818681617208
3,0.5,20,VI,11,2.024135647665671
3,0.5,20,VI,12,1.6901687030386463
3,0.5,20,VI,13,2.054054648436608
3,0.5,20,VI,14,1.8735041199544111
3,0.5,20,VI,15,1.8764348148620218
3,0.5,20,VI,16,2.5615507324938824
3,0.5,20,VI,17,1.6881279314928264
3,0.5,20,VI,18,1.7899624096039761
3,0.5,20,VI,19,1.7327298417973942
3,0.5,20,VI,20,1.9502056535376393
3,0.5,20,VI,21,2.2608190523651293
3,0.5,20,VI,22,1.722656100140975
3,0.5,20,VI,23,1.6393786937851504
3,0.5,20,VI,24,1.944370959429667
3,0.5,20,VI,25,2.1916412600291344
3,0.5,20,VI,26,1.4595877128207009
3,0.5,20,VI,27,2.052487964119178
3,0.5,20,VI,28,1.8632268843422046
3,0.5,20,VI,29,2.2895199918376035
3,0.5,20,VI,30,1.4598475265056072
3,0.5,20,VI,31,1.6937252933137328
3,0.5,20,VI,32,1.9186594409501874
3,0.5,20,VI,33,2.3403249884830557
3,0.5,20,VI,34,2.000584985634158
3,0.5,20,VI,35,2.1987330353515047
3,0.5,20,VI,36,1.9161807613030941
3,0.5,20,VI,37,2.0144482845151073
3,0.5,20,VI,38,1.675227285667313
3,0.5,20,VI,39,2.228314449313828
3,0.5,20,VI,40,2.1512382368954035
3,0.5,20,VI,41,2.024724241856607
3,0.5,20,VI,42,2.375005761056847
3,0.5,20,VI,43,1.7813881110968752
3,0.5,20,VI,44,2.352797616274331
3,0.5,20,VI,45,1.6081704549715528
3,0.5,20,VI,46,1.8778750257890007
3,0.5,20,VI,47,1.869883665993342
3,0.5,20,VI,48,2.2567370738203856
3,0.5,20,VI,49,2.1882643285323033
3,0.5,30,SUB,0,0.16576092378850366
3,0.5,30,SUB,1,0.1781409042944208
3,0.5,30,SUB,2,0.14920037440162356
3,0.5,30,SUB,3,0.1454115239664239
3,0.5,30,SUB,4,0.11492087918455607
3,0.5,30,SUB,5,0.13764151667597238
3,0.5,30,SUB,6,0.13870442426490492
3,0.5,30,SUB,7,0.1671479044817114
3,0.5,30,SUB,8,0.14299864004370946
3,0.5,30,SUB,9,0.20597716449582024
3,0.5,30,SUB,10,0.16970435367390785
3,0.5,30,SUB,11,0.2061829516605103
3,0.5,30,SUB,12,0.2143944372724997
3,0.5,30,SUB,13,0.13353577045170417
3,0.5,30,SUB,14,0.17049985842278398
3,0.5,30,SUB,15,0.15059658693576328
3,0.5,30,SUB,16,0.18943052459878543
3,0.5,30,SUB,17,0.20013737331472875
3,0.5,30,SUB,18,0.13675599881709374
3,0.5,30,SUB,19,0.1696865134043147
3,0.5,30,SUB,20,0.20918441120191003
3,0.5,30,SUB,21,0.18420444567353306
3,0.5,30,SUB,22,0.1928760470403699
3,0.5,30,SUB,23,0.1711765147251179
3,0.5,30,SUB,24,0.15490436570031632
3,0.5,30,SUB,25,0.14239882519213587
3,0.5,30,SUB,26,0.17462314526849365
3,0.5,30,SUB,27,0.16696695425199326
3,0.5,30,SUB,28,0.18214044516546674
3,0.5,30,SUB,29,0.13678507495249312
3,0.5,30,SUB,30,0.11421529244065237
3,0.5,30,SUB,31,0.20094916990173312
3,0.5,30,SUB,32,0.14121828655500615
3,0.5,30,SUB,33,0.13298032423721515
3,0.5,30,SUB,34,0.15361028438648153
3,0.5,30,SUB,35,0.1582283067489287
3,0.5,30,SUB,36,0.21277053690184453
3,0.5,30,SUB,37,0.16799845647750905
3,0.5,30,SUB,38,0.1519037981770431
3,0.5,30,SUB,39,0.1820716744691829
3,0.5,30,VI,0,1.8984763832296527
3,0.5,30,VI,1,2.2895117000462664
3,0.5,30,VI,2,1.6901581969511832
3,0.5,30,VI,3,1.8088834962757934
3,0.5,30,VI,4,2.050701042588658
3,0.5,30,VI,5,2.1882541546728786
3,0.5,30,VI,6,1.722650672746414
3,0.5,30,VI,7,2.2283035100321227
3,0.5,30,VI,8,1.7327230794620858
3,0.5,30,VI,9,1.9501968058714585
3,0.5,30,VI,10,1.7482556831138756
3,0.5,30,VI,11,1.9161734776526038
3,0.5,30,VI,12,2.0524780823463495
3,0.5,30,VI,13,2.561540786797519
3,0.5,30,VI,14,1.9186497833623959
3,0.5,30,VI,15,2.0144382891687322
3,0.5,30,VI,16,2.225101097129981
3,0.5,30,VI,17,2.0540459645393114
3,0.5,30,VI,18,2.340312237298509
3,0.5,30,VI,19,2.352786637609783
3,0.5,30,VI,20,1.8632184774447198
3,0.5,30,VI,21,1.6393709936708607
3,0.5,30,VI,22,1.6866498802459942
3,0.5,30,VI,23,1.789955787126156
3,0.5,30,VI,24,2.0595380802676373
3,0.5,30,VI,25,2.3063840510238913
3,0.5,30,VI,26,2.5483240393193727
3,0.5,30,VI,27,2.024127675958634
3,0.5,30,VI,28,0.9516283860834132
3,0.5,30,VI,29,1.9683575393039356
3,0.5,30,VI,30,1.8731889133144095
3,0.5,30,VI,31,2.3003071314074024
3,0.5,30,VI,32,2.256724407606852
3,0.5,30,VI,33,1.8452975697231324
3,0.5,30,VI,34,1.8764280650735257
3,0.5,30,VI,35,1.944364211761303
3,0.5,30,VI,36,2.2608102835758315
3,0.5,30,VI,37,2.000578624217285
3,0.5,30,VI,38,2.4637932395544637
3,0.5,30,VI,39,1.9059282688406702
4,0.0,2,SUB,0,0.0863248133366265
4,0.0,2,SUB,1,0.07352404948914318
4,0.0,2,SUB,2,0.04181448352676972
4,0.0,2,SUB,3,0.09104680826504653
4,0.0,2,SUB,4,0.1337663429006199
4,0.0,2,SUB,5,0.04078836687367019
4,0.0,2,SUB,6,0.057873166692475206
4,0.0,2,SUB,7,0.11131683754711941
4,0.0,2,SUB,8,0.06839846479411746
4,0.0,2,SUB,9,0.088761536476279
4,0.0,2,SUB,10,0.07672756915710946
4,0.0,2,SUB,11,0.07453253513257924
4,0.0,2,SUB,12,0.051678502658108694
4,0.0,2,SUB,13,0.060068346517382416
4,0.0,2,SUB,14,0.10111055924143329
4,0.0,2,SUB,15,0.05202298233175954
4,0.0,2,SUB,16,0.05848446075622994
4,0.0,2,SUB,17,0.1493828554301102
4,0.0,2,SUB,18,0.07209873866256812
4,0.0,2,SUB,19,0.09850842378001126
4,0.0,2,SUB,20,0.03902019293904029
4,0.0,2,SUB,21,0.08811585404344507
4,0.0,2,SUB,22,0.1393705212888285
4,0.0,2,SUB,23,0.07060255475438885
4,0.0,2,SUB,24,0.049064178079773514
4,0.0,2,SUB,25,0.04949945888922439
4,0.0,2,SUB,26,0.06659765580543883
4,0.0,2,SUB,27,0.12600122761625523
4,0.0,2,SUB,28,0.08034124310055787
4,0.0,2,SUB,29,0.1404270473607154
4,0.0,2,SUB,30,0.10117561128924979
4,0.0,2,SUB,31,0.061782236817369725
4,0.0,2,SUB,32,0.117469269779898
4,0.0,2,SUB,33,0.07465376979837009
4,0.0,2,SUB,34,0.033119768543393546
4,0.0,2,SUB,35,0.03944281919097336
4,0.0,2,SUB,36,0.04552460135821775
4,0.0,2,SUB,37,0.054142316868776255
4,0.0,2,SUB,38,0.05831267425185488
4,0.0,2,SUB,39,0.13497354434698905
4,0.0,2,SUB,40,0.054978789444082556
4,0.0,2,SUB,41,0.08533020611565933
4,0.0,2,SUB,42,0.13288227585380222
4,0.0,2,SUB,43,0.05714584967597182
4,0.0,2,SUB,44,0.06816405193277164
4,0.0,2,SUB,45,0.030892482611252974
4,0.0,2,SUB,46,0.0643503258578127
4,0.0,2,SUB,47,0.07802354719409513
4,0.0,2,SUB,48,0.09766962844942276
4,0.0,2,SUB,49,0.09573610756903074
4,0.0,2,SUB,50,0.0773942208654284
4,0.0,2,SUB,51,0.055732300986401334
4,0.0,2,SUB,52,0.07133629322374462
4,0.0,2,SUB,53,0.11235006906030025
4,0.0,2,SUB,54,0.0333043061170423
4,0.0,2,SUB,55,0.10826463833882644
4,0.0,2,SUB,56,0.036608981363362526
4,0.0,2,SUB,57,0.08541590600321726
4,0.0,2,SUB,58,0.07135162940690298
4,0.0,2,SUB,59,0.058615557726204304
4,0.0,2,SUB,60,0.0763174045689084
4,0.0,2,SUB,61,0.03595772684307497
4,0.0,2,SUB,62,0.0579458351977138
4,0.0,2,SUB,63,0.07022003913043241
4,0.0,2,SUB,64,0.06532709220550147
4,0.0,2,SUB,65,0.11827226200464537
4,0.0,2,SUB,66,0.04948148145386036
4,0.0,2,SUB,67,0.12250644108066076
4,0.0,2,VI,0,0.07042900841631078
4,0.0,2,VI,1,0.051606671659172695
4,0.0,2,VI,2,0.04803481129200051
4,0.0,2,VI,3,0.08318762086912918
4,0.0,2,VI,4,0.11923643568018748
4,0.0,2,VI,5,0.06249068451436102
4,0.0,2,VI,6,0.060122167078113596
4,0.0,2,VI,7,0.10738235532989679
4,0.0,2,VI,8,0.04752942105536197
4,0.0,2,VI,9,0.06109755471515628
4,0.0,2,VI,10,0.0805847718143724
4,0.0,2,VI,11,0.026682459600610657
4,0.0,2,VI,12,0.0627265360985916
4,0.0,2,VI,13,0.006858629001431716
4,0.0,2,VI,14,0.08034090812719193
4,0.0,2,VI,15,0.06671070987676286
4,0.0,2,VI,16,0.028607353695085335
4,0.0,2,VI,17,0.14871563248258457
4,0.0,2,VI,18,0.08878064398098527
4,0.0,2,VI,19,0.0835633800291352
4,0.0,2,VI,20,0.03172526843130389
4,0.0,2,VI,21,0.07546563659227733
4,0.0,2,VI,22,0.13569176933067792
4,0.0,2,VI,23,0.06791891269123955
4,0.0,2,VI,24,0.07522697956288439
4,0.0,2,VI,25,0.012701965833519768
4,0.0,2,VI,26,0.07584622111944883
4,0.0,2,VI,27,0.11236714900023179
4,0.0,2,VI,28,0.051278768116829465
4,0.0,2,VI,29,0.13304825102954923
4,0.0,2,VI,30,0.08021218091059609
4,0.0,2,VI,31,0.06838100266280446
4,0.0,2,VI,32,0.10722782672097365
4,0.0,2,VI,33,0.07053635823018671
4,0.0,2,VI,34,0.028035073376714688
4,0.0,2,VI,35,0.01708752377266688
4,0.0,2,VI,36,0.028694953942493304
4,0.0,2,VI,37,0.07109617379700627
4,0.0,2,VI,38,0.07117072880721982
4,0.0,2,VI,39,0.12136288273256217
4,0.0,2,VI,40,0.04767898003988531
4,0.0,2,VI,41,0.09883055031328922
4,0.0,2,VI,42,0.11736325168003968
4,0.0,2,VI,43,0.05314699968367611
4,0.0,2,VI,44,0.08177225127362302
4,0.0,2,VI,45,0.03328123607369192
4,0.0,2,VI,46,0.04718582076199398
4,0.0,2,VI,47,0.0712701547040165
4,0.0,2,VI,48,0.08807773843049728
4,0.0,2,VI,49,0.09523347239709509
4,0.0,2,VI,50,0.022669585925630804
4,0.0,2,VI,51,0.059620556888661136
4,0.0,2,VI,52,0.07187207768836819
4,0.0,2,VI,53,0.09630149402881433
4,0.0,2,VI,54,0.04009912528036685
4,0.0,2,VI,55,0.09309561725641802
4,0.0,2,VI,56,0.03507375300814061
4,0.0,2,VI,57,0.048241754227240786
4,0.0,2,VI,58,0.025528591449191892
4,0.0,2,VI,59,0.04615184654460606
4,0.0,2,VI,60,0.06403118845656457
4,0.0,2,VI,61,0.03984939273813162
4,0.0,2,VI,62,0.061441450502714295
4,0.0,2,VI,63,0.06778705967294188
4,0.0,2,VI,64,0.06650067114063125
4,0.0,2,VI,65,0.10798601791263719
4,0.0,2,VI,66,0.037774556485537444
4,0.0,2,VI,67,0.11005920383600622
4,0.0,5,SUB,0,0.2816685240347637
4,0.0,5,SUB,1,0.019079543331655346
4,0.0,5,SUB,2,0.0444139087752665
4,0.0,5,SUB,3,0.08896186643381544
4,0.0,5,SUB,4,0.4510849165841526
4,0.0,5,SUB,5,0.13745394838493935
4,0.0,5,SUB,6,0.40527107070421237
4,0.0,5,SUB,7,0.4310056660151447
4,0.0,5,SUB,8,0.3670424781497702
4,0.0,5,SUB,9,0.07641828022255767
4,0.0,5,SUB,10,0.02156452964249588
4,0.0,5,SUB,11,0.012446229552075826
4,0.0,5,SUB,12,0.20243832917131332
4,0.0,5,SUB,13,0.17821352835879856
4,0.0,5,SUB,14,0.23525119979711556
4,0.0,5,SUB,15,0.1556453364279351
4,0.0,5,SUB,16,0.02503383621543507
4,0.0,5,SUB,17,0.08748017716929773
4,0.0,5,SUB,18,0.08252912094941427
4,0.0,5,SUB,19,0.007341068245338792
4,0.0,5,SUB,20,0.017991204676939366
4,0.0,5,SUB,21,0.32200823658342753
4,0.0,5,SUB,22,0.08181084128486041
4,0.0,5,SUB,23,0.26320872296253606
4,0.0,5,SUB,24,0.12106928934793805
4,0.0,5,SUB,25,0.011609769514029386
4,0.0,5,SUB,26,0.017858264928999338
4,0.0,5,SUB,27,0.03865611959239595
4,0.0,5,SUB,28,0.3699299259058577
4,0.0,5,SUB,29,0.33187317265711525
4,0.0,5,SUB,30,0.021969002155356642
4,0.0,5,SUB,31,0.07247992934021219
4,0.0,5,SUB,32,0.24484325258215522
4,0.0,5,SUB,33,0.06701589781142182
4,0.0,5,SUB,34,0.07011926912112208
4,0.0,5,SUB,35,0.016777236764671234
4,0.0,5,SUB,36,0.016519709660182666
4,0.0,5,SUB,37,0.3359209344784636
4,0.0,5,SUB,38,0.11583053041756766
4,0.0,5,SUB,39,0.4025991338477112
4,0.0,5,SUB,40,0.27148306437776704
4,0.0,5,SUB,41,0.21277822717378453
4,0.0,5,SUB,42,0.37283482023139053
4,0.0,5,SUB,43,0.18815785388163597
4,0.0,5,SUB,44,0.056399423567214536
4,0.0,5,SUB,45,0.04470927213803768
4,0.0,5,SUB,46,0.3941296660838328
4,0.0,5,SUB,47,0.38363080200897015
4,0.0,5,SUB,48,0.06526621946731731
4,0.0,5,SUB,49,0.459419457681456
4,0.0,5,SUB,50,0.4147049985735012
4,0.0,5,SUB,51,0.37538928582364106
4,0.0,5,SUB,52,0.4449656487640361
4,0.0,5,SUB,53,0.007772524895100237
4,0.0,5,SUB,54,0.10859290933269954
4,0.0,5,SUB,55,0.412551681827307
4,0.0,5,SUB,56,0.23057478577012278
4,0.0,5,SUB,57,0.44926807805292485
4,0.0,5,SUB,58,0.13192174056554798
4,0.0,5,SUB,59,0.07294248503506205
4,0.0,5,SUB,60,0.012481974376366384
4,0.0,5,SUB,61,0.03797847334632934
4,0.0,5,SUB,62,0.018122365181690466
4,0.0,5,SUB,63,0.02089741975072049
4,0.0,5,SUB,64,0.38342135957632695
4,0.0,5,VI,0,0.16100868547279887
4,0.0,5,VI,1,0.00015396310378475357
4,0.0,5,VI,2,0.01142265401986198
4,0.0,5,VI,3,0.04729362985556023
4,0.0,5,VI,4,0.21013194027745494
4,0.0,5,VI,5,0.08202657495499967
4,0.0,5,VI,6,0.20323863002764625
4,0.0,5,VI,7,0.20737949912714473
4,0.0,5,VI,8,0.1926112467722371
4,0.0,5,VI,9,0.05592447564408744
4,0.0,5,VI,10,0.008037068443424302
4,0.0,5,VI,11,0.0009390413921308443
4,0.0,5,VI,12,0.11878408795928082
4,0.0,5,VI,13,0.10165088950329199
4,0.0,5,VI,14,0.13442579440047978
4,0.0,5,VI,15,0.10807175064956333
4,0.0,5,VI,16,0.043485853240999385
4,0.0,5,VI,17,0.00013969176626752594
4,0.0,5,VI,18,0.04259547476756872
4,0.0,5,VI,19,7.268307149768548e-05
4,0.0,5,VI,20,9.292121289475791e-07
4,0.0,5,VI,21,0.18680775706820033
4,0.0,5,VI,22,0.00044592280050407163
4,0.0,5,VI,23,0.15055206768200752
4,0.0,5,VI,24,0.06708637313004615
4,0.0,5,VI,25,1.1827933401100583e-06
4,0.0,5,VI,26,0.0069128827643284135
4,0.0,5,VI,27,0.00026479699903295785
4,0.0,5,VI,28,0.21054373703766419
4,0.0,5,VI,29,0.1901153562221717
4,0.0,5,VI,30,0.0011085650621332022
4,0.0,5,VI,31,0.004609917016920357
4,0.0,5,VI,32,0.18672355678747946
4,0.0,5,VI,33,0.00022902746444537818
4,0.0,5,VI,34,0.004146453763050099
4,0.0,5,VI,35,0.00031699928805488316
4,0.0,5,VI,36,0.019602107541521547
4,0.0,5,VI,37,0.1911403990891602
4,0.0,5,VI,38,0.07346828554260232
4,0.0,5,VI,39,0.19440626699294805
4,0.0,5,VI,40,0.16353511921017996
4,0.0,5,VI,41,0.1212840362862463
4,0.0,5,VI,42,0.1928768542165932
4,0.0,5,VI,43,0.1294708584083835
4,0.0,5,VI,44,0.0036537991776390494
4,0.0,5,VI,45,9.439255281973296e-05
4,0.0,5,VI,46,0.1938996502880722
4,0.0,5,VI,47,0.20793094583162952
4,0.0,5,VI,48,0.037159211040095924
4,0.0,5,VI,49,0.20076668249484436
4,0.0,5,VI,50,0.19489981415364482
4,0.0,5,VI,51,0.20537507800067892
4,0.0,5,VI,52,0.2006417880005628
4,0.0,5,VI,53,0.008804257745983316
4,0.0,5,VI,54,0.059645700575157126
4,0.0,5,VI,55,0.20395622649546974
4,0.0,5,VI,56,0.13181459676616472
4,0.0,5,VI,57,0.19808616243217997
4,0.0,5,VI,58,0.07363497596859439
4,0.0,5,VI,59,0.0006459066441227365
4,0.0,5,VI,60,0.00038543053434928214
4,0.0,5,VI,61,0.0010242027614175112
4,0.0,5,VI,62,0.032085883269781255
4,0.0,5,VI,63,0.05742704831151976
4,0.0,5,VI,64,0.1934751939121241
4,0.0,10,SUB,0,0.007601923842254305
4,0.0,10,SUB,1,0.0076891551857685625
4,0.0,10,SUB,2,0.0078387140537619
4,0.0,10,SUB,3,0.013544544675417401
4,0.0,10,SUB,4,0.014808628321735495
4,0.0,10,SUB,5,0.00663636464745495
4,0.0,10,SUB,6,0.015406964125600218
4,0.0,10,SUB,7,0.017937386565395678
4,0.0,10,SUB,8,0.00785351643555549
4,0.0,10,SUB,9,0.007492576265879272
4,0.0,10,SUB,10,0.01286540279405194
4,0.0,10,SUB,11,0.009658325394376152
4,0.0,10,SUB,12,0.007895308064180056
4,0.0,10,SUB,13,0.018338453143335893
4,0.0,10,SUB,14,0.010587665267121916
4,0.0,10,SUB,15,0.01672395010755191
4,0.0,10,SUB,16,0.020092461168604157
4,0.0,10,SUB,17,0.013361988494947897
4,0.0,10,SUB,18,0.016526348402665394
4,0.0,10,SUB,19,0.013244158194193112
4,0.0,10,SUB,20,0.010888607712047074
4,0.0,10,SUB,21,0.00989065801379065
4,0.0,10,SUB,22,0.012502415109937976
4,0.0,10,SUB,23,0.00543881460677719
4,0.0,10,SUB,24,0.020016262840786093
4,0.0,10,SUB,25,0.011502020726041774
4,0.0,10,SUB,26,0.011433395631118426
4,0.0,10,SUB,27,0.015109564695036328
4,0.0,10,SUB,28,0.016369056695088712
4,0.0,10,SUB,29,0.01462730366501264
4,0.0,10,SUB,30,0.013451982712711768
4,0.0,10,SUB,31,0.022961392238259392
4,0.0,10,SUB,32,0.010102489114475704
4,0.0,10,SUB,33,0.008157055254282734
4,0.0,10,SUB,34,0.022246685080883025
4,0.0,10,SUB,35,0.009081786127842342
4,0.0,10,SUB,36,0.012401960099606767
4,0.0,10,SUB,37,0.010707600165581825
4,0.0,10,SUB,38,0.016689571057903613
4,0.0,10,SUB,39,0.0219446647425862
4,0.0,10,SUB,40,0.006673592042216107
4,0.0,10,SUB,41,0.008473225030086318
4,0.0,10,SUB,42,0.019494345358644086
4,0.0,10,SUB,43,0.01816053212210629
4,0.0,10,SUB,44,0.021938874164835663
4,0.0,10,SUB,45,0.01638901379585684
4,0.0,10,SUB,46,0.013397482436101256
4,0.0,10,SUB,47,0.017023265676926122
4,0.0,10,SUB,48,0.010717427734643471
4,0.0,10,SUB,49,0.01994853278386317
4,0.0,10,SUB,50,0.01470527575384464
4,0.0,10,SUB,51,0.009551379626135994
4,0.0,10,SUB,52,0.01780487635655603
4,0.0,10,SUB,53,0.018293633565882254
4,0.0,10,SUB,54,0.010679282679364313
4,0.0,10,SUB,55,0.013812893676261177
4,0.0,10,SUB,56,0.01624204980712379
4,0.0,10,SUB,57,0.01740025824825404
4,0.0,10,SUB,58,0.016602694696899397
4,0.0,10,SUB,59,0.018801848140524154
4,0.0,10,VI,0,1.1699933077411604e-08
4,0.0,10,VI,1,5.0934200195741665e-06
4,0.0,10,VI,2,4.3165227470163894e-08
4,0.0,10,VI,3,8.260736581775119e-09
4,0.0,10,VI,4,2.9326868057834997e-05
4,0.0,10,VI,5,4.310337935950464e-08
4,0.0,10,VI,6,4.321322179694765e-05
4,0.0,10,VI,7,3.475997744176026e-05
4,0.0,10,VI,8,4.3191039443585095e-08
4,0.0,10,VI,9,2.688663353057987e-05
4,0.0,10,VI,10,1.3309623304014147e-08
4,0.0,10,VI,11,6.880197240270057e-08
4,0.0,10,VI,12,2.6787540584655754e-08
4,0.0,10,VI,13,3.036989856474293e-05
4,0.0,10,VI,14,1.0890735662157673e-08
4,0.0,10,VI,15,3.186743830612734e-08
4,0.0,10,VI,16,1.8384398784970673e-08
4,0.0,10,VI,17,3.827220315414041e-05
4,0.0,10,VI,18,9.487725611561494e-09
4,0.0,10,VI,19,0.0010178900824314976
4,0.0,10,VI,20,0.0006581107449916424
4,0.0,10,VI,21,1.0978089305715199e-08
4,0.0,10,VI,22,0.0004315689244432328
4,0.0,10,VI,23,0.000966268214810609
4,0.0,10,VI,24,0.0004294843506745199
4,0.0,10,VI,25,0.00019552355713508862
4,0.0,10,VI,26,1.574347020201443e-05
4,0.0,10,VI,27,4.287455215405661e-05
4,0.0,10,VI,28,3.770662135170366e-08
4,0.0,10,VI,29,1.831191995012413e-05
4,0.0,10,VI,30,1.0066806418407447e-08
4,0.0,10,VI,31,0.00012034361170376763
4,0.0,10,VI,32,6.600441170903564e-09
4,0.0,10,VI,33,7.944552147066696e-09
4,0.0,10,VI,34,3.2399899607467986e-05
4,0.0,10,VI,35,0.00021926412369482876
4,0.0,10,VI,36,0.0010642575058212073
4,0.0,10,VI,37,1.1916070182422136e-05
4,0.0,10,VI,38,1.7831179236014928e-05
4,0.0,10,VI,39,2.5166918868614653e-05
4,0.0,10,VI,40,0.0007977702163406543
4,0.0,10,VI,41,5.3224090091905145e-05
4,0.0,10,VI,42,5.690681386991006e-08
4,0.0,10,VI,43,1.4631188101132062e-08
4,0.0,10,VI,44,8.202424144812508e-08
4,0.0,10,VI,45,1.1253923134259425e-08
4,0.0,10,VI,46,1.0746833501942364e-08
4,0.0,10,VI,47,1.7157939090516557e-05
4,0.0,10,VI,48,2.077898530913773e-06
4,0.0,10,VI,49,6.7307417249425035e-09
4,0.0,10,VI,50,4.968788749323498e-05
4,0.0,10,VI,51,0.00017732400553845001
4,0.0,10,VI,52,1.730038117632431e-05
4,0.0,10,VI,53,4.297307734317042e-05
4,0.0,10,VI,54,5.722129214583353e-05
4,0.0,10,VI,55,2.8069415432639665e-08
4,0.0,10,VI,56,1.6334239268436986e-08
4,0.0,10,VI,57,1.59354289104051e-08
4,0.0,10,VI,58,0.00038812464730917355
4,0.0,10,VI,59,0.00025114268429990454
4,0.0,20,SUB,0,0.0265004218461465
4,0.0,20,SUB,1,0.022709583474305906
4,0.0,20,SUB,2,0.013211107069099422
4,0.0,20,SUB,3,0.013906603032755363
4,0.0,20,SUB,4,0.0151455889816106
4,0.0,20,SUB,5,0.024626384032963137
4,0.0,20,SUB,6,0.015696801178019644
4,0.0,20,SUB,7,0.010632138712443836
4,0.0,20,SUB,8,0.01568468314669342
4,0.0,20,SUB,9,0.016369542317822176
4,0.0,20,SUB,10,0.01057663800068829
4,0.0,20,SUB,11,0.007813570850542033
4,0.0,20,SUB,12,0.006308918617609158
4,0.0,20,SUB,13,0.009628171477368084
4,0.0,20,SUB,14,0.011673473583556762
4,0.0,20,SUB,15,0.009900606159741096
4,0.0,20,SUB,16,0.02466073594796295
4,0.0,20,SUB,17,0.02538916543143285
4,0.0,20,SUB,18,0.020244222612130013
4,0.0,20,SUB,19,0.03916672164760546
4,0.0,20,SUB,20,0.01122088409675721
4,0.0,20,SUB,21,0.016789342847711115
4,0.0,20,SUB,22,0.03180739317886012
4,0.0,20,SUB,23,0.01013291401099445
4,0.0,20,SUB,24,0.006681447003669171
4,0.0,20,SUB,25,0.022850515465293156
4,0.0,20,SUB,26,0.02723247082328079
4,0.0,20,SUB,27,0.03314817577977489
4,0.0,20,SUB,28,0.012808658666427471
4,0.0,20,SUB,29,0.01641334897818362
4,0.0,20,SUB,30,0.034273020260402035
4,0.0,20,SUB,31,0.020088420035458927
4,0.0,20,SUB,32,0.010570214838888462
4,0.0,20,SUB,33,0.02486275158922246
4,0.0,20,SUB,34,0.0098139288869962
4,0.0,20,SUB,35,0.01741175885270897
4,0.0,20,SUB,36,0.03003090161097249
4,0.0,20,SUB,37,0.03228492062864655
4,0.0,20,SUB,38,0.03729832293473358
4,0.0,20,SUB,39,0.02136376599146383
4,0.0,20,SUB,40,0.02511816404725218
4,0.0,20,SUB,41,0.03683944738160377
4,0.0,20,SUB,42,0.01849949513442199
4,0.0,20,SUB,43,0.004934521156656932
4,0.0,20,SUB,44,0.021804052174067837
4,0.0,20,SUB,45,0.011339910819108167
4,0.0,20,SUB,46,0.008678912598513434
4,0.0,20,SUB,47,0.013763081041976126
4,0.0,20,SUB,48,0.024305651680245892
4,0.0,20,SUB,49,0.007193159098408366
4,0.0,20,VI,0,0.0014995946075883136
4,0.0,20,VI,1,0.00027682394445738837
4,0.0,20,VI,2,0.00014338466770591837
4,0.0,20,VI,3,0.0012753432115590296
4,0.0,20,VI,4,0.00017038758706542072
4,0.0,20,VI,5,0.000225873737394643
4,0.0,20,VI,6,4.505045986461195e-05
4,0.0,20,VI,7,4.799963647566976e-07
4,0.0,20,VI,8,0.00014521913632948067
4,0.0,20,VI,9,0.00038528109251042175
4,0.0,20,VI,10,0.00011621431824847026
4,0.0,20,VI,11,0.00016703097509778326
4,0.0,20,VI,12,0.00016246615198034088
4,0.0,20,VI,13,3.82853684670791e-07
4,0.0,20,VI,14,5.7683038642361124e-05
4,0.0,20,VI,15,3.42150234762461e-07
4,0.0,20,VI,16,0.001407358544683013
4,0.0,20,VI,17,4.9317476223795576e-05
4,0.0,20,VI,18,4.797917372278732e-05
4,0.0,20,VI,19,0.002087656668218705
4,0.0,20,VI,20,0.0008091407810434715
4,0.0,20,VI,21,0.001832465527981202
4,0.0,20,VI,22,0.00017206262098166844
4,0.0,20,VI,23,0.0006316464596542278
4,0.0,20,VI,24,0.00019006725682339096
4,0.0,20,VI,25,0.0008103934273123209
4,0.0,20,VI,26,0.0017934100480711532
4,0.0,20,VI,27,0.0016534167843733974
4,0.0,20,VI,28,0.00013513747777642605
4,0.0,20,VI,29,0.0005009432562639104
4,0.0,20,VI,30,0.0020657701283694594
4,0.0,20,VI,31,0.0001761907699902125
4,0.0,20,VI,32,0.00022854481860352049
4,0.0,20,VI,33,0.0019482051839447572
4,0.0,20,VI,34,0.0012929763731902078
4,0.0,20,VI,35,0.00010305110657162557
4,0.0,20,VI,36,2.0950401583314944e-07
4,0.0,20,VI,37,0.0014873485723832197
4,0.0,20,VI,38,0.0020993826016560153
4,0.0,20,VI,39,0.0002136330118768528
4,0.0,20,VI,40,0.001458110947565988
4,0.0,20,VI,41,0.002836915679036329
4,0.0,20,VI,42,0.0004289747158892612
4,0.0,20,VI,43,0.0002673268084009021
4,0.0,20,VI,44,0.00017228491454723474
4,0.0,20,VI,45,0.00023680874196831418
4,0.0,20,VI,46,0.0004903273508562197
4,0.0,20,VI,47,0.00014693588299377388
4,0.0,20,VI,48,2.1817797601433215e-05
4,0.0,20,VI,49,0.00019651216015566816
4,0.0,30,SUB,0,0.009877677635192551
4,0.0,30,SUB,1,0.010513348780711753
4,0.0,30,SUB,2,0.011563209531769359
4,0.0,30,SUB,3,0.016872969639645918
4,0.0,30,SUB,4,0.011569381270050576
4,0.0,30,SUB,5,0.012487454737184349
4,0.0,30,SUB,6,0.007061411620021779
4,0.0,30,SUB,7,0.014132459135911489
4,0.0,30,SUB,8,0.009936778501332578
4,0.0,30,SUB,9,0.012960386297232618
4,0.0,30,SUB,10,0.007598274777596966
4,0.0,30,SUB,11,0.017009648473723587
4,0.0,30,SUB,12,0.007412433537720946
4,0.0,30,SUB,13,0.005684165290402616
4,0.0,30,SUB,14,0.012063345153740971
4,0.0,30,SUB,15,0.008301350859102179
4,0.0,30,SUB,16,0.01223962596156342
4,0.0,30,SUB,17,0.013629855657447456
4,0.0,30,SUB,18,0.012443463670903444
4,0.0,30,SUB,19,0.014770506324466292
4,0.0,30,SUB,20,0.008924665113010271
4,0.0,30,SUB,21,0.006808079896515783
4,0.0,30,SUB,22,0.007547535870978032
4,0.0,30,SUB,23,0.012486532779905158
4,0.0,30,SUB,24,0.012076125487922596
4,0.0,30,SUB,25,0.0077866164648284185
4,0.0,30,SUB,26,0.008412700351729072
4,0.0,30,SUB,27,0.006436715692051419
4,0.0,30,SUB,28,0.013670086341578205
4,0.0,30,SUB,29,0.012042650110190657
4,0.0,30,SUB,30,0.010891165156773715
4,0.0,30,SUB,31,0.01305041548722603
4,0.0,30,SUB,32,0.009256338516611085
4,0.0,30,SUB,33,0.012422751758503705
4,0.0,30,SUB,34,0.01295328005048841
4,0.0,30,SUB,35,0.015963764477954084
4,0.0,30,SUB,36,0.013112123992349478
4,0.0,30,SUB,37,0.012284981301861604
4,0.0,30,SUB,38,0.011581284564028993
4,0.0,30,SUB,39,0.006137593262758512
4,0.0,30,VI,0,3.5560616235186854e-07
4,0.0,30,VI,1,0.00019791005748984332
4,0.0,30,VI,2,0.0003232391469030287
4,0.0,30,VI,3,0.0002141920538969549
4,0.0,30,VI,4,1.817662046557349e-05
4,0.0,30,VI,5,0.0002340895511870405
4,0.0,30,VI,6,0.0002853469865889442
4,0.0,30,VI,7,0.0005334334454516742
4,0.0,30,VI,8,5.28434745120043e-07
4,0.0,30,VI,9,0.0008781529721789097
4,0.0,30,VI,10,5.310720783808859e-05
4,0.0,30,VI,11,0.001358108694009547
4,0.0,30,VI,12,8.703507390782873e-05
4,0.0,30,VI,13,0.0003000537720198925
4,0.0,30,VI,14,0.00017566047237184992
4,0.0,30,VI,15,6.19437677699736e-07
4,0.0,30,VI,16,0.00010677224066649147
4,0.0,30,VI,17,2.3834876720647577e-05
4,0.0,30,VI,18,0.00014439404066448656
4,0.0,30,VI,19,3.934718197271664e-05
4,0.0,30,VI,20,9.997746856957875e-05
4,0.0,30,VI,21,5.521612765314036e-07
4,0.0,30,VI,22,0.00018464757565383886
4,0.0,30,VI,23,0.0001586137812185918
4,0.0,30,VI,24,0.0007351949660628869
4,0.0,30,VI,25,0.0001266993575489024
4,0.0,30,VI,26,2.5150853953110276e-05
4,0.0,30,VI,27,5.230238026792092e-07
4,0.0,30,VI,28,0.00031260259822126667
4,0.0,30,VI,29,0.0013926559301782539
4,0.0,30,VI,30,0.0010088020059489443
4,0.0,30,VI,31,0.00026774966269782605
4,0.0,30,VI,32,0.00028508785219217257
4,0.0,30,VI,33,0.0001240542142155989
4,0.0,30,VI,34,0.0010523309721339788
4,0.0,30,VI,35,3.6649522631717795e-07
4,0.0,30,VI,36,6.348019336725616e-05
4,0.0,30,VI,37,0.002033356366445639
4,0.0,30,VI,38,2.4498547659496964e-05
4,0.0,30,VI,39,0.00011789324185938581
4,0.5,2,SUB,0,0.5954928708577073
4,0.5,2,SUB,1,0.5521574311941431
4,0.5,2,SUB,2,0.3357617203555598
4,0.5,2,SUB,3,0.6868620690157186
4,0.5,2,SUB,4,0.828243669612002
4,0.5,2,SUB,5,0.6133356527474043
4,0.5,2,SUB,6,0.6763617574463928
4,0.5,2,SUB,7,0.8888472667834905
4,0.5,2,SUB,8,0.8304142096832793
4,0.5,2,SUB,9,0.8560244429123837
4,0.5,2,SUB,10,0.5885373611677862
4,0.5,2,SUB,11,0.923617083126278
4,0.5,2,SUB,12,0.859444435242901
4,0.5,2,SUB,13,0.6649206790154879
4,0.5,2,SUB,14,0.6385409708081231
4,0.5,2,SUB,15,0.5798893137352895
4,0.5,2,SUB,16,0.6653484719938934
4,0.5,2,SUB,17,0.8406527587021552
4,0.5,2,SUB,18,0.6311428613317267
4,0.5,2,SUB,19,0.7901560611208074
4,0.5,2,SUB,20,0.5618131415721436
4,0.5,2,SUB,21,0.8306286096971193
4,0.5,2,SUB,22,0.6458269385226371
4,0.5,2,SUB,23,0.7816815577670164
4,0.5,2,SUB,24,0.7137850067333057
4,0.5,2,SUB,25,0.7475637262021086
4,0.5,2,SUB,26,0.5834982777772807
4,0.5,2,SUB,27,0.7586301499919276
4,0.5,2,SUB,28,0.8654784532301929
4,0.5,2,SUB,29,0.6476794841509304
4,0.5,2,SUB,30,0.9451462275052664
4,0.5,2,SUB,31,0.7811376787914313
4,0.5,2,SUB,32,0.7505068973408537
4,0.5,2,SUB,33,0.5986028114619641
4,0.5,2,SUB,34,0.6136649692658485
4,0.5,2,SUB,35,0.6609522441589193
4,0.5,2,SUB,36,0.782295685185093
4,0.5,2,SUB,37,0.73983867193853
4,0.5,2,SUB,38,0.741877181611898
4,0.5,2,SUB,39,0.4726016398429759
4,0.5,2,SUB,40,0.8179010947652101
4,0.5,2,SUB,41,0.6889694142791326
4,0.5,2,SUB,42,0.682831572704597
4,0.5,2,SUB,43,0.6389209465294251
4,0.5,2,SUB,44,0.47909094880743874
4,0.5,2,SUB,45,0.9173368759558129
4,0.5,2,SUB,46,0.6712267451904768
4,0.5,2,SUB,47,0.6357683766812171
4,0.5,2,SUB,48,0.6805227190996369
4,0.5,2,SUB,49,0.7093650159845702
4,0.5,2,SUB,50,0.8452092901508668
4,0.5,2,SUB,51,0.7619047827440304
4,0.5,2,SUB,52,0.6684564891979436
4,0.5,2,SUB,53,0.6952872258544285
4,0.5,2,SUB,54,0.7264044823246969
4,0.5,2,SUB,55,0.5511578786198364
4,0.5,2,SUB,56,0.6649456043440324
4,0.5,2,SUB,57,0.6867609599093507
4,0.5,2,SUB,58,0.7858516251407551
4,0.5,2,SUB,59,0.7062973493150698
4,0.5,2,SUB,60,0.5494921404912935
4,0.5,2,SUB,61,0.5126041632301767
4,0.5,2,SUB,62,0.6586806323007842
4,0.5,2,SUB,63,0.6374270293661265
4,0.5,2,SUB,64,0.5351825537935038
4,0.5,2,SUB,65,0.7387192307767663
4,0.5,2,SUB,66,0.6489778104072789
4,0.5,2,SUB,67,0.6673180438381647
4,0.5,2,VI,0,0.6025006909149987
4,0.5,2,VI,1,0.5423077598509763
4,0.5,2,VI,2,0.37732119374856915
4,0.5,2,VI,3,0.7270374278416881
4,0.5,2,VI,4,0.8412685255059958
4,0.5,2,VI,5,0.6749032196675828
4,0.5,2,VI,6,0.7478427950982728
4,0.5,2,VI,7,0.921836434156686
4,0.5,2,VI,8,0.8180959656345207
4,0.5,2,VI,9,0.9537711110119301
4,0.5,2,VI,10,0.5645703188663352
4,0.5,2,VI,11,0.9921407238470028
4,0.5,2,VI,12,0.9056682706530946
4,0.5,2,VI,13,0.6820551598383321
4,0.5,2,VI,14,0.6895324199664654
4,0.5,2,VI,15,0.6667057015694445
4,0.5,2,VI,16,0.6318941058132832
4,0.5,2,VI,17,0.8423341885044675
4,0.5,2,VI,18,0.6364967886689779
4,0.5,2,VI,19,0.8607016509796658
4,0.5,2,VI,20,0.5757060416255514
4,0.5,2,VI,21,0.8869287380350638
4,0.5,2,VI,22,0.629710678452176
4,0.5,2,VI,23,0.8634237943202879
4,0.5,2,VI,24,0.7397993937719745
4,0.5,2,VI,25,0.7812823609509026
4,0.5,2,VI,26,0.5996320681835093
4,0.5,2,VI,27,0.7530693042328314
4,0.5,2,VI,28,0.9651163897207151
4,0.5,2,VI,29,0.6842776005044604
4,0.5,2,VI,30,1.015929123771023
4,0.5,2,VI,31,0.8131213075819647
4,0.5,2,VI,32,0.7475376521968812
4,0.5,2,VI,33,0.6752516440392706
4,0.5,2,VI,34,0.6443632722064024
4,0.5,2,VI,35,0.6637242504083068
4,0.5,2,VI,36,0.8481058614388336
4,0.5,2,VI,37,0.7733874713879441
4,0.5,2,VI,38,0.7908496100950856
4,0.5,2,VI,39,0.4307711744434334
4,0.5,2,VI,40,0.883856374522053
4,0.5,2,VI,41,0.7584241111762356
4,0.5,2,VI,42,0.7032830075872477
4,0.5,2,VI,43,0.6758085515067721
4,0.5,2,VI,44,0.5331512165192346
4,0.5,2,VI,45,0.9918128272796809
4,0.5,2,VI,46,0.7113595405053921
4,0.5,2,VI,47,0.6834931082110882
4,0.5,2,VI,48,0.6700250506489295
4,0.5,2,VI,49,0.7272161405084333
4,0.5,2,VI,50,0.9194545566779473
4,0.5,2,VI,51,0.76964383038857
4,0.5,2,VI,52,0.6734967566508309
4,0.5,2,VI,53,0.6943474012811409
4,0.5,2,VI,54,0.7201081539538225
4,0.5,2,VI,55,0.5472794627682191
4,0.5,2,VI,56,0.6919445204109108
4,0.5,2,VI,57,0.7928756694201179
4,0.5,2,VI,58,0.8263882249184532
4,0.5,2,VI,59,0.6998110087621325
4,0.5,2,VI,60,0.6304118279863855
4,0.5,2,VI,61,0.4868582363835529
4,0.5,2,VI,62,0.6456996711110973
4,0.5,2,VI,63,0.6556687023249305
4,0.5,2,VI,64,0.5450081987138157
4,0.5,2,VI,65,0.7915821684788964
4,0.5,2,VI,66,0.6394970350159622
4,0.5,2,VI,67,0.6636095516142697
4,0.5,5,SUB,0,0.42810397875385325
4,0.5,5,SUB,1,0.4172416433235783
4,0.5,5,SUB,2,0.36793499484586256
4,0.5,5,SUB,3,0.2998505615290977
4,0.5,5,SUB,4,0.40094764230946384
4,0.5,5,SUB,5,0.29505451157146445
4,0.5,5,SUB,6,0.3239654581318536
4,0.5,5,SUB,7,0.2848113736110103
4,0.5,5,SUB,8,0.37807075275832347
4,0.5,5,SUB,9,0.42012609288481584
4,0.5,5,SUB,10,0.28691295062984584
4,0.5,5,SUB,11,0.2848077424672214
4,0.5,5,SUB,12,0.39721729448335624
4,0.5,5,SUB,13,0.315112657367892
4,0.5,5,SUB,14,0.30812342149416666
4,0.5,5,SUB,15,0.3679498663612498
4,0.5,5,SUB,16,0.20959771749756745
4,0.5,5,SUB,17,0.3599084287157474
4,0.5,5,SUB,18,0.3561020789542876
4,0.5,5,SUB,19,0.32018040638304274
4,0.5,5,SUB,20,0.39368887811990344
4,0.5,5,SUB,21,0.3295844829243806
4,0.5,5,SUB,22,0.2816473287421186
4,0.5,5,SUB,23,0.32483454407676193
4,0.5,5,SUB,24,0.36446186235739514
4,0.5,5,SUB,25,0.4449934010716836
4,0.5,5,SUB,26,0.3637816923881456
4,0.5,5,SUB,27,0.4384618987988844
4,0.5,5,SUB,28,0.4275227718167527
4,0.5,5,SUB,29,0.25997107579487577
4,0.5,5,SUB,30,0.3365179789842972
4,0.5,5,SUB,31,0.3078477181567264
4,0.5,5,SUB,32,0.38894683325058865
4,0.5,5,SUB,33,0.40066826722289983
4,0.5,5,SUB,34,0.27876016668748
4,0.5,5,SUB,35,0.37332430034393926
4,0.5,5,SUB,36,0.2969645103791731
4,0.5,5,SUB,37,0.3091995682145341
4,0.5,5,SUB,38,0.41590803893542044
4,0.5,5,SUB,39,0.34638474767183247
4,0.5,5,SUB,40,0.36758879192327204
4,0.5,5,SUB,41,0.2872898604445749
4,0.5,5,SUB,42,0.33259371285087885
4,0.5,5,SUB,43,0.3728269330932369
4,0.5,5,SUB,44,0.2896712257132237
4,0.5,5,SUB,45,0.31684872602154374
4,0.5,5,SUB,46,0.39221444741218575
4,0.5,5,SUB,47,0.32780601764048656
4,0.5,5,SUB,48,0.40563610298190805
4,0.5,5,SUB,49,0.2800365998798906
4,0.5,5,SUB,50,0.3332262703359922
4,0.5,5,SUB,51,0.4304165620975475
4,0.5,5,SUB,52,0.36339389489894847
4,0.5,5,SUB,53,0.3545652635510704
4,0.5,5,SUB,54,0.376121301647082
4,0.5,5,SUB,55,0.3468491453053127
4,0.5,5,SUB,56,0.4096346797391286
4,0.5,5,SUB,57,0.27848811310255145
4,0.5,5,SUB,58,0.4746034156127595
4,0.5,5,SUB,59,0.300700959554787
4,0.5,5,SUB,60,0.3150587458083423
4,0.5,5,SUB,61,0.3267298931401741
4,0.5,5,SUB,62,0.2941262603739816
4,0.5,5,SUB,63,0.32289651129218977
4,0.5,5,SUB,64,0.3169519848915617
4,0.5,5,VI,0,2.3599716643786985
4,0.5,5,VI,1,2.3987290435085082
4,0.5,5,VI,2,2.2095378173777287
4,0.5,5,VI,3,2.3803507625634293
4,0.5,5,VI,4,2.138649814170813
4,0.5,5,VI,5,1.809472893706558
4,0.5,5,VI,6,2.1405665843967387
4,0.5,5,VI,7,2.403980375307247
4,0.5,5,VI,8,1.889451195821829
4,0.5,5,VI,9,2.2890571007325615
4,0.5,5,VI,10,2.257486541729466
4,0.5,5,VI,11,2.399963279392235
4,0.5,5,VI,12,2.475006556531597
4,0.5,5,VI,13,1.8709619682726901
4,0.5,5,VI,14,2.267152331789358
4,0.5,5,VI,15,2.136580483225017
4,0.5,5,VI,16,1.8576454378310265
4,0.5,5,VI,17,2.44715567588294
4,0.5,5,VI,18,2.2856762301186353
4,0.5,5,VI,19,2.4438678906011173
4,0.5,5,VI,20,2.4979406807219102
4,0.5,5,VI,21,2.2000839489032393
4,0.5,5,VI,22,2.1830851150956443
4,0.5,5,VI,23,2.2429113689065137
4,0.5,5,VI,24,1.7971336084520273
4,0.5,5,VI,25,2.1879863443000125
4,0.5,5,VI,26,1.856844513141144
4,0.5,5,VI,27,2.3781927139564867
4,0.5,5,VI,28,1.9252649905394998
4,0.5,5,VI,29,2.323405462333975
4,0.5,5,VI,30,2.316330204026072
4,0.5,5,VI,31,2.1112397503057303
4,0.5,5,VI,32,2.7304770184523224
4,0.5,5,VI,33,2.358308684727892
4,0.5,5,VI,34,2.2643017938262546
4,0.5,5,VI,35,1.9110035276663182
4,0.5,5,VI,36,2.2154203915713384
4,0.5,5,VI,37,2.197584666023733
4,0.5,5,VI,38,2.003561563109727
4,0.5,5,VI,39,2.063857662863979
4,0.5,5,VI,40,2.3046330810136815
4,0.5,5,VI,41,1.8043759761145868
4,0.5,5,VI,42,1.723088974678773
4,0.5,5,VI,43,2.0760847873702293
4,0.5,5,VI,44,1.8835990042672555
4,0.5,5,VI,45,2.093062554789404
4,0.5,5,VI,46,2.397868341025479
4,0.5,5,VI,47,1.7858868554208587
4,0.5,5,VI,48,2.3016677730422312
4,0.5,5,VI,49,1.8694888852222373
4,0.5,5,VI,50,2.053852537303559
4,0.5,5,VI,51,1.8482321557992856
4,0.5,5,VI,52,1.8294958017270435
4,0.5,5,VI,53,2.3140494042775046
4,0.5,5,VI,54,2.4088296830745772
4,0.5,5,VI,55,1.9961090216660444
4,0.5,5,VI,56,2.5879415015506155
4,0.5,5,VI,57,2.2585850340248887
4,0.5,5,VI,58,2.243621705406955
4,0.5,5,VI,59,2.007526034460314
4,0.5,5,VI,60,2.1564744427135465
4,0.5,5,VI,61,2.5863699611216324
4,0.5,5,VI,62,2.1886080930759872
4,0.5,5,VI,63,2.055514061667157
4,0.5,5,VI,64,2.285139649134612
4,0.5,10,SUB,0,0.21432550599344283
4,0.5,10,SUB,1,0.2914635532608108
4,0.5,10,SUB,2,0.31999345184266553
4,0.5,10,SUB,3,0.28365809437537226
4,0.5,10,SUB,4,0.24192102498789506
4,0.5,10,SUB,5,0.250978229772924
4,0.5,10,SUB,6,0.3073279377343004
4,0.5,10,SUB,7,0.22362554488574815
4,0.5,10,SUB,8,0.23816268016128977
4,0.5,10,SUB,9,0.25669671475502215
4,0.5,10,SUB,10,0.2764752552279617
4,0.5,10,SUB,11,0.2048483643134203
4,0.5,10,SUB,12,0.30801583405223903
4,0.5,10,SUB,13,0.21993326533477162
4,0.5,10,SUB,14,0.39554768904698434
4,0.5,10,SUB,15,0.33432140329344606
4,0.5,10,SUB,16,0.32719802584791324
4,0.5,10,SUB,17,0.28032669292297036
4,0.5,10,SUB,18,0.215999919169876
4,0.5,10,SUB,19,0.26836163840513444
4,0.5,10,SUB,20,0.2242563647361292
4,0.5,10,SUB,21,0.2967710575437551
4,0.5,10,SUB,22,0.3201174236348901
4,0.5,10,SUB,23,0.23863727904221801
4,0.5,10,SUB,24,0.28555810285531197
4,0.5,10,SUB,25,0.27355967174137785
4,0.5,10,SUB,26,0.29072601233321205
4,0.5,10,SUB,27,0.21813824949800933
4,0.5,10,SUB,28,0.2680381779387203
4,0.5,10,SUB,29,0.31853397473253603
4,0.5,10,SUB,30,0.2343823580774124
4,0.5,10,SUB,31,0.3217017177670555
4,0.5,10,SUB,32,0.3384038970398562
4,0.5,10,SUB,33,0.2515583001183913
4,0.5,10,SUB,34,0.3823482000184559
4,0.5,10,SUB,35,0.24967020996790384
4,0.5,10,SUB,36,0.30352013818760143
4,0.5,10,SUB,37,0.19651221092852203
4,0.5,10,SUB,38,0.349376127979485
4,0.5,10,SUB,39,0.17735514839016916
4,0.5,10,SUB,40,0.3557183835791552
4,0.5,10,SUB,41,0.36033853589120923
4,0.5,10,SUB,42,0.23684444945525132
4,0.5,10,SUB,43,0.29128850304653225
4,0.5,10,SUB,44,0.2874899964911414
4,0.5,10,SUB,45,0.24507035409553798
4,0.5,10,SUB,46,0.3632980968473677
4,0.5,10,SUB,47,0.2597467845580683
4,0.5,10,SUB,48,0.27891347127933935
4,0.5,10,SUB,49,0.21718854119946673
4,0.5,10,SUB,50,0.3956302236741143
4,0.5,10,SUB,51,0.2965944130268527
4,0.5,10,SUB,52,0.2628551421321848
4,0.5,10,SUB,53,0.24305415844848455
4,0.5,10,SUB,54,0.1975480900315671
4,0.5,10,SUB,55,0.26938035795168475
4,0.5,10,SUB,56,0.29596113972988874
4,0.5,10,SUB,57,0.2868854870844339
4,0.5,10,SUB,58,0.22086439861652135
4,0.5,10,SUB,59,0.20553175600247803
4,0.5,10,VI,0,2.2584860648704828
4,0.5,10,VI,1,2.187894674360785
4,0.5,10,VI,2,2.156393107831907
4,0.5,10,VI,3,2.197496023486236
4,0.5,10,VI,4,2.313946570812393
4,0.5,10,VI,5,2.007456225634215
4,0.5,10,VI,6,2.05543180184753
4,0.5,10,VI,7,2.497848235238218
4,0.5,10,VI,8,1.8043117770315207
4,0.5,10,VI,9,2.1830010177168844
4,0.5,10,VI,10,2.443779087569843
4,0.5,10,VI,11,2.7303785407979166
4,0.5,10,VI,12,2.5878399305844173
4,0.5,10,VI,13,2.188536864262915
4,0.5,10,VI,14,1.8481693676102007
4,0.5,10,VI,15,2.2428147347851
4,0.5,10,VI,16,2.0760052872030776
4,0.5,10,VI,17,2.474907855632344
4,0.5,10,VI,18,1.857561639407668
4,0.5,10,VI,19,2.0537859463675363
4,0.5,10,VI,20,2.063772386238257
4,0.5,10,VI,21,1.723008187292842
4,0.5,10,VI,22,2.136499099213856
4,0.5,10,VI,23,2.2850634907107756
4,0.5,10,VI,24,2.397788657272806
4,0.5,10,VI,25,2.398640354869447
4,0.5,10,VI,26,2.138576355250996
4,0.5,10,VI,27,1.6669332962236838
4,0.5,10,VI,28,2.5096005440116547
4,0.5,10,VI,29,1.76033356891911
4,0.5,10,VI,30,2.3162607814652887
4,0.5,10,VI,31,1.8567518835287091
4,0.5,10,VI,32,1.9960289625235041
4,0.5,10,VI,33,2.206560176216449
4,0.5,10,VI,34,1.9109502820894453
4,0.5,10,VI,35,1.8093955791824883
4,0.5,10,VI,36,2.267075549277965
4,0.5,10,VI,37,2.35821955612979
4,0.5,10,VI,38,1.9251988679272263
4,0.5,10,VI,39,2.3598713250619228
4,0.5,10,VI,40,1.8709026927020107
4,0.5,10,VI,41,2.304551745025834
4,0.5,10,VI,42,2.111166208426647
4,0.5,10,VI,43,2.380259058639972
4,0.5,10,VI,44,2.4470607772772652
4,0.5,10,VI,45,2.5862717916326017
4,0.5,10,VI,46,2.2435527496637495
4,0.5,10,VI,47,2.2000150113907204
4,0.5,10,VI,48,1.723503664537473
4,0.5,10,VI,49,2.2574115195900877
4,0.5,10,VI,50,2.0034969103780353
4,0.5,10,VI,51,1.7970834143641734
4,0.5,10,VI,52,2.2094291672930457
4,0.5,10,VI,53,2.0929740929896505
4,0.5,10,VI,54,2.215327701316577
4,0.5,10,VI,55,2.301591282855357
4,0.5,10,VI,56,2.2855936151617784
4,0.5,10,VI,57,2.1404787046616183
4,0.5,10,VI,58,2.4038851608730996
4,0.5,10,VI,59,2.3998669064345584
4,0.5,20,SUB,0,0.21510219009378045
4,0.5,20,SUB,1,0.2453174165771624
4,0.5,20,SUB,2,0.2503813175406154
4,0.5,20,SUB,3,0.24307255873041508
4,0.5,20,SUB,4,0.2519849713049137
4,0.5,20,SUB,5,0.19807069909049246
4,0.5,20,SUB,6,0.23115053583272194
4,0.5,20,SUB,7,0.2485550522272069
4,0.5,20,SUB,8,0.23638162893444456
4,0.5,20,SUB,9,0.21873155538369787
4,0.5,20,SUB,10,0.21302753381834397
4,0.5,20,SUB,11,0.22238947639415588
4,0.5,20,SUB,12,0.22205741763359274
4,0.5,20,SUB,13,0.20369990775205357
4,0.5,20,SUB,14,0.22830846779000755
4,0.5,20,SUB,15,0.27836305923818044
4,0.5,20,SUB,16,0.27489341749452045
4,0.5,20,SUB,17,0.2260033593374161
4,0.5,20,SUB,18,0.22085945475210353
4,0.5,20,SUB,19,0.27983497481079717
4,0.5,20,SUB,20,0.2487672118982059
4,0.5,20,SUB,21,0.26357721037195075
4,0.5,20,SUB,22,0.27905773106352527
4,0.5,20,SUB,23,0.2607184899887594
4,0.5,20,SUB,24,0.195295233753501
4,0.5,20,SUB,25,0.19543678479876284
4,0.5,20,SUB,26,0.2502258565393145
4,0.5,20,SUB,27,0.23365212988513687
4,0.5,20,SUB,28,0.25682537523172627
4,0.5,20,SUB,29,0.197166690438892
4,0.5,20,SUB,30,0.24611617084360438
4,0.5,20,SUB,31,0.2816969227287527
4,0.5,20,SUB,32,0.20863662160833787
4,0.5,20,SUB,33,0.2885471648590625
4,0.5,20,SUB,34,0.2500062463169475
4,0.5,20,SUB,35,0.2217815124683705
4,0.5,20,SUB,36,0.30001926535961676
4,0.5,20,SUB,37,0.22296263766995061
4,0.5,20,SUB,38,0.2879657787977222
4,0.5,20,SUB,39,0.21674885765856003
4,0.5,20,SUB,40,0.2709682133996314
4,0.5,20,SUB,41,0.21007387284551246
4,0.5,20,SUB,42,0.27163169264422377
4,0.5,20,SUB,43,0.27873466559822124
4,0.5,20,SUB,44,0.24078207315309455
4,0.5,20,SUB,45,0.19750400246741104
4,0.5,20,SUB,46,0.24550159580335082
4,0.5,20,SUB,47,0.26220126961855855
4,0.5,20,SUB,48,0.250542933694252
4,0.5,20,SUB,49,0.2251181023142261
4,0.5,20,VI,0,2.140566584368945
4,0.5,20,VI,1,2.1386492441379668
4,0.5,20,VI,2,1.6669942321152653
4,0.5,20,VI,3,2.0760846434672504
4,0.5,20,VI,4,1.809472714356306
4,0.5,20,VI,5,2.209537572891843
4,0.5,20,VI,6,2.1886080930641114
4,0.5,20,VI,7,1.9961090216441013
4,0.5,20,VI,8,2.1365803365569533
4,0.5,20,VI,9,2.0638574228592748
4,0.5,20,VI,10,2.183084890146941
4,0.5,20,VI,11,1.8835990042505855
4,0.5,20,VI,12,2.093062373284358
4,0.5,20,VI,13,2.497940439113443
4,0.5,20,VI,14,2.156474273618183
4,0.5,20,VI,15,2.3016677730093114
4,0.5,20,VI,16,2.2436216091310244
4,0.5,20,VI,17,2.285676096936872
4,0.5,20,VI,18,1.7858867513097039
4,0.5,20,VI,19,1.7235707372111952
4,0.5,20,VI,20,2.053852537276235
4,0.5,20,VI,21,2.5096821705354193
4,0.5,20,VI,22,1.8709619682624108
4,0.5,20,VI,23,2.443867678615468
4,0.5,20,VI,24,2.2585848355002858
4,0.5,20,VI,25,2.187986089283396
4,0.5,20,VI,26,2.7304767800357492
4,0.5,20,VI,27,2.289057100700698
4,0.5,20,VI,28,2.2574865417154193
4,0.5,20,VI,29,2.4088294646050805
4,0.5,20,VI,30,1.8568443101678636
4,0.5,20,VI,31,2.003561422118312
4,0.5,20,VI,32,1.8894510527190407
4,0.5,20,VI,33,2.200083866366981
4,0.5,20,VI,34,2.285139504764092
4,0.5,20,VI,35,2.055514061637647
4,0.5,20,VI,36,2.304632887913327
4,0.5,20,VI,37,2.3234053079977413
4,0.5,20,VI,38,1.8043758022605245
4,0.5,20,VI,39,2.2154201918803023
4,0.5,20,VI,40,1.7230887919990223
4,0.5,20,VI,41,2.475006357384147
4,0.5,20,VI,42,1.869488686147283
4,0.5,20,VI,43,1.7604131739769853
4,0.5,20,VI,44,1.7971336084488212
4,0.5,20,VI,45,2.2643016079187417
4,0.5,20,VI,46,1.9252649905197983
4,0.5,20,VI,47,2.3140491515121537
4,0.5,20,VI,48,2.380350558134009
4,0.5,20,VI,49,1.829495801712694
4,0.5,30,SUB,0,0.1521585880715902
4,0.5,30,SUB,1,0.21801228893806712
4,0.5,30,SUB,2,0.1580518365002245
4,0.5,30,SUB,3,0.2247354442914069
4,0.5,30,SUB,4,0.1892405629907673
4,0.5,30,SUB,5,0.2181077832232698
4,0.5,30,SUB,6,0.18723791388466185
4,0.5,30,SUB,7,0.18870730927566765
4,0.5,30,SUB,8,0.17154171040874855
4,0.5,30,SUB,9,0.21442426320245275
4,0.5,30,SUB,10,0.21352470432228296
4,0.5,30,SUB,11,0.1885726292399
4,0.5,30,SUB,12,0.19017501883057758
4,0.5,30,SUB,13,0.2068664388492958
4,0.5,30,SUB,14,0.16553095524645872
4,0.5,30,SUB,15,0.1888300890694415
4,0.5,30,SUB,16,0.1957852496477464
4,0.5,30,SUB,17,0.15552140281809165
4,0.5,30,SUB,18,0.2106559219728245
4,0.5,30,SUB,19,0.2422353650935029
4,0.5,30,SUB,20,0.24556429049053177
4,0.5,30,SUB,21,0.16482870983374998
4,0.5,30,SUB,22,0.17808405726539128
4,0.5,30,SUB,23,0.23332487422309292
4,0.5,30,SUB,24,0.1840145609453906
4,0.5,30,SUB,25,0.18277762885935328
4,0.5,30,SUB,26,0.16619392868483407
4,0.5,30,SUB,27,0.23778537384425197
4,0.5,30,SUB,28,0.23213811188287806
4,0.5,30,SUB,29,0.22250495338091567
4,0.5,30,SUB,30,0.21294053692990822
4,0.5,30,SUB,31,0.1844093323938642
4,0.5,30,SUB,32,0.2048491631785057
4,0.5,30,SUB,33,0.21809447071719634
4,0.5,30,SUB,34,0.18483941331101783
4,0.5,30,SUB,35,0.2366963924824899
4,0.5,30,SUB,36,0.1735257174720038
4,0.5,30,SUB,37,0.2069164693391814
4,0.5,30,SUB,38,0.21173124781379854
4,0.5,30,SUB,39,0.20266803441540523
4,0.5,30,VI,0,2.1829910396281753
4,0.5,30,VI,1,1.723012477140705
4,0.5,30,VI,2,2.0537840251530524
4,0.5,30,VI,3,1.9109454467976594
4,0.5,30,VI,4,2.2153246337753125
4,0.5,30,VI,5,2.0929672666750885
4,0.5,30,VI,6,2.07598994266911
4,0.5,30,VI,7,2.4038727313783457
4,0.5,30,VI,8,2.1404770607113357
4,0.5,30,VI,9,2.2574035781560475
4,0.5,30,VI,10,2.1111611096559226
4,0.5,30,VI,11,2.188532695939873
4,0.5,30,VI,12,2.378104806916085
4,0.5,30,VI,13,1.8093977156277734
4,0.5,30,VI,14,2.1878858838880477
4,0.5,30,VI,15,2.4978319736217514
4,0.5,30,VI,16,2.197477188390804
4,0.5,30,VI,17,2.2584622251080972
4,0.5,30,VI,18,2.7303542606594937
4,0.5,30,VI,19,2.3139329519821543
4,0.5,30,VI,20,2.3045365862566762
4,0.5,30,VI,21,2.264194626764552
4,0.5,30,VI,22,2.156380405672347
4,0.5,30,VI,23,1.7603341261177592
4,0.5,30,VI,24,2.3233036944840597
4,0.5,30,VI,25,2.063765544195967
4,0.5,30,VI,26,2.206546959730633
4,0.5,30,VI,27,2.301576507454194
4,0.5,30,VI,28,2.003485047393878
4,0.5,30,VI,29,2.3598570818373714
4,0.5,30,VI,30,2.242800450132937
4,0.5,30,VI,31,2.2000016859697307
4,0.5,30,VI,32,2.380242569985657
4,0.5,30,VI,33,2.5878254981214783
4,0.5,30,VI,34,2.397779879317798
4,0.5,30,VI,35,1.8481749233604112
4,0.5,30,VI,36,2.4087293454478105
4,0.5,30,VI,37,1.8694122569257674
4,0.5,30,VI,38,1.925204876291643
4,0.5,30,VI,39,2.3998459486902393
5,0.0,2,SUB,0,0.162238977362758
5,0.0,2,SUB,1,0.7256398520925647
5,0.0,2,SUB,2,0.54155977757806
5,0.0,2,SUB,3,0.8960923790947346
5,0.0,2,SUB,4,0.6776478415700439
5,0.0,2,SUB,5,0.41517631524598053
5,0.0,2,SUB,6,0.44533589857613176
5,0.0,2,SUB,7,0.4412183072174823
5,0.0,2,SUB,8,0.3934100317971194
5,0.0,2,SUB,9,0.7906754644392645
5,0.0,2,SUB,10,0.31575116866269193
5,0.0,2,SUB,11,0.34636329918110725
5,0.0,2,SUB,12,0.6021894637034816
5,0.0,2,SUB,13,0.49629668007639166
5,0.0,2,SUB,14,0.4083816029220143
5,0.0,2,SUB,15,0.6923603734023961
5,0.0,2,SUB,16,0.93360711344748
5,0.0,2,SUB,17,0.6420319200762898
5,0.0,2,SUB,18,0.7725406181217057
5,0.0,2,SUB,19,0.4183012765726896
5,0.0,2,SUB,20,0.46652920462858216
5,0.0,2,SUB,21,0.3490469149110296
5,0.0,2,SUB,22,0.3537076119499761
5,0.0,2,SUB,23,0.701713501309978
5,0.0,2,SUB,24,0.2986749399481163
5,0.0,2,SUB,25,0.6988338805602612
5,0.0,2,SUB,26,0.5189630397564038
5,0.0,2,SUB,27,0.5956316602752184
5,0.0,2,SUB,28,0.3396242797327637
5,0.0,2,SUB,29,0.5305506449616199
5,0.0,2,SUB,30,0.78597082573379
5,0.0,2,SUB,31,0.7864549571785073
5,0.0,2,SUB,32,0.7928773845041787
5,0.0,2,SUB,33,0.9128564855342064
5,0.0,2,SUB,34,0.25093057767606114
5,0.0,2,SUB,35,0.15648907263273812
5,0.0,2,SUB,36,0.6823816356562119
5,0.0,2,SUB,37,0.842705215516057
5,0.0,2,SUB,38,0.2711556039241945
5,0.0,2,SUB,39,0.4590842756925218
5,0.0,2,SUB,40,0.5529005819402105
5,0.0,2,SUB,41,0.14337381866131838
5,0.0,2,SUB,42,0.5545426012763691
5,0.0,2,SUB,43,0.8568491778981765
5,0.0,2,SUB,44,0.782207112372036
5,0.0,2,SUB,45,0.396341729765893
5,0.0,2,SUB,46,0.5651136182796841
5,0.0,2,SUB,47,0.6832069975074655
5,0.0,2,SUB,48,0.7875224496658839
5,0.0,2,SUB,49,0.6862067175694817
5,0.0,2,SUB,50,0.8305539673465313
5,0.0,2,SUB,51,0.4595768566836317
5,0.0,2,SUB,52,0.500134187440617
5,0.0,2,SUB,53,0.7249266048828678
5,0.0,2,SUB,54,0.40604348134846185
5,0.0,2,SUB,55,0.1799619459336118
5,0.0,2,SUB,56,0.5900170214026856
5,0.0,2,SUB,57,0.594634238797691
5,0.0,2,SUB,58,0.7312684064004044
5,0.0,2,SUB,59,0.43953910423222053
5,0.0,2,SUB,60,0.6604202424205208
5,0.0,2,SUB,61,0.7618123808034811
5,0.0,2,SUB,62,0.4761292771719015
5,0.0,2,SUB,63,0.44697082524988035
5,0.0,2,SUB,64,0.4572354917762203
5,0.0,2,SUB,65,0.4378149208086817
5,0.0,2,SUB,66,0.3610267484259981
5,0.0,2,SUB,67,0.3104613323847446
5,0.0,2,VI,0,0.1517475801976148
5,0.0,2,VI,1,0.1947285471082259
5,0.0,2,VI,2,0.14176719859296755
5,0.0,2,VI,3,0.21121772362521563
5,0.0,2,VI,4,0.3096612687059234
5,0.0,2,VI,5,0.2929442434993187
5,0.0,2,VI,6,0.23891348574825197
5,0.0,2,VI,7,0.12679536983872874
5,0.0,2,VI,8,0.30907971269767004
5,0.0,2,VI,9,0.12047561612067118
5,0.0,2,VI,10,0.2578531795770504
5,0.0,2,VI,11,0.24383313317949296
5,0.0,2,VI,12,0.2531924302435948
5,0.0,2,VI,13,0.19416501318944993
5,0.0,2,VI,14,0.15260815834861305
5,0.0,2,VI,15,0.29059160463077244
5,0.0,2,VI,16,0.33091074581470564
5,0.0,2,VI,17,0.15262528066710443
5,0.0,2,VI,18,0.1873797949696492
5,0.0,2,VI,19,0.20924665411220125
5,0.0,2,VI,20,0.23034292039708376
5,0.0,2,VI,21,0.1255921574894709
5,0.0,2,VI,22,0.2793346014254044
5,0.0,2,VI,23,0.3045102261489098
5,0.0,2,VI,24,0.14769590568569257
5,0.0,2,VI,25,0.20107691961474994
5,0.0,2,VI,26,0.2865240356391955
5,0.0,2,VI,27,0.14366537822759523
5,0.0,2,VI,28,0.1762617354353905
5,0.0,2,VI,29,0.12466817102142522
5,0.0,2,VI,30,0.2878895988936557
5,0.0,2,VI,31,0.18596856865211175
5,0.0,2,VI,32,0.11571104042454367
5,0.0,2,VI,33,0.292368693633268
5,0.0,2,VI,34,0.14877664424966727
5,0.0,2,VI,35,0.12633385286641596
5,0.0,2,VI,36,0.1888907329613277
5,0.0,2,VI,37,0.2077431198189761
5,0.0,2,VI,38,0.056461112753211834
5,0.0,2,VI,39,0.3033829814857957
5,0.0,2,VI,40,0.319126269156079
5,0.0,2,VI,41,0.14118964333971185
5,0.0,2,VI,42,0.19402824563046953
5,0.0,2,VI,43,0.2854342238605698
5,0.0,2,VI,44,0.30077677839218436
5,0.0,2,VI,45,0.27957270973898546
5,0.0,2,VI,46,0.15998568894896953
5,0.0,2,VI,47,0.25458165365795776
5,0.0,2,VI,48,0.27310043674859286
5,0.0,2,VI,49,0.15162726968454865
5,0.0,2,VI,50,0.2513864765393585
5,0.0,2,VI,51,0.15087624099856287
5,0.0,2,VI,52,0.27982092334868575
5,0.0,2,VI,53,0.27953035148582583
5,0.0,2,VI,54,0.16045918109546334
5,0.0,2,VI,55,0.14440401920414594
5,0.0,2,VI,56,0.1868354873996954
5,0.0,2,VI,57,0.2152009321637081
5,0.0,2,VI,58,0.2728680132014688
5,0.0,2,VI,59,0.19911719016105722
5,0.0,2,VI,60,0.26674432365859835
5,0.0,2,VI,61,0.3089801719209602
5,0.0,2,VI,62,0.2600839618510806
5,0.0,2,VI,63,0.2705706693629531
5,0.0,2,VI,64,0.24300247837173305
5,0.0,2,VI,65,0.23369112303810036
5,0.0,2,VI,66,0.20080981415186738
5,0.0,2,VI,67,0.15983795271491638
5,0.0,5,SUB,0,0.12598675978421534
5,0.0,5,SUB,1,0.037593570611575304
5,0.0,5,SUB,2,0.07002225239614658
5,0.0,5,SUB,3,0.10280519758587407
5,0.0,5,SUB,4,0.02391026739167111
5,0.0,5,SUB,5,0.11709461003693082
5,0.0,5,SUB,6,0.04032840610041897
5,0.0,5,SUB,7,0.029329789260200266
5,0.0,5,SUB,8,0.07637603932693358
5,0.0,5,SUB,9,0.05905123228263405
5,0.0,5,SUB,10,0.03525189748787996
5,0.0,5,SUB,11,0.10164487379867787
5,0.0,5,SUB,12,0.059250678003420904
5,0.0,5,SUB,13,0.06926233970996602
5,0.0,5,SUB,14,0.06950401229596209
5,0.0,5,SUB,15,0.13872788149783113
5,0.0,5,SUB,16,0.08019452186488048
5,0.0,5,SUB,17,0.055213636900076725
5,0.0,5,SUB,18,0.09652427948986378
5,0.0,5,SUB,19,0.09782913042374308
5,0.0,5,SUB,20,0.0888728895003086
5,0.0,5,SUB,21,0.023136135291807823
5,0.0,5,SUB,22,0.08405948248549037
5,0.0,5,SUB,23,0.12876810027203825
5,0.0,5,SUB,24,0.0955862569720211
5,0.0,5,SUB,25,0.10031692270833042
5,0.0,5,SUB,26,0.0542522080289954
5,0.0,5,SUB,27,0.11083619913275128
5,0.0,5,SUB,28,0.03011125095638434
5,0.0,5,SUB,29,0.07956015091472989
5,0.0,5,SUB,30,0.04447699752769958
5,0.0,5,SUB,31,0.06412122496325728
5,0.0,5,SUB,32,0.08856033026733828
5,0.0,5,SUB,33,0.10520291730301631
5,0.0,5,SUB,34,0.05435042660162493
5,0.0,5,SUB,35,0.06842699899566249
5,0.0,5,SUB,36,0.12161953241134359
5,0.0,5,SUB,37,0.021629895486471953
5,0.0,5,SUB,38,0.020248937393042694
5,0.0,5,SUB,39,0.11050131462406074
5,0.0,5,SUB,40,0.10651110653807601
5,0.0,5,SUB,41,0.04757232343280714
5,0.0,5,SUB,42,0.074199187704318
5,0.0,5,SUB,43,0.051300212057549026
5,0.0,5,SUB,44,0.10009655323493238
5,0.0,5,SUB,45,0.03108588350880676
5,0.0,5,SUB,46,0.07808016129204959
5,0.0,5,SUB,47,0.11111729967246167
5,0.0,5,SUB,48,0.10521224406761867
5,0.0,5,SUB,49,0.03511363361995661
5,0.0,5,SUB,50,0.11742445882485268
5,0.0,5,SUB,51,0.11898774272739007
5,0.0,5,SUB,52,0.06491111589105747
5,0.0,5,SUB,53,0.01089523863119561
5,0.0,5,SUB,54,0.0982363563329552
5,0.0,5,SUB,55,0.12808592891362644
5,0.0,5,SUB,56,0.08888134521709819
5,0.0,5,SUB,57,0.08795258334748132
5,0.0,5,SUB,58,0.09642384502431418
5,0.0,5,SUB,59,0.015398987923262313
5,0.0,5,SUB,60,0.020782368639602658
5,0.0,5,SUB,61,0.11023722532020605
5,0.0,5,SUB,62,0.10515005684571657
5,0.0,5,SUB,63,0.009139828296417442
5,0.0,5,SUB,64,0.07501766822289456
5,0.0,5,VI,0,0.1266290091012292
5,0.0,5,VI,1,0.05596810535764494
5,0.0,5,VI,2,0.06844373605967287
5,0.0,5,VI,3,0.10966834297378633
5,0.0,5,VI,4,0.01068182099506004
5,0.0,5,VI,5,0.11890867184722924
5,0.0,5,VI,6,0.05464320691062743
5,0.0,5,VI,7,0.019014951740132915
5,0.0,5,VI,8,0.07657771091962547
5,0.0,5,VI,9,0.07639366745728066
5,0.0,5,VI,10,0.05464824958883395
5,0.0,5,VI,11,0.09692385243043766
5,0.0,5,VI,12,0.05831570485818461
5,0.0,5,VI,13,0.04870157775061974
5,0.0,5,VI,14,0.0678666522668897
5,0.0,5,VI,15,0.12445774091075226
5,0.0,5,VI,16,0.06617943198932227
5,0.0,5,VI,17,0.057668537591820446
5,0.0,5,VI,18,0.09045334052734913
5,0.0,5,VI,19,0.08217705510468742
5,0.0,5,VI,20,0.09569640900659065
5,0.0,5,VI,21,0.010379632981125306
5,0.0,5,VI,22,0.10355106607151009
5,0.0,5,VI,23,0.1265152851031455
5,0.0,5,VI,24,0.10260451071357385
5,0.0,5,VI,25,0.1059293759714364
5,0.0,5,VI,26,0.07405051999957507
5,0.0,5,VI,27,0.10578293965847217
5,0.0,5,VI,28,0.004769469741910286
5,0.0,5,VI,29,0.08535890970706284
5,0.0,5,VI,30,0.06242750988538178
5,0.0,5,VI,31,0.08756190651612702
5,0.0,5,VI,32,0.11067563491586138
5,0.0,5,VI,33,0.09900870948985623
5,0.0,5,VI,34,0.06994388482234105
5,0.0,5,VI,35,0.059445136632455285
5,0.0,5,VI,36,0.1260526601898376
5,0.0,5,VI,37,0.0468785561526192
5,0.0,5,VI,38,0.0005792529386956745
5,0.0,5,VI,39,0.1168181037152469
5,0.0,5,VI,40,0.08603038234647556
5,0.0,5,VI,41,0.06134054371481923
5,0.0,5,VI,42,0.02363424951553225
5,0.0,5,VI,43,0.07214940074247524
5,0.0,5,VI,44,0.10034779711143765
5,0.0,5,VI,45,0.011260141047066644
5,0.0,5,VI,46,0.07013977565996976
5,0.0,5,VI,47,0.09671740491773377
5,0.0,5,VI,48,0.09842630793343589
5,0.0,5,VI,49,0.01888150178246992
5,0.0,5,VI,50,0.12897735651637698
5,0.0,5,VI,51,0.11471735672139519
5,0.0,5,VI,52,0.07100814731487134
5,0.0,5,VI,53,0.002211058251138476
5,0.0,5,VI,54,0.098453194961929
5,0.0,5,VI,55,0.13455293379496833
5,0.0,5,VI,56,0.08824722269449381
5,0.0,5,VI,57,0.09885900951366884
5,0.0,5,VI,58,0.10536023767642833
5,0.0,5,VI,59,1.864758480412804e-05
5,0.0,5,VI,60,0.053599717177110935
5,0.0,5,VI,61,0.10267323610545703
5,0.0,5,VI,62,0.10225300629569387
5,0.0,5,VI,63,3.381401238534967e-08
5,0.0,5,VI,64,0.06192358634511082
5,0.0,10,SUB,0,0.012944092336961364
5,0.0,10,SUB,1,0.014171173335991239
5,0.0,10,SUB,2,0.019880958861407415
5,0.0,10,SUB,3,0.012361231252971895
5,0.0,10,SUB,4,0.012735384552373514
5,0.0,10,SUB,5,0.011083461666820055
5,0.0,10,SUB,6,0.015432600820001146
5,0.0,10,SUB,7,0.0166642754960654
5,0.0,10,SUB,8,0.008607087059199972
5,0.0,10,SUB,9,0.012192125556079037
5,0.0,10,SUB,10,0.011337126175647782
5,0.0,10,SUB,11,0.006591521310531495
5,0.0,10,SUB,12,0.014161631660380055
5,0.0,10,SUB,13,0.019873491228282608
5,0.0,10,SUB,14,0.013605530665735855
5,0.0,10,SUB,15,0.013121722366352999
5,0.0,10,SUB,16,0.011090648356007787
5,0.0,10,SUB,17,0.018658697374829742
5,0.0,10,SUB,18,0.011130734765152053
5,0.0,10,SUB,19,0.010840153934437434
5,0.0,10,SUB,20,0.02031214705718741
5,0.0,10,SUB,21,0.013292510696005039
5,0.0,10,SUB,22,0.017054336771812034
5,0.0,10,SUB,23,0.018185485162747293
5,0.0,10,SUB,24,0.004738364271182439
5,0.0,10,SUB,25,0.011205640966584234
5,0.0,10,SUB,26,0.013988805588861723
5,0.0,10,SUB,27,0.01492653065368992
5,0.0,10,SUB,28,0.014106352321347741
5,0.0,10,SUB,29,0.016198583803604474
5,0.0,10,SUB,30,0.015910853276373427
5,0.0,10,SUB,31,0.010588735292953545
5,0.0,10,SUB,32,0.011279153742450945
5,0.0,10,SUB,33,0.019647280159939193
5,0.0,10,SUB,34,0.01761661716213692
5,0.0,10,SUB,35,0.016521920876028377
5,0.0,10,SUB,36,0.0044109284412843595
5,0.0,10,SUB,37,0.009288222956428656
5,0.0,10,SUB,38,0.015043133828279718
5,0.0,10,SUB,39,0.014459479285869334
5,0.0,10,SUB,40,0.010132396105262762
5,0.0,10,SUB,41,0.01040625645291951
5,0.0,10,SUB,42,0.011818339827985948
5,0.0,10,SUB,43,0.009166371578513207
5,0.0,10,SUB,44,0.02265706354714044
5,0.0,10,SUB,45,0.01482944604286002
5,0.0,10,SUB,46,0.013064494239038393
5,0.0,10,SUB,47,0.019019096639983937
5,0.0,10,SUB,48,0.01467625504220834
5,0.0,10,SUB,49,0.02111487073310259
5,0.0,10,SUB,50,0.01614474747194133
5,0.0,10,SUB,51,0.00982377749066425
5,0.0,10,SUB,52,0.00987379848318827
5,0.0,10,SUB,53,0.01570261572944517
5,0.0,10,SUB,54,0.017854257632252128
5,0.0,10,SUB,55,0.010905069944626828
5,0.0,10,SUB,56,0.01828383503313078
5,0.0,10,SUB,57,0.013855026952308343
5,0.0,10,SUB,58,0.011904076494865707
5,0.0,10,SUB,59,0.015005462931988277
5,0.0,10,VI,0,9.685878365967249e-08
5,0.0,10,VI,1,0.00031271106302809595
5,0.0,10,VI,2,1.8976526170867794e-05
5,0.0,10,VI,3,5.728552921058646e-07
5,0.0,10,VI,4,0.0001718358245077282
5,0.0,10,VI,5,1.8904686984131017e-05
5,0.0,10,VI,6,0.0005264748702053268
5,0.0,10,VI,7,1.3908029555249263e-05
5,0.0,10,VI,8,0.0001489167040827223
5,0.0,10,VI,9,0.00023949534762369645
5,0.0,10,VI,10,5.311016042594799e-06
5,0.0,10,VI,11,4.968118856676611e-07
5,0.0,10,VI,12,0.00012439312438984734
5,0.0,10,VI,13,1.023488594699872e-05
5,0.0,10,VI,14,0.0003297035673453522
5,0.0,10,VI,15,3.8760930752231407e-07
5,0.0,10,VI,16,7.80407767805397e-07
5,0.0,10,VI,17,0.00013525096608633756
5,0.0,10,VI,18,0.001339686739278015
5,0.0,10,VI,19,1.8271016051156405e-05
5,0.0,10,VI,20,0.00037400614168922396
5,0.0,10,VI,21,0.0002705497619017055
5,0.0,10,VI,22,4.289911200614918e-05
5,0.0,10,VI,23,0.001304531505174766
5,0.0,10,VI,24,4.914187431856576e-05
5,0.0,10,VI,25,0.0005956402541242949
5,0.0,10,VI,26,0.0005350562693590741
5,0.0,10,VI,27,4.911873580797772e-06
5,0.0,10,VI,28,0.000975105331080576
5,0.0,10,VI,29,1.2545037747656373e-05
5,0.0,10,VI,30,3.5228144321962683e-06
5,0.0,10,VI,31,2.6899283312721443e-06
5,0.0,10,VI,32,0.0004510782303292374
5,0.0,10,VI,33,7.273574820582869e-05
5,0.0,10,VI,34,0.00025707472479064703
5,0.0,10,VI,35,2.401796201990595e-07
5,0.0,10,VI,36,0.0005927570080765776
5,0.0,10,VI,37,0.0004260477416719507
5,0.0,10,VI,38,0.00021360046354272725
5,0.0,10,VI,39,0.0002131446322020947
5,0.0,10,VI,40,0.0006383969412568592
5,0.0,10,VI,41,9.620947310407761e-06
5,0.0,10,VI,42,7.947290305064198e-06
5,0.0,10,VI,43,0.0006448183020622073
5,0.0,10,VI,44,3.325193415205708e-07
5,0.0,10,VI,45,0.00010085728004407858
5,0.0,10,VI,46,0.0004924832382654042
5,0.0,10,VI,47,0.00026760659803400446
5,0.0,10,VI,48,0.00044945826939698976
5,0.0,10,VI,49,8.790133483596794e-07
5,0.0,10,VI,50,0.0001276361055910016
5,0.0,10,VI,51,0.0010906632083335856
5,0.0,10,VI,52,9.00872478643081e-06
5,0.0,10,VI,53,0.0006077290855074525
5,0.0,10,VI,54,0.0006963558090168484
5,0.0,10,VI,55,5.2685586770022995e-06
5,0.0,10,VI,56,0.0004138801407666967
5,0.0,10,VI,57,4.134076195886443e-06
5,0.0,10,VI,58,0.0005191312163129564
5,0.0,10,VI,59,0.00011289606322832692
5,0.0,20,SUB,0,0.013869149877689078
5,0.0,20,SUB,1,0.011320585557557925
5,0.0,20,SUB,2,0.012911794481616525
5,0.0,20,SUB,3,0.00825082906294301
5,0.0,20,SUB,4,0.008255179771425097
5,0.0,20,SUB,5,0.01513929419164273
5,0.0,20,SUB,6,0.016900248963605164
5,0.0,20,SUB,7,0.00801555402480959
5,0.0,20,SUB,8,0.010902200823027916
5,0.0,20,SUB,9,0.012897494259396871
5,0.0,20,SUB,10,0.011146825347052716
5,0.0,20,SUB,11,0.009858161655608363
5,0.0,20,SUB,12,0.012056144978920446
5,0.0,20,SUB,13,0.013542368733173389
5,0.0,20,SUB,14,0.01650730820352974
5,0.0,20,SUB,15,0.00781676322435319
5,0.0,20,SUB,16,0.01239454175030649
5,0.0,20,SUB,17,0.012647053070202847
5,0.0,20,SUB,18,0.012201114384954827
5,0.0,20,SUB,19,0.00970487318706263
5,0.0,20,SUB,20,0.011082005657741598
5,0.0,20,SUB,21,0.012195265031376412
5,0.0,20,SUB,22,0.012371712043667332
5,0.0,20,SUB,23,0.01481939734413753
5,0.0,20,SUB,24,0.013832070280693366
5,0.0,20,SUB,25,0.017411603863049126
5,0.0,20,SUB,26,0.01100924714862306
5,0.0,20,SUB,27,0.011919192926688119
5,0.0,20,SUB,28,0.007732892350365236
5,0.0,20,SUB,29,0.014966812451321579
5,0.0,20,SUB,30,0.013549008588427
5,0.0,20,SUB,31,0.012513185848724821
5,0.0,20,SUB,32,0.01400499139019921
5,0.0,20,SUB,33,0.011001915993035606
5,0.0,20,SUB,34,0.013126909728590094
5,0.0,20,SUB,35,0.011689869272367924
5,0.0,20,SUB,36,0.01074087882458826
5,0.0,20,SUB,37,0.006850192110509423
5,0.0,20,SUB,38,0.00989322805901574
5,0.0,20,SUB,39,0.006867934328522399
5,0.0,20,SUB,40,0.012760080748431652
5,0.0,20,SUB,41,0.012867050150236191
5,0.0,20,SUB,42,0.011695045697250592
5,0.0,20,SUB,43,0.009206759281472948
5,0.0,20,SUB,44,0.011503780099114801
5,0.0,20,SUB,45,0.016270004907038782
5,0.0,20,SUB,46,0.00719211594585523
5,0.0,20,SUB,47,0.010302012498358415
5,0.0,20,SUB,48,0.0106364497126473
5,0.0,20,SUB,49,0.010290404171625456
5,0.0,20,VI,0,1.5118662479985371e-05
5,0.0,20,VI,1,3.2524694318186586e-05
5,0.0,20,VI,2,0.00013097457510255418
5,0.0,20,VI,3,0.0001679454339572053
5,0.0,20,VI,4,0.0015170716752353577
5,0.0,20,VI,5,3.855884071818436e-06
5,0.0,20,VI,6,1.1168201291641535e-05
5,0.0,20,VI,7,0.00022152451419566366
5,0.0,20,VI,8,8.616229950250424e-05
5,0.0,20,VI,9,0.0004998211666280047
5,0.0,20,VI,10,0.00022617023567796682
5,0.0,20,VI,11,4.320591769323021e-06
5,0.0,20,VI,12,0.0004560395509106035
5,0.0,20,VI,13,2.4524327609984328e-05
5,0.0,20,VI,14,0.00046868483614134234
5,0.0,20,VI,15,0.0006712291206859479
5,0.0,20,VI,16,9.805072363392908e-06
5,0.0,20,VI,17,0.0002754460336160635
5,0.0,20,VI,18,0.0002180241337788088
5,0.0,20,VI,19,8.447840453593246e-05
5,0.0,20,VI,20,0.0009922773309301556
5,0.0,20,VI,21,1.504689775453772e-05
5,0.0,20,VI,22,1.2059244937140714e-05
5,0.0,20,VI,23,4.0246056350816856e-05
5,0.0,20,VI,24,8.308655957653548e-05
5,0.0,20,VI,25,0.0002948176099947288
5,0.0,20,VI,26,0.00026500788620483244
5,0.0,20,VI,27,0.00027113852623995827
5,0.0,20,VI,28,0.0007444123922509435
5,0.0,20,VI,29,9.407563574355113e-07
5,0.0,20,VI,30,0.000140099848110581
5,0.0,20,VI,31,9.439705350849987e-06
5,0.0,20,VI,32,2.7359190040543882e-05
5,0.0,20,VI,33,0.0003510331523530099
5,0.0,20,VI,34,8.31554519971708e-05
5,0.0,20,VI,35,0.00026613246589017874
5,0.0,20,VI,36,9.706952052596471e-06
5,0.0,20,VI,37,1.0017965213822602e-05
5,0.0,20,VI,38,5.92946160995893e-06
5,0.0,20,VI,39,5.6797990931513106e-05
5,0.0,20,VI,40,1.3895807586103993e-05
5,0.0,20,VI,41,5.501253680547711e-05
5,0.0,20,VI,42,6.769965155467025e-06
5,0.0,20,VI,43,0.0002018706271087805
5,0.0,20,VI,44,8.496200202264961e-06
5,0.0,20,VI,45,0.0014696693515124251
5,0.0,20,VI,46,4.697522984095654e-06
5,0.0,20,VI,47,3.599399355339321e-05
5,0.0,20,VI,48,8.11740093092693e-06
5,0.0,20,VI,49,1.3596921195868579e-05
5,0.0,30,SUB,0,0.01139344280268954
5,0.0,30,SUB,1,0.011205876662230638
5,0.0,30,SUB,2,0.01238320987110638
5,0.0,30,SUB,3,0.009012999109649172
5,0.0,30,SUB,4,0.014394490763421933
5,0.0,30,SUB,5,0.006545774249077907
5,0.0,30,SUB,6,0.012638043966987764
5,0.0,30,SUB,7,0.011566970189152552
5,0.0,30,SUB,8,0.016095513856449896
5,0.0,30,SUB,9,0.014485859555561087
5,0.0,30,SUB,10,0.013101302299911854
5,0.0,30,SUB,11,0.014157507335996395
5,0.0,30,SUB,12,0.01241571560184441
5,0.0,30,SUB,13,0.015445229073535426
5,0.0,30,SUB,14,0.014996586024203997
5,0.0,30,SUB,15,0.010224264173645702
5,0.0,30,SUB,16,0.01115305775414857
5,0.0,30,SUB,17,0.009827691651145175
5,0.0,30,SUB,18,0.008374897885843826
5,0.0,30,SUB,19,0.010574469244502376
5,0.0,30,SUB,20,0.012350682907479791
5,0.0,30,SUB,21,0.013380085487351454
5,0.0,30,SUB,22,0.013676244285974259
5,0.0,30,SUB,23,0.01089826467696746
5,0.0,30,SUB,24,0.010634230164779985
5,0.0,30,SUB,25,0.007467538345634931
5,0.0,30,SUB,26,0.0068311176255753244
5,0.0,30,SUB,27,0.010265562458148293
5,0.0,30,SUB,28,0.009819031158181026
5,0.0,30,SUB,29,0.012422098370138723
5,0.0,30,SUB,30,0.010877307408092647
5,0.0,30,SUB,31,0.011190069029889154
5,0.0,30,SUB,32,0.016568772100676706
5,0.0,30,SUB,33,0.008651166556254834
5,0.0,30,SUB,34,0.006486380683026555
5,0.0,30,SUB,35,0.010022226751548697
5,0.0,30,SUB,36,0.00908689643839665
5,0.0,30,SUB,37,0.008900433859955995
5,0.0,30,SUB,38,0.012062340390438377
5,0.0,30,SUB,39,0.013626211063350623
5,0.0,30,VI,0,5.101590515320577e-05
5,0.0,30,VI,1,5.201773025335745e-06
5,0.0,30,VI,2,1.4441625463363811e-05
5,0.0,30,VI,3,2.4217465600224606e-05
5,0.0,30,VI,4,6.013909618480689e-05
5,0.0,30,VI,5,0.0007109857413543394
5,0.0,30,VI,6,6.873183284242028e-05
5,0.0,30,VI,7,0.0001892356530048947
5,0.0,30,VI,8,4.652466927120205e-06
5,0.0,30,VI,9,8.544550952332608e-05
5,0.0,30,VI,10,6.215064164953477e-05
5,0.0,30,VI,11,8.622940122304921e-05
5,0.0,30,VI,12,6.162335142186308e-06
5,0.0,30,VI,13,2.151936475010806e-05
5,0.0,30,VI,14,0.00028882060443014283
5,0.0,30,VI,15,4.648846490452226e-05
5,0.0,30,VI,16,0.00048122094671205454
5,0.0,30,VI,17,7.854994138724619e-05
5,0.0,30,VI,18,3.524743328530362e-05
5,0.0,30,VI,19,1.4515794873336096e-05
5,0.0,30,VI,20,4.788938625453228e-05
5,0.0,30,VI,21,4.317538767915073e-05
5,0.0,30,VI,22,5.1204160739071514e-05
5,0.0,30,VI,23,5.7790631629181255e-06
5,0.0,30,VI,24,0.001029902801994451
5,0.0,30,VI,25,5.7515882114941436e-05
5,0.0,30,VI,26,2.6328846126359752e-05
5,0.0,30,VI,27,4.1901243092372665e-05
5,0.0,30,VI,28,2.3558319867361582e-05
5,0.0,30,VI,29,1.40292869845175e-05
5,0.0,30,VI,30,3.7775876668072375e-05
5,0.0,30,VI,31,3.056116956583319e-05
5,0.0,30,VI,32,1.0730610677126508e-05
5,0.0,30,VI,33,3.338971647514414e-05
5,0.0,30,VI,34,0.0006409897234756154
5,0.0,30,VI,35,3.950585205536581e-05
5,0.0,30,VI,36,0.0014421978041519157
5,0.0,30,VI,37,0.0003536456717454087
5,0.0,30,VI,38,0.0006536136326620818
5,0.0,30,VI,39,0.0013979309428090129
5,0.5,2,SUB,0,0.4167895810769405
5,0.5,2,SUB,1,0.41892704310448786
5,0.5,2,SUB,2,0.41811337024734135
5,0.5,2,SUB,3,0.5413923388482946
5,0.5,2,SUB,4,0.4731032646292243
5,0.5,2,SUB,5,0.37150975550785914
5,0.5,2,SUB,6,0.5193005910222629
5,0.5,2,SUB,7,0.501896916581998
5,0.5,2,SUB,8,0.4307204087033114
5,0.5,2,SUB,9,0.5528894006344263
5,0.5,2,SUB,10,0.43751308010217116
5,0.5,2,SUB,11,0.41061625421782144
5,0.5,2,SUB,12,0.3452478509213264
5,0.5,2,SUB,13,0.542408736780605
5,0.5,2,SUB,14,0.5496759652752334
5,0.5,2,SUB,15,0.2466296239009518
5,0.5,2,SUB,16,0.5005794490810536
5,0.5,2,SUB,17,0.3251316393060222
5,0.5,2,SUB,18,0.40363303654920113
5,0.5,2,SUB,19,0.48069170068358724
5,0.5,2,SUB,20,0.35354667258550676
5,0.5,2,SUB,21,0.4017089143161324
5,0.5,2,SUB,22,0.41305375136897143
5,0.5,2,SUB,23,0.5030806034252984
5,0.5,2,SUB,24,0.40544778182546526
5,0.5,2,SUB,25,0.5015385581161562
5,0.5,2,SUB,26,0.38546763395276246
5,0.5,2,SUB,27,0.38497921667988433
5,0.5,2,SUB,28,0.3958303966319006
5,0.5,2,SUB,29,0.4882765214333512
5,0.5,2,SUB,30,0.37935595929710064
5,0.5,2,SUB,31,0.4332072963940297
5,0.5,2,SUB,32,0.5525772942010421
5,0.5,2,SUB,33,0.3631812787294647
5,0.5,2,SUB,34,0.3629603774884454
5,0.5,2,SUB,35,0.4908635667059201
5,0.5,2,SUB,36,0.4810325321411826
5,0.5,2,SUB,37,0.5168123915477859
5,0.5,2,SUB,38,0.44656743642340146
5,0.5,2,SUB,39,0.4411705621498554
5,0.5,2,SUB,40,0.4561019088444923
5,0.5,2,SUB,41,0.498259958513441
5,0.5,2,SUB,42,0.5130373841654992
5,0.5,2,SUB,43,0.28678705846831315
5,0.5,2,SUB,44,0.4632754332313051
5,0.5,2,SUB,45,0.35925991217101716
5,0.5,2,SUB,46,0.4885274333309026
5,0.5,2,SUB,47,0.438591073469882
5,0.5,2,SUB,48,0.48633377593096583
5,0.5,2,SUB,49,0.45569108080123777
5,0.5,2,SUB,50,0.541643405349825
5,0.5,2,SUB,51,0.37557191207370544
5,0.5,2,SUB,52,0.37925603016744525
5,0.5,2,SUB,53,0.44271581631234386
5,0.5,2,SUB,54,0.41247261375626226
5,0.5,2,SUB,55,0.461638001457189
5,0.5,2,SUB,56,0.42521703833129937
5,0.5,2,SUB,57,0.41563144487310105
5,0.5,2,SUB,58,0.44515303662182903
5,0.5,2,SUB,59,0.49992334405162797
5,0.5,2,SUB,60,0.49380339871091466
5,0.5,2,SUB,61,0.5111559515061342
5,0.5,2,SUB,62,0.5511205048538731
5,0.5,2,SUB,63,0.29979324371943206
5,0.5,2,SUB,64,0.4755955516017594
5,0.5,2,SUB,65,0.38662882721853115
5,0.5,2,SUB,66,0.3962768935701996
5,0.5,2,SUB,67,0.40540655306937473
5,0.5,2,VI,0,0.5631870138955212
5,0.5,2,VI,1,0.6172702304335778
5,0.5,2,VI,2,0.5079446895013007
5,0.5,2,VI,3,0.6151246709411851
5,0.5,2,VI,4,0.5996587647143301
5,0.5,2,VI,5,0.45171651819415554
5,0.5,2,VI,6,0.6499827444078874
5,0.5,2,VI,7,0.6526613566384563
5,0.5,2,VI,8,0.5120495851562722
5,0.5,2,VI,9,0.667216890204165
5,0.5,2,VI,10,0.6082264016801464
5,0.5,2,VI,11,0.5043452882611285
5,0.5,2,VI,12,0.44604252670246225
5,0.5,2,VI,13,0.65513709623894
5,0.5,2,VI,14,0.6041495150043071
5,0.5,2,VI,15,0.35852061654268275
5,0.5,2,VI,16,0.6560790707703665
5,0.5,2,VI,17,0.4376950742156883
5,0.5,2,VI,18,0.47192718332836214
5,0.5,2,VI,19,0.5777460766938387
5,0.5,2,VI,20,0.4990460639629403
5,0.5,2,VI,21,0.535844177637386
5,0.5,2,VI,22,0.5299313231325349
5,0.5,2,VI,23,0.5653546361318217
5,0.5,2,VI,24,0.550015436398354
5,0.5,2,VI,25,0.5956051881120115
5,0.5,2,VI,26,0.40120905947864244
5,0.5,2,VI,27,0.5124390531151788
5,0.5,2,VI,28,0.491550538766198
5,0.5,2,VI,29,0.5940934242967144
5,0.5,2,VI,30,0.49689096526986604
5,0.5,2,VI,31,0.5410948747878255
5,0.5,2,VI,32,0.6107842954058506
5,0.5,2,VI,33,0.4094966262204033
5,0.5,2,VI,34,0.5231719195768975
5,0.5,2,VI,35,0.5659944191528657
5,0.5,2,VI,36,0.5240904121677484
5,0.5,2,VI,37,0.5921352078857737
5,0.5,2,VI,38,0.5648858552431101
5,0.5,2,VI,39,0.5143918157122153
5,0.5,2,VI,40,0.5022526779268282
5,0.5,2,VI,41,0.6075332321281155
5,0.5,2,VI,42,0.5509279919145841
5,0.5,2,VI,43,0.40076085589306676
5,0.5,2,VI,44,0.5079650583613237
5,0.5,2,VI,45,0.4804638762818328
5,0.5,2,VI,46,0.605086846841974
5,0.5,2,VI,47,0.5207705455753024
5,0.5,2,VI,48,0.5467070148081735
5,0.5,2,VI,49,0.4730338989622825
5,0.5,2,VI,50,0.6274140382202131
5,0.5,2,VI,51,0.531421494782551
5,0.5,2,VI,52,0.5664115394103816
5,0.5,2,VI,53,0.5082458511991063
5,0.5,2,VI,54,0.466688177355265
5,0.5,2,VI,55,0.5861419340868141
5,0.5,2,VI,56,0.479378746268525
5,0.5,2,VI,57,0.5404599660740635
5,0.5,2,VI,58,0.584345954633251
5,0.5,2,VI,59,0.5976706844091718
5,0.5,2,VI,60,0.5890750116878174
5,0.5,2,VI,61,0.586271968520224
5,0.5,2,VI,62,0.6921740667454371
5,0.5,2,VI,63,0.44099616554337884
5,0.5,2,VI,64,0.5736289050596917
5,0.5,2,VI,65,0.4287246225196614
5,0.5,2,VI,66,0.47043712464525306
5,0.5,2,VI,67,0.44466049694737053
5,0.5,5,SUB,0,0.24976002409100756
5,0.5,5,SUB,1,0.43143381124122343
5,0.5,5,SUB,2,0.39659030861999545
5,0.5,5,SUB,3,0.20337826970067316
5,0.5,5,SUB,4,0.39271355629992893
5,0.5,5,SUB,5,0.2537144538543328
5,0.5,5,SUB,6,0.2468988974190188
5,0.5,5,SUB,7,0.2902117622315451
5,0.5,5,SUB,8,0.17930328755842903
5,0.5,5,SUB,9,0.3461306226444347
5,0.5,5,SUB,10,0.368556330058265
5,0.5,5,SUB,11,0.3697622396011947
5,0.5,5,SUB,12,0.19974972584995834
5,0.5,5,SUB,13,0.32463397934022215
5,0.5,5,SUB,14,0.24915608446954343
5,0.5,5,SUB,15,0.191735285500339
5,0.5,5,SUB,16,0.25688381652875647
5,0.5,5,SUB,17,0.2744149944630261
5,0.5,5,SUB,18,0.2981035201224777
5,0.5,5,SUB,19,0.29224305560359165
5,0.5,5,SUB,20,0.3781202811509103
5,0.5,5,SUB,21,0.46379376195652666
5,0.5,5,SUB,22,0.4155657607294958
5,0.5,5,SUB,23,0.43665213762392724
5,0.5,5,SUB,24,0.3122519253782157
5,0.5,5,SUB,25,0.35586949241679444
5,0.5,5,SUB,26,0.4690016589953979
5,0.5,5,SUB,27,0.4013421292005921
5,0.5,5,SUB,28,0.2791240820791667
5,0.5,5,SUB,29,0.3468441423224829
5,0.5,5,SUB,30,0.2804089507914742
5,0.5,5,SUB,31,0.2207571596422675
5,0.5,5,SUB,32,0.31817570461665257
5,0.5,5,SUB,33,0.3491477572732268
5,0.5,5,SUB,34,0.23301323254224074
5,0.5,5,SUB,35,0.2668109704564693
5,0.5,5,SUB,36,0.44734371112754295
5,0.5,5,SUB,37,0.3262451554133256
5,0.5,5,SUB,38,0.2631248780935582
5,0.5,5,SUB,39,0.29472033387251323
5,0.5,5,SUB,40,0.2732213410180715
5,0.5,5,SUB,41,0.2981115289482357
5,0.5,5,SUB,42,0.35023006037565657
5,0.5,5,SUB,43,0.4598317652938412
5,0.5,5,SUB,44,0.4450622520903806
5,0.5,5,SUB,45,0.21872895791422317
5,0.5,5,SUB,46,0.25889712604276627
5,0.5,5,SUB,47,0.3060519740830827
5,0.5,5,SUB,48,0.19009695293654943
5,0.5,5,SUB,49,0.3561061883626028
5,0.5,5,SUB,50,0.35231054077653795
5,0.5,5,SUB,51,0.3105730736421098
5,0.5,5,SUB,52,0.1914185682952907
5,0.5,5,SUB,53,0.3883339946779572
5,0.5,5,SUB,54,0.20404743366770964
5,0.5,5,SUB,55,0.3460134654016155
5,0.5,5,SUB,56,0.3073001109638304
5,0.5,5,SUB,57,0.2718133676428783
5,0.5,5,SUB,58,0.2739146784279954
5,0.5,5,SUB,59,0.2668017716229544
5,0.5,5,SUB,60,0.27079436983418104
5,0.5,5,SUB,61,0.359258385118374
5,0.5,5,SUB,62,0.28012275715276513
5,0.5,5,SUB,63,0.20143617109941153
5,0.5,5,SUB,64,0.21796117635325166
5,0.5,5,VI,0,2.3055763085121646
5,0.5,5,VI,1,1.885313052553417
5,0.5,5,VI,2,1.9357135071148934
5,0.5,5,VI,3,2.0446865180255167
5,0.5,5,VI,4,1.8732763814253348
5,0.5,5,VI,5,2.2352831516388494
5,0.5,5,VI,6,2.2950160286695365
5,0.5,5,VI,7,1.7557891702639143
5,0.5,5,VI,8,2.242058230235638
5,0.5,5,VI,9,1.699428383112981
5,0.5,5,VI,10,1.8722028288508072
5,0.5,5,VI,11,1.7224211823359463
5,0.5,5,VI,12,1.8133760160682366
5,0.5,5,VI,13,1.6460123623990217
5,0.5,5,VI,14,1.876651412339314
5,0.5,5,VI,15,2.2998311694111355
5,0.5,5,VI,16,1.9889501408964534
5,0.5,5,VI,17,2.0030929139730578
5,0.5,5,VI,18,1.9032727597920471
5,0.5,5,VI,19,1.8140107351596606
5,0.5,5,VI,20,1.510668044586674
5,0.5,5,VI,21,1.1558795770320807
5,0.5,5,VI,22,1.7401731373170932
5,0.5,5,VI,23,1.9123318303909953
5,0.5,5,VI,24,1.6531236180559175
5,0.5,5,VI,25,1.9008766305802838
5,0.5,5,VI,26,1.8315174729572221
5,0.5,5,VI,27,1.4065444081172347
5,0.5,5,VI,28,1.980415247352056
5,0.5,5,VI,29,2.032615856424429
5,0.5,5,VI,30,1.7191875941187091
5,0.5,5,VI,31,1.9470735000277994
5,0.5,5,VI,32,1.8421629746124464
5,0.5,5,VI,33,1.8552398595922643
5,0.5,5,VI,34,1.600705152055902
5,0.5,5,VI,35,2.1022616582673987
5,0.5,5,VI,36,1.4843900071447016
5,0.5,5,VI,37,1.79875992191621
5,0.5,5,VI,38,1.7493300040117425
5,0.5,5,VI,39,2.017939028094478
5,0.5,5,VI,40,1.9056314543850426
5,0.5,5,VI,41,1.8482472093582074
5,0.5,5,VI,42,1.9268388176975972
5,0.5,5,VI,43,1.89741258922633
5,0.5,5,VI,44,1.5175885570623435
5,0.5,5,VI,45,1.9871570622822157
5,0.5,5,VI,46,1.8069496871530548
5,0.5,5,VI,47,2.2533366020213887
5,0.5,5,VI,48,1.7499874799023334
5,0.5,5,VI,49,2.0990854331222795
5,0.5,5,VI,50,1.7938505011278834
5,0.5,5,VI,51,1.8240961643499687
5,0.5,5,VI,52,1.8779477479828584
5,0.5,5,VI,53,1.9773505200854762
5,0.5,5,VI,54,2.1391480316673905
5,0.5,5,VI,55,1.5438447710651377
5,0.5,5,VI,56,1.6508533269959351
5,0.5,5,VI,57,1.872064800922349
5,0.5,5,VI,58,2.019645991146997
5,0.5,5,VI,59,1.8831564684306576
5,0.5,5,VI,60,1.839529071025354
5,0.5,5,VI,61,1.8441689991524026
5,0.5,5,VI,62,1.9151757196162047
5,0.5,5,VI,63,2.2482624079626135
5,0.5,5,VI,64,1.9530931741571345
5,0.5,10,SUB,0,0.21857167621461907
5,0.5,10,SUB,1,0.22069990082719107
5,0.5,10,SUB,2,0.2504989305331448
5,0.5,10,SUB,3,0.22888464809619816
5,0.5,10,SUB,4,0.22795696984716626
5,0.5,10,SUB,5,0.23811092620954766
5,0.5,10,SUB,6,0.27102091617428153
5,0.5,10,SUB,7,0.22183718628949364
5,0.5,10,SUB,8,0.17818492538836364
5,0.5,10,SUB,9,0.1629759919097906
5,0.5,10,SUB,10,0.23216882222015928
5,0.5,10,SUB,11,0.20864505036211548
5,0.5,10,SUB,12,0.22433042795376085
5,0.5,10,SUB,13,0.23038490208349016
5,0.5,10,SUB,14,0.26661306998224155
5,0.5,10,SUB,15,0.19283739738507333
5,0.5,10,SUB,16,0.19553462081912476
5,0.5,10,SUB,17,0.2138283105197951
5,0.5,10,SUB,18,0.26380105505847873
5,0.5,10,SUB,19,0.2300514678962099
5,0.5,10,SUB,20,0.24380983661617125
5,0.5,10,SUB,21,0.23445128052502004
5,0.5,10,SUB,22,0.2229006767322984
5,0.5,10,SUB,23,0.23909891024893065
5,0.5,10,SUB,24,0.2599537574602781
5,0.5,10,SUB,25,0.24977889287488764
5,0.5,10,SUB,26,0.2401382788547791
5,0.5,10,SUB,27,0.2539343214497521
5,0.5,10,SUB,28,0.26574403136324676
5,0.5,10,SUB,29,0.2329030236674997
5,0.5,10,SUB,30,0.19915475188759796
5,0.5,10,SUB,31,0.24108514797614888
5,0.5,10,SUB,32,0.17998086876780017
5,0.5,10,SUB,33,0.23120940499388118
5,0.5,10,SUB,34,0.20685140815926337
5,0.5,10,SUB,35,0.20443501741985726
5,0.5,10,SUB,36,0.2585750045989956
5,0.5,10,SUB,37,0.23970864533958028
5,0.5,10,SUB,38,0.21529272173872563
5,0.5,10,SUB,39,0.20591003756420634
5,0.5,10,SUB,40,0.21623379355854944
5,0.5,10,SUB,41,0.18907769973480956
5,0.5,10,SUB,42,0.2233768908188487
5,0.5,10,SUB,43,0.18299253046132552
5,0.5,10,SUB,44,0.23257576354207737
5,0.5,10,SUB,45,0.17963234339447778
5,0.5,10,SUB,46,0.23471028020478318
5,0.5,10,SUB,47,0.18673301430708297
5,0.5,10,SUB,48,0.2841113510951979
5,0.5,10,SUB,49,0.2907434443508314
5,0.5,10,SUB,50,0.22976423927687292
5,0.5,10,SUB,51,0.19101529056559216
5,0.5,10,SUB,52,0.24272354131852386
5,0.5,10,SUB,53,0.15522339468047672
5,0.5,10,SUB,54,0.19858491200210168
5,0.5,10,SUB,55,0.24769338658438858
5,0.5,10,SUB,56,0.19300964758083816
5,0.5,10,SUB,57,0.2495195457866405
5,0.5,10,SUB,58,0.23468865367325345
5,0.5,10,SUB,59,0.26296691961161045
5,0.5,10,VI,0,1.7451058646855
5,0.5,10,VI,1,1.7878271483019208
5,0.5,10,VI,2,1.7833385057373856
5,0.5,10,VI,3,2.1675675033202415
5,0.5,10,VI,4,2.0736848525951173
5,0.5,10,VI,5,1.8301343641121806
5,0.5,10,VI,6,1.9802002390331743
5,0.5,10,VI,7,1.9266515885531679
5,0.5,10,VI,8,1.9364539536464698
5,0.5,10,VI,9,1.8702368657310737
5,0.5,10,VI,10,1.9159884751226839
5,0.5,10,VI,11,1.6742866487832648
5,0.5,10,VI,12,1.516777396964609
5,0.5,10,VI,13,2.374670882247694
5,0.5,10,VI,14,1.8596487005554434
5,0.5,10,VI,15,1.970192152760872
5,0.5,10,VI,16,1.7866544712692993
5,0.5,10,VI,17,1.1434677858470075
5,0.5,10,VI,18,2.317171767221551
5,0.5,10,VI,19,2.0812642691264807
5,0.5,10,VI,20,1.757688841019303
5,0.5,10,VI,21,2.058267201869674
5,0.5,10,VI,22,2.025381634787666
5,0.5,10,VI,23,1.9567838263609634
5,0.5,10,VI,24,2.103202017627175
5,0.5,10,VI,25,1.9762379502513867
5,0.5,10,VI,26,1.923147630923734
5,0.5,10,VI,27,1.9202245774169895
5,0.5,10,VI,28,1.8088410475187975
5,0.5,10,VI,29,1.6878403084081033
5,0.5,10,VI,30,1.6715620426777213
5,0.5,10,VI,31,2.0455430366515777
5,0.5,10,VI,32,1.8763312516240063
5,0.5,10,VI,33,1.9139369046614787
5,0.5,10,VI,34,1.8909400254549198
5,0.5,10,VI,35,1.865172727810455
5,0.5,10,VI,36,2.3619538153815203
5,0.5,10,VI,37,1.60934876141133
5,0.5,10,VI,38,1.8916304006608973
5,0.5,10,VI,39,2.029371257956905
5,0.5,10,VI,40,1.9529367665142943
5,0.5,10,VI,41,1.8503282979525577
5,0.5,10,VI,42,2.299881496256381
5,0.5,10,VI,43,1.8704433254768962
5,0.5,10,VI,44,2.090465674221988
5,0.5,10,VI,45,1.391610571646429
5,0.5,10,VI,46,2.1482442238143102
5,0.5,10,VI,47,1.8476452252231501
5,0.5,10,VI,48,2.1974638831811406
5,0.5,10,VI,49,2.0808132199615357
5,0.5,10,VI,50,2.3090599826869473
5,0.5,10,VI,51,1.7870212255467937
5,0.5,10,VI,52,1.8211888027418517
5,0.5,10,VI,53,1.8510033702429343
5,0.5,10,VI,54,1.9261201574816942
5,0.5,10,VI,55,2.3064242794856584
5,0.5,10,VI,56,1.5134339723824735
5,0.5,10,VI,57,2.0937764335210995
5,0.5,10,VI,58,2.357109336192618
5,0.5,10,VI,59,2.0520850145413547
5,0.5,20,SUB,0,0.2490491854695246
5,0.5,20,SUB,1,0.24562639808028489
5,0.5,20,SUB,2,0.1580228794169032
5,0.5,20,SUB,3,0.1940091485528814
5,0.5,20,SUB,4,0.17115965502870883
5,0.5,20,SUB,5,0.2147685359650984
5,0.5,20,SUB,6,0.1923188052096076
5,0.5,20,SUB,7,0.21812347961994616
5,0.5,20,SUB,8,0.24898452955578207
5,0.5,20,SUB,9,0.20195864239119782
5,0.5,20,SUB,10,0.1802996335510727
5,0.5,20,SUB,11,0.273611765579944
5,0.5,20,SUB,12,0.19369068815739024
5,0.5,20,SUB,13,0.28908999683347064
5,0.5,20,SUB,14,0.2316068981308783
5,0.5,20,SUB,15,0.229339890042815
5,0.5,20,SUB,16,0.1764740102932934
5,0.5,20,SUB,17,0.21511778034354512
5,0.5,20,SUB,18,0.17766024949923856
5,0.5,20,SUB,19,0.17976718550848683
5,0.5,20,SUB,20,0.18152250538027506
5,0.5,20,SUB,21,0.19003420054836606
5,0.5,20,SUB,22,0.13532319256218983
5,0.5,20,SUB,23,0.22642511233815377
5,0.5,20,SUB,24,0.2299387053623474
5,0.5,20,SUB,25,0.18050764410493467
5,0.5,20,SUB,26,0.19057209407651735
5,0.5,20,SUB,27,0.24625834441374642
5,0.5,20,SUB,28,0.27912007170671155
5,0.5,20,SUB,29,0.20244564572319587
5,0.5,20,SUB,30,0.19995192957986305
5,0.5,20,SUB,31,0.18730848236268918
5,0.5,20,SUB,32,0.22675256965355367
5,0.5,20,SUB,33,0.23766870268365473
5,0.5,20,SUB,34,0.17572845465201065
5,0.5,20,SUB,35,0.2218427058291589
5,0.5,20,SUB,36,0.204820017378187
5,0.5,20,SUB,37,0.27094100054148523
5,0.5,20,SUB,38,0.22828463747677455
5,0.5,20,SUB,39,0.24470112416688838
5,0.5,20,SUB,40,0.18800388346830804
5,0.5,20,SUB,41,0.1944379680080695
5,0.5,20,SUB,42,0.20417011062327164
5,0.5,20,SUB,43,0.18944769635940353
5,0.5,20,SUB,44,0.15936703322795734
5,0.5,20,SUB,45,0.1798871520835249
5,0.5,20,SUB,46,0.17415344115492593
5,0.5,20,SUB,47,0.2799119540908338
5,0.5,20,SUB,48,0.22563725073642088
5,0.5,20,SUB,49,0.20212353403120853
5,0.5,20,VI,0,2.052086356353377
5,0.5,20,VI,1,1.9762391657040204
5,0.5,20,VI,2,1.9529359091441094
5,0.5,20,VI,3,1.870237071561093
5,0.5,20,VI,4,1.7451063834139517
5,0.5,20,VI,5,1.9202240406524227
5,0.5,20,VI,6,2.3746715081467413
5,0.5,20,VI,7,2.3618561952646013
5,0.5,20,VI,8,2.09377758932733
5,0.5,20,VI,9,2.2998820688885693
5,0.5,20,VI,10,1.6878395889697555
5,0.5,20,VI,11,2.197464174854419
5,0.5,20,VI,12,2.167568378590401
5,0.5,20,VI,13,2.3171736204397586
5,0.5,20,VI,14,2.361954531152733
5,0.5,20,VI,15,2.045543575678518
5,0.5,20,VI,16,1.9266518146774398
5,0.5,20,VI,17,1.7870225242898121
5,0.5,20,VI,18,1.9261203758352623
5,0.5,20,VI,19,1.7866537613541689
5,0.5,20,VI,20,1.9311501280459284
5,0.5,20,VI,21,1.671561574765743
5,0.5,20,VI,22,1.8265036327858988
5,0.5,20,VI,23,1.8211895186305427
5,0.5,20,VI,24,1.8596483421219188
5,0.5,20,VI,25,1.851004534618678
5,0.5,20,VI,26,2.1482441313226177
5,0.5,20,VI,27,1.9701934582641494
5,0.5,20,VI,28,2.0808140810307125
5,0.5,20,VI,29,1.787827105035534
5,0.5,20,VI,30,1.9353963113204427
5,0.5,20,VI,31,2.0736857724761104
5,0.5,20,VI,32,2.306425036127755
5,0.5,20,VI,33,1.913937405067309
5,0.5,20,VI,34,1.4501263404493094
5,0.5,20,VI,35,2.081265143532269
5,0.5,20,VI,36,1.6742875509286832
5,0.5,20,VI,37,2.004508452041687
5,0.5,20,VI,38,1.956784195211863
5,0.5,20,VI,39,1.9012953985823102
5,0.5,20,VI,40,1.8301340151470347
5,0.5,20,VI,41,1.5167761848913457
5,0.5,20,VI,42,1.9364548397742
5,0.5,20,VI,43,2.029371942224675
5,0.5,20,VI,44,2.0253814619644492
5,0.5,20,VI,45,1.8916304978011245
5,0.5,20,VI,46,1.5134322539954008
5,0.5,20,VI,47,1.8088415221017664
5,0.5,20,VI,48,1.6907626245365224
5,0.5,20,VI,49,1.8763322503270954
5,0.5,30,SUB,0,0.2112243701005066
5,0.5,30,SUB,1,0.23971562991249573
5,0.5,30,SUB,2,0.15740344988951227
5,0.5,30,SUB,3,0.2145951068179553
5,0.5,30,SUB,4,0.21023010774222128
5,0.5,30,SUB,5,0.17581590530976884
5,0.5,30,SUB,6,0.17461885380107914
5,0.5,30,SUB,7,0.1867128800636312
5,0.5,30,SUB,8,0.16988352336314033
5,0.5,30,SUB,9,0.20758224669365352
5,0.5,30,SUB,10,0.1997618692866765
5,0.5,30,SUB,11,0.16658101521936963
5,0.5,30,SUB,12,0.16114824400132857
5,0.5,30,SUB,13,0.19289334241076478
5,0.5,30,SUB,14,0.17950546444948745
5,0.5,30,SUB,15,0.1833271556510432
5,0.5,30,SUB,16,0.15304620873069666
5,0.5,30,SUB,17,0.16852367558978731
5,0.5,30,SUB,18,0.18736884683243765
5,0.5,30,SUB,19,0.17945219456524658
5,0.5,30,SUB,20,0.24589595930935576
5,0.5,30,SUB,21,0.19793223274497176
5,0.5,30,SUB,22,0.18636906838396078
5,0.5,30,SUB,23,0.1731115141418169
5,0.5,30,SUB,24,0.19798396033233592
5,0.5,30,SUB,25,0.21532953572577246
5,0.5,30,SUB,26,0.18296245039996722
5,0.5,30,SUB,27,0.16432440083460217
5,0.5,30,SUB,28,0.1792507787709816
5,0.5,30,SUB,29,0.18770366105183953
5,0.5,30,SUB,30,0.18887980588547376
5,0.5,30,SUB,31,0.20660464484916885
5,0.5,30,SUB,32,0.17606509522223462
5,0.5,30,SUB,33,0.17970522368103406
5,0.5,30,SUB,34,0.21530831214591054
5,0.5,30,SUB,35,0.18938568065130598
5,0.5,30,SUB,36,0.1350623371945175
5,0.5,30,SUB,37,0.1766147846961174
5,0.5,30,SUB,38,0.17922903883803326
5,0.5,30,SUB,39,0.17838329282910131
5,0.5,30,VI,0,1.1434631179276087
5,0.5,30,VI,1,1.808832639782084
5,0.5,30,VI,2,1.891620137474344
5,0.5,30,VI,3,1.9762280950175866
5,0.5,30,VI,4,1.6093406687509217
5,0.5,30,VI,5,2.0736737388910655
5,0.5,30,VI,6,1.8704326405182987
5,0.5,30,VI,7,1.9012813748103923
5,0.5,30,VI,8,1.8405009463551982
5,0.5,30,VI,9,2.3619414947204853
5,0.5,30,VI,10,1.9231384609369082
5,0.5,30,VI,11,1.8909304108769152
5,0.5,30,VI,12,1.8509949743846779
5,0.5,30,VI,13,2.167553612589004
5,0.5,30,VI,14,1.84763645378252
5,0.5,30,VI,15,1.9159776536745667
5,0.5,30,VI,16,1.9311367280207976
5,0.5,30,VI,17,1.5134240682216258
5,0.5,30,VI,18,1.8301248953269118
5,0.5,30,VI,19,1.9266410373797194
5,0.5,30,VI,20,2.1974531423230754
5,0.5,30,VI,21,1.7576799050984961
5,0.5,30,VI,22,2.052071855687478
5,0.5,30,VI,23,2.299868378516783
5,0.5,30,VI,24,2.058255528945375
5,0.5,30,VI,25,1.8596376983066154
5,0.5,30,VI,26,1.9353848832706513
5,0.5,30,VI,27,1.9364449629037066
5,0.5,30,VI,28,2.317156834475403
5,0.5,30,VI,29,1.3916055765918744
5,0.5,30,VI,30,1.9202143126392177
5,0.5,30,VI,31,1.783324999167326
5,0.5,30,VI,32,1.6878302303319148
5,0.5,30,VI,33,2.103186705278501
5,0.5,30,VI,34,2.0044989965708244
5,0.5,30,VI,35,2.3570967429305107
5,0.5,30,VI,36,1.8503175261460547
5,0.5,30,VI,37,1.8702259246421513
5,0.5,30,VI,38,1.9235816082718131
5,0.5,30,VI,39,1.8651636087813572
6,0.0,2,SUB,0,0.75807741520225
6,0.0,2,SUB,1,0.4285566466130125
6,0.0,2,SUB,2,0.29094721171582977
6,0.0,2,SUB,3,0.7425951354350172
6,0.0,2,SUB,4,0.43891306428052307
6,0.0,2,SUB,5,0.6986226297582014
6,0.0,2,SUB,6,0.11435806253539578
6,0.0,2,SUB,7,0.612491452954367
6,0.0,2,SUB,8,0.5699119878303677
6,0.0,2,SUB,9,0.2501707773829872
6,0.0,2,SUB,10,0.6076687012708595
6,0.0,2,SUB,11,0.6172866026054659
6,0.0,2,SUB,12,0.8805486169877285
6,0.0,2,SUB,13,0.4554078533532801
6,0.0,2,SUB,14,0.8261181775846423
6,0.0,2,SUB,15,0.69372693157178
6,0.0,2,SUB,16,0.3737363775243909
6,0.0,2,SUB,17,0.6018624846347066
6,0.0,2,SUB,18,0.696919482905563
6,0.0,2,SUB,19,0.7538738997472716
6,0.0,2,SUB,20,0.5907817796557686
6,0.0,2,SUB,21,0.20613978244817166
6,0.0,2,SUB,22,0.4389828321205134
6,0.0,2,SUB,23,0.722167081318278
6,0.0,2,SUB,24,0.7377830509881705
6,0.0,2,SUB,25,0.3791960099551663
6,0.0,2,SUB,26,0.6805725016439241
6,0.0,2,SUB,27,0.5825402013923613
6,0.0,2,SUB,28,0.17104628702696892
6,0.0,2,SUB,29,0.7109725834829611
6,0.0,2,SUB,30,0.6329105008199798
6,0.0,2,SUB,31,0.1866903778497075
6,0.0,2,SUB,32,0.6535344295487854
6,0.0,2,SUB,33,0.4511948179294334
6,0.0,2,SUB,34,0.3094530243908791
6,0.0,2,SUB,35,0.28232355359398775
6,0.0,2,SUB,36,0.2751987818038582
6,0.0,2,SUB,37,0.742013158356047
6,0.0,2,SUB,38,0.41282511066534444
6,0.0,2,SUB,39,0.8092642001227839
6,0.0,2,SUB,40,0.40311383188293803
6,0.0,2,SUB,41,0.4493048925149484
6,0.0,2,SUB,42,0.66192096731692
6,0.0,2,SUB,43,0.5802787523620068
6,0.0,2,SUB,44,0.17978451078889596
6,0.0,2,SUB,45,0.6075195139440068
6,0.0,2,SUB,46,0.5395013713212993
6,0.0,2,SUB,47,0.8135860960647837
6,0.0,2,SUB,48,0.7154403072563881
6,0.0,2,SUB,49,0.593631848102621
6,0.0,2,SUB,50,0.42208244093682323
6,0.0,2,SUB,51,0.9186247258291315
6,0.0,2,SUB,52,0.5633200729557595
6,0.0,2,SUB,53,0.7663054971886558
6,0.0,2,SUB,54,0.7431510983060668
6,0.0,2,SUB,55,0.7506419392564172
6,0.0,2,SUB,56,0.31386188174945767
6,0.0,2,SUB,57,0.43327394621720294
6,0.0,2,SUB,58,0.7154336959439338
6,0.0,2,SUB,59,0.8607943478851157
6,0.0,2,SUB,60,0.4990325796636348
6,0.0,2,SUB,61,0.7217574414113433
6,0.0,2,SUB,62,0.6345671490361109
6,0.0,2,SUB,63,0.4635994739470228
6,0.0,2,SUB,64,0.8835275111513361
6,0.0,2,SUB,65,0.14503861095451945
6,0.0,2,SUB,66,0.4389895654927706
6,0.0,2,SUB,67,0.536957482610729
6,0.0,2,VI,0,0.45050955885140875
6,0.0,2,VI,1,0.4195661593626762
6,0.0,2,VI,2,0.28774944110743816
6,0.0,2,VI,3,0.31985769793737273
6,0.0,2,VI,4,0.4210473451854111
6,0.0,2,VI,5,0.5325676483814783
6,0.0,2,VI,6,0.01789625941129425
6,0.0,2,VI,7,0.5296054562393725
6,0.0,2,VI,8,0.24613314553170137
6,0.0,2,VI,9,0.08507794524939076
6,0.0,2,VI,10,0.6037305551829205
6,0.0,2,VI,11,0.3313819871509032
6,0.0,2,VI,12,0.582131581589827
6,0.0,2,VI,13,0.44884312966853573
6,0.0,2,VI,14,0.5413956664990108
6,0.0,2,VI,15,0.692200774997407
6,0.0,2,VI,16,0.3699786539232507
6,0.0,2,VI,17,0.5208314803633322
6,0.0,2,VI,18,0.48382899901605475
6,0.0,2,VI,19,0.49440810029735327
6,0.0,2,VI,20,0.2092655630125521
6,0.0,2,VI,21,0.20428498638757037
6,0.0,2,VI,22,0.43112128370051095
6,0.0,2,VI,23,0.7088078189943298
6,0.0,2,VI,24,0.4995985996527968
6,0.0,2,VI,25,0.17492755058976503
6,0.0,2,VI,26,0.46439732143524964
6,0.0,2,VI,27,0.16256992748589036
6,0.0,2,VI,28,0.1584353148809761
6,0.0,2,VI,29,0.7033137330233196
6,0.0,2,VI,30,0.6208832818711496
6,0.0,2,VI,31,0.036149507414412876
6,0.0,2,VI,32,0.36722469426840143
6,0.0,2,VI,33,0.10873872213018855
6,0.0,2,VI,34,0.28392893258067814
6,0.0,2,VI,35,0.21914181714197478
6,0.0,2,VI,36,0.2326473149233589
6,0.0,2,VI,37,0.5001178663066891
6,0.0,2,VI,38,0.39994203945014295
6,0.0,2,VI,39,0.602765294291439
6,0.0,2,VI,40,0.0616688875530035
6,0.0,2,VI,41,0.3100912380612825
6,0.0,2,VI,42,0.4426332022565925
6,0.0,2,VI,43,0.5663863749089184
6,0.0,2,VI,44,0.11628072327694473
6,0.0,2,VI,45,0.14555596731901724
6,0.0,2,VI,46,0.27686372744208826
6,0.0,2,VI,47,0.6385998586846804
6,0.0,2,VI,48,0.7086222273768568
6,0.0,2,VI,49,0.0563239068343526
6,0.0,2,VI,50,0.4092573005768789
6,0.0,2,VI,51,0.6353676431934396
6,0.0,2,VI,52,0.05800202827696931
6,0.0,2,VI,53,0.43747611701364575
6,0.0,2,VI,54,0.5998000390042112
6,0.0,2,VI,55,0.32003719856523316
6,0.0,2,VI,56,0.2605613931027085
6,0.0,2,VI,57,0.41440851058812794
6,0.0,2,VI,58,0.7130511685129979
6,0.0,2,VI,59,0.559557487988631
6,0.0,2,VI,60,0.4938117616068862
6,0.0,2,VI,61,0.3775699872327074
6,0.0,2,VI,62,0.4030521902175496
6,0.0,2,VI,63,0.12640308835659575
6,0.0,2,VI,64,0.5640632569842899
6,0.0,2,VI,65,0.08288073368054105
6,0.0,2,VI,66,0.42054064860854734
6,0.0,2,VI,67,0.43460988922046917
6,0.0,5,SUB,0,0.09483290802800214
6,0.0,5,SUB,1,0.07762915547514267
6,0.0,5,SUB,2,0.09098215652862071
6,0.0,5,SUB,3,0.03240094097938152
6,0.0,5,SUB,4,0.043889542500770214
6,0.0,5,SUB,5,0.03992778123214749
6,0.0,5,SUB,6,0.10819404199104939
6,0.0,5,SUB,7,0.06415234417458432
6,0.0,5,SUB,8,0.07410258668940939
6,0.0,5,SUB,9,0.07317611526692827
6,0.0,5,SUB,10,0.0922420018105776
6,0.0,5,SUB,11,0.04696250080951946
6,0.0,5,SUB,12,0.07259152642683057
6,0.0,5,SUB,13,0.12032045102201168
6,0.0,5,SUB,14,0.09557724034996144
6,0.0,5,SUB,15,0.10131395582254486
6,0.0,5,SUB,16,0.07137893110649798
6,0.0,5,SUB,17,0.038347678217032465
6,0.0,5,SUB,18,0.10665334303548014
6,0.0,5,SUB,19,0.10758144414111923
6,0.0,5,SUB,20,0.08165481430215936
6,0.0,5,SUB,21,0.11565602782717767
6,0.0,5,SUB,22,0.09585063485717696
6,0.0,5,SUB,23,0.06391684089745742
6,0.0,5,SUB,24,0.06159216704470442
6,0.0,5,SUB,25,0.10474391898831685
6,0.0,5,SUB,26,0.08203304801904014
6,0.0,5,SUB,27,0.04719882375043185
6,0.0,5,SUB,28,0.0912914631637503
6,0.0,5,SUB,29,0.10226391277485392
6,0.0,5,SUB,30,0.10206627077062966
6,0.0,5,SUB,31,0.05226139884097141
6,0.0,5,SUB,32,0.04788731274204289
6,0.0,5,SUB,33,0.10219689292019093
6,0.0,5,SUB,34,0.08650297491518996
6,0.0,5,SUB,35,0.115851980326789
6,0.0,5,SUB,36,0.07674473776915047
6,0.0,5,SUB,37,0.05883113706885978
6,0.0,5,SUB,38,0.09344295011699136
6,0.0,5,SUB,39,0.08088129409413895
6,0.0,5,SUB,40,0.08908392512931566
6,0.0,5,SUB,41,0.05871366746037232
6,0.0,5,SUB,42,0.08801085632058595
6,0.0,5,SUB,43,0.1093343494865458
6,0.0,5,SUB,44,0.08590343343903062
6,0.0,5,SUB,45,0.07221121863573843
6,0.0,5,SUB,46,0.06590105732722451
6,0.0,5,SUB,47,0.0857756801346569
6,0.0,5,SUB,48,0.031486619480697864
6,0.0,5,SUB,49,0.07360018138512567
6,0.0,5,SUB,50,0.07265751859094469
6,0.0,5,SUB,51,0.03382562873788417
6,0.0,5,SUB,52,0.06658248210071184
6,0.0,5,SUB,53,0.08616602079735595
6,0.0,5,SUB,54,0.07836678310039345
6,0.0,5,SUB,55,0.07532011166882131
6,0.0,5,SUB,56,0.10989811010537283
6,0.0,5,SUB,57,0.05273470963796533
6,0.0,5,SUB,58,0.06135339474676068
6,0.0,5,SUB,59,0.08969065413939975
6,0.0,5,SUB,60,0.10132940670700481
6,0.0,5,SUB,61,0.09147919257661735
6,0.0,5,SUB,62,0.0682537638935066
6,0.0,5,SUB,63,0.10627102419480766
6,0.0,5,SUB,64,0.030497427117552434
6,0.0,5,VI,0,0.019119340576820028
6,0.0,5,VI,1,0.01707651888529112
6,0.0,5,VI,2,0.02921344909153334
6,0.0,5,VI,3,0.00179748306896663
6,0.0,5,VI,4,0.001488822442871538
6,0.0,5,VI,5,0.0030454881483649803
6,0.0,5,VI,6,0.0033656054608750354
6,0.0,5,VI,7,0.0008377717087496606
6,0.0,5,VI,8,0.020018823973892794
6,0.0,5,VI,9,0.03284393124080138
6,0.0,5,VI,10,0.025175332172238028
6,0.0,5,VI,11,0.001110419342843381
6,0.0,5,VI,12,0.018603414967053686
6,0.0,5,VI,13,0.027027984570750525
6,0.0,5,VI,14,0.0169366290693695
6,0.0,5,VI,15,0.0015478038286641294
6,0.0,5,VI,16,0.0038830794621184067
6,0.0,5,VI,17,0.00033407176737422603
6,0.0,5,VI,18,0.023462892241687707
6,0.0,5,VI,19,0.0019234479769685451
6,0.0,5,VI,20,0.029271388328384024
6,0.0,5,VI,21,0.031409408759479056
6,0.0,5,VI,22,0.026431201188384195
6,0.0,5,VI,23,0.00017533657583462136
6,0.0,5,VI,24,0.0053112874606111435
6,0.0,5,VI,25,0.023528808186961025
6,0.0,5,VI,26,0.017579737575193044
6,0.0,5,VI,27,0.0004359323161203663
6,0.0,5,VI,28,0.0015744182702414626
6,0.0,5,VI,29,0.016629964918835727
6,0.0,5,VI,30,0.0023255809005415513
6,0.0,5,VI,31,0.02108069149369092
6,0.0,5,VI,32,0.01640901777221243
6,0.0,5,VI,33,0.022534371892368458
6,0.0,5,VI,34,0.019605639155949126
6,0.0,5,VI,35,0.017473433239368872
6,0.0,5,VI,36,0.0013483368180044115
6,0.0,5,VI,37,0.0026305437626396354
6,0.0,5,VI,38,0.027211348663500973
6,0.0,5,VI,39,0.01891082243306469
6,0.0,5,VI,40,0.02864009959154069
6,0.0,5,VI,41,0.033858001060546254
6,0.0,5,VI,42,0.0014322014337525611
6,0.0,5,VI,43,0.0062855706111980825
6,0.0,5,VI,44,0.0042344254107132655
6,0.0,5,VI,45,0.016719187171190784
6,0.0,5,VI,46,0.023210703953763692
6,0.0,5,VI,47,0.026733943635618502
6,0.0,5,VI,48,0.0024769246133498997
6,0.0,5,VI,49,0.01679780843797561
6,0.0,5,VI,50,0.02167895254580435
6,0.0,5,VI,51,0.00987291847229401
6,0.0,5,VI,52,0.017237825903121878
6,0.0,5,VI,53,0.019540784053584212
6,0.0,5,VI,54,0.017701628160499645
6,0.0,5,VI,55,0.01710195752982543
6,0.0,5,VI,56,0.01620388508570913
6,0.0,5,VI,57,0.00016728002182561316
6,0.0,5,VI,58,0.00047780644885488306
6,0.0,5,VI,59,0.02780764066044739
6,0.0,5,VI,60,0.009608013782061718
6,0.0,5,VI,61,0.02104080590576691
6,0.0,5,VI,62,0.01645426443665884
6,0.0,5,VI,63,0.02727694345470624
6,0.0,5,VI,64,9.769932869510067e-05
6,0.0,10,SUB,0,0.019635602512173906
6,0.0,10,SUB,1,0.011863028839405638
6,0.0,10,SUB,2,0.01541094187445026
6,0.0,10,SUB,3,0.013224880469728292
6,0.0,10,SUB,4,0.0035686426418558574
6,0.0,10,SUB,5,0.0070654082417363154
6,0.0,10,SUB,6,0.011875020985686957
6,0.0,10,SUB,7,0.02747692522031907
6,0.0,10,SUB,8,0.02600219217208256
6,0.0,10,SUB,9,0.025713984838108807
6,0.0,10,SUB,10,0.0078062345244709515
6,0.0,10,SUB,11,0.009690581768218883
6,0.0,10,SUB,12,0.016805154985153857
6,0.0,10,SUB,13,0.0078085446978665395
6,0.0,10,SUB,14,0.005860095253880721
6,0.0,10,SUB,15,0.004160521060296154
6,0.0,10,SUB,16,0.00901734469458938
6,0.0,10,SUB,17,0.010086569687185435
6,0.0,10,SUB,18,0.018815400073234637
6,0.0,10,SUB,19,0.00729065700765279
6,0.0,10,SUB,20,0.025741767674725857
6,0.0,10,SUB,21,0.006056995954140025
6,0.0,10,SUB,22,0.014980668080896478
6,0.0,10,SUB,23,0.026700899242304912
6,0.0,10,SUB,24,0.01580809835606661
6,0.0,10,SUB,25,0.012991785835995754
6,0.0,10,SUB,26,0.007767977092891555
6,0.0,10,SUB,27,0.024503039615320937
6,0.0,10,SUB,28,0.019049392061935767
6,0.0,10,SUB,29,0.00918567376065901
6,0.0,10,SUB,30,0.012012992713588229
6,0.0,10,SUB,31,0.015134243775903503
6,0.0,10,SUB,32,0.023019547117419076
6,0.0,10,SUB,33,0.01271557130776678
6,0.0,10,SUB,34,0.009906974147163194
6,0.0,10,SUB,35,0.017175281985669998
6,0.0,10,SUB,36,0.0035076629955850124
6,0.0,10,SUB,37,0.008459002430350955
6,0.0,10,SUB,38,0.008475898818821574
6,0.0,10,SUB,39,0.017360695241112237
6,0.0,10,SUB,40,0.007832178746332626
6,0.0,10,SUB,41,0.0064704376751092306
6,0.0,10,SUB,42,0.004715857762493167
6,0.0,10,SUB,43,0.012708337238126949
6,0.0,10,SUB,44,0.010163436362639241
6,0.0,10,SUB,45,0.025036489742185385
6,0.0,10,SUB,46,0.02466949979535763
6,0.0,10,SUB,47,0.008941876662144972
6,0.0,10,SUB,48,0.005948229299462015
6,0.0,10,SUB,49,0.014412810144676724
6,0.0,10,SUB,50,0.008286764122357517
6,0.0,10,SUB,51,0.011069440018031604
6,0.0,10,SUB,52,0.00860725489519972
6,0.0,10,SUB,53,0.01981274616570151
6,0.0,10,SUB,54,0.0043196460389419026
6,0.0,10,SUB,55,0.017775767916847998
6,0.0,10,SUB,56,0.011684071203307722
6,0.0,10,SUB,57,0.008773074145359994
6,0.0,10,SUB,58,0.008523752310847692
6,0.0,10,SUB,59,0.01482188921142949
6,0.0,10,VI,0,3.319630008236604e-05
6,0.0,10,VI,1,6.606830455510251e-05
6,0.0,10,VI,2,0.000187581275158633
6,0.0,10,VI,3,1.991781134954039e-06
6,0.0,10,VI,4,2.0434859336588715e-06
6,0.0,10,VI,5,3.310003550919816e-07
6,0.0,10,VI,6,1.1462818764158073e-06
6,0.0,10,VI,7,4.855156231551612e-07
6,0.0,10,VI,8,2.4503898748321724e-06
6,0.0,10,VI,9,0.0002250737777452017
6,0.0,10,VI,10,1.202431129007689e-06
6,0.0,10,VI,11,2.2179078291166787e-06
6,0.0,10,VI,12,5.437160227757214e-07
6,0.0,10,VI,13,0.00014448641370246607
6,0.0,10,VI,14,0.0005454789362673238
6,0.0,10,VI,15,5.3054858369448874e-05
6,0.0,10,VI,16,3.640477928605176e-05
6,0.0,10,VI,17,6.382846968622023e-05
6,0.0,10,VI,18,1.9846528195464124e-06
6,0.0,10,VI,19,5.5404380102962404e-05
6,0.0,10,VI,20,1.3371864844263032e-06
6,0.0,10,VI,21,8.22323119462614e-06
6,0.0,10,VI,22,1.527088893966023e-05
6,0.0,10,VI,23,2.2277630163469827e-07
6,0.0,10,VI,24,9.864449303925372e-05
6,0.0,10,VI,25,1.6397094474926922e-06
6,0.0,10,VI,26,8.663742428805699e-08
6,0.0,10,VI,27,7.258130959401408e-05
6,0.0,10,VI,28,0.0003376183277310526
6,0.0,10,VI,29,4.60243191633502e-05
6,0.0,10,VI,30,2.050707118915972e-06
6,0.0,10,VI,31,0.00043728349739306793
6,0.0,10,VI,32,5.699990223749896e-07
6,0.0,10,VI,33,2.306196679322498e-05
6,0.0,10,VI,34,0.0002565507444651544
6,0.0,10,VI,35,1.002363439496916e-05
6,0.0,10,VI,36,2.2867636452757414e-06
6,0.0,10,VI,37,0.00016395035226247432
6,0.0,10,VI,38,0.000575335857294469
6,0.0,10,VI,39,0.0007780078820275856
6,0.0,10,VI,40,2.375385410958277e-06
6,0.0,10,VI,41,3.2292134274948646e-06
6,0.0,10,VI,42,0.0001019378290142441
6,0.0,10,VI,43,1.27742516158722e-07
6,0.0,10,VI,44,0.00010945590013937691
6,0.0,10,VI,45,1.9169675337366806e-07
6,0.0,10,VI,46,3.982257649754419e-06
6,0.0,10,VI,47,3.7300590540590284e-05
6,0.0,10,VI,48,2.4900389316816688e-05
6,0.0,10,VI,49,0.00011815130780852437
6,0.0,10,VI,50,6.91911654959673e-05
6,0.0,10,VI,51,1.7922893985813158e-06
6,0.0,10,VI,52,6.9905216537325335e-06
6,0.0,10,VI,53,4.5036595659777966e-06
6,0.0,10,VI,54,9.325183153129445e-07
6,0.0,10,VI,55,8.866540600374483e-05
6,0.0,10,VI,56,1.1364697320657444e-05
6,0.0,10,VI,57,7.278228697014218e-05
6,0.0,10,VI,58,0.00010972779944655122
6,0.0,10,VI,59,1.344990517148541e-06
6,0.0,20,SUB,0,0.011492712092127252
6,0.0,20,SUB,1,0.0055063311717971405
6,0.0,20,SUB,2,0.005170167820882598
6,0.0,20,SUB,3,0.013272963563506454
6,0.0,20,SUB,4,0.023397806330913564
6,0.0,20,SUB,5,0.017356681006161265
6,0.0,20,SUB,6,0.00857923811667951
6,0.0,20,SUB,7,0.012553189744422958
6,0.0,20,SUB,8,0.016739461963662428
6,0.0,20,SUB,9,0.014207133590680463
6,0.0,20,SUB,10,0.007068600966670039
6,0.0,20,SUB,11,0.009470422305678655
6,0.0,20,SUB,12,0.009341410892323359
6,0.0,20,SUB,13,0.0036550932211565357
6,0.0,20,SUB,14,0.009378652141010614
6,0.0,20,SUB,15,0.008985447429396477
6,0.0,20,SUB,16,0.011329267524655429
6,0.0,20,SUB,17,0.014567642353393915
6,0.0,20,SUB,18,0.010868886445088493
6,0.0,20,SUB,19,0.021763354153722863
6,0.0,20,SUB,20,0.015242670795471275
6,0.0,20,SUB,21,0.013239743796894356
6,0.0,20,SUB,22,0.014120582288814885
6,0.0,20,SUB,23,0.014409093648996903
6,0.0,20,SUB,24,0.013991576995752963
6,0.0,20,SUB,25,0.00845109463142636
6,0.0,20,SUB,26,0.008943985002852652
6,0.0,20,SUB,27,0.02031738125538042
6,0.0,20,SUB,28,0.011409580469088453
6,0.0,20,SUB,29,0.008476242258833394
6,0.0,20,SUB,30,0.011329651885294592
6,0.0,20,SUB,31,0.01290834404185859
6,0.0,20,SUB,32,0.020998261903055117
6,0.0,20,SUB,33,0.016522835591505396
6,0.0,20,SUB,34,0.010660884241784586
6,0.0,20,SUB,35,0.021801698753596516
6,0.0,20,SUB,36,0.017578119709185585
6,0.0,20,SUB,37,0.01513324085936078
6,0.0,20,SUB,38,0.009025584451144656
6,0.0,20,SUB,39,0.015588847776416179
6,0.0,20,SUB,40,0.013260588179577447
6,0.0,20,SUB,41,0.008404502974717825
6,0.0,20,SUB,42,0.01680492224228085
6,0.0,20,SUB,43,0.011660867438100114
6,0.0,20,SUB,44,0.009112683448134694
6,0.0,20,SUB,45,0.014913912566797347
6,0.0,20,SUB,46,0.01661386127060043
6,0.0,20,SUB,47,0.013931115533720461
6,0.0,20,SUB,48,0.019068066652957804
6,0.0,20,SUB,49,0.00749851309309526
6,0.0,20,VI,0,0.00020206665758962144
6,0.0,20,VI,1,1.3050619187552208e-07
6,0.0,20,VI,2,0.00012058887744859729
6,0.0,20,VI,3,9.091228258267194e-05
6,0.0,20,VI,4,0.0026434360107687647
6,0.0,20,VI,5,0.0005469894258646718
6,0.0,20,VI,6,1.4659473540234633e-07
6,0.0,20,VI,7,1.2257199932748072e-07
6,0.0,20,VI,8,0.0030160862664715556
6,0.0,20,VI,9,0.0012128630403336208
6,0.0,20,VI,10,1.0182225769896427e-07
6,0.0,20,VI,11,0.001802628343067431
6,0.0,20,VI,12,1.297432342037129e-07
6,0.0,20,VI,13,1.1280569010636714e-07
6,0.0,20,VI,14,0.0004005654301117929
6,0.0,20,VI,15,0.0007822539320519594
6,0.0,20,VI,16,0.00366351530726555
6,0.0,20,VI,17,0.0009723809575972513
6,0.0,20,VI,18,0.0007686434355896328
6,0.0,20,VI,19,0.0019143922712558288
6,0.0,20,VI,20,6.591451621005793e-05
6,0.0,20,VI,21,0.001688418229261484
6,0.0,20,VI,22,0.0014935625252549994
6,0.0,20,VI,23,0.0006113854953372257
6,0.0,20,VI,24,1.2791319918191014e-07
6,0.0,20,VI,25,0.0018521433140484612
6,0.0,20,VI,26,0.00011817583506887741
6,0.0,20,VI,27,0.00015136297054926118
6,0.0,20,VI,28,2.295818281652831e-05
6,0.0,20,VI,29,0.0013082086811663487
6,0.0,20,VI,30,0.00044772273592304717
6,0.0,20,VI,31,0.0014427576086454797
6,0.0,20,VI,32,1.538858640087361e-07
6,0.0,20,VI,33,2.2642674584850532e-05
6,0.0,20,VI,34,0.004464538508261782
6,0.0,20,VI,35,0.0015540614663092159
6,0.0,20,VI,36,9.130779618973399e-05
6,0.0,20,VI,37,0.00041766346622444927
6,0.0,20,VI,38,0.001830141854666354
6,0.0,20,VI,39,0.003672987312225079
6,0.0,20,VI,40,0.0013358393663268422
6,0.0,20,VI,41,0.0009400480626514818
6,0.0,20,VI,42,0.00011395147295075208
6,0.0,20,VI,43,0.0005213377824946471
6,0.0,20,VI,44,0.0008575723008114178
6,0.0,20,VI,45,0.0008733375461890358
6,0.0,20,VI,46,0.0008777215910224836
6,0.0,20,VI,47,0.0022714060550198026
6,0.0,20,VI,48,1.1779384592212216e-07
6,0.0,20,VI,49,1.1110467490190674e-07
6,0.0,30,SUB,0,0.012407563835139853
6,0.0,30,SUB,1,0.014658398018407057
6,0.0,30,SUB,2,0.011923290906013953
6,0.0,30,SUB,3,0.012970077169554206
6,0.0,30,SUB,4,0.01721006582235838
6,0.0,30,SUB,5,0.010896127948707755
6,0.0,30,SUB,6,0.015528934659970135
6,0.0,30,SUB,7,0.01618124875154466
6,0.0,30,SUB,8,0.004353859127604403
6,0.0,30,SUB,9,0.014726954648186857
6,0.0,30,SUB,10,0.012236152049276377
6,0.0,30,SUB,11,0.014115231638064982
6,0.0,30,SUB,12,0.007904523520180649
6,0.0,30,SUB,13,0.00996905926677553
6,0.0,30,SUB,14,0.015475522217288176
6,0.0,30,SUB,15,0.010550830999017097
6,0.0,30,SUB,16,0.008173189149692842
6,0.0,30,SUB,17,0.014486411048867777
6,0.0,30,SUB,18,0.01863459528518081
6,0.0,30,SUB,19,0.015153986491719213
6,0.0,30,SUB,20,0.011860639719977369
6,0.0,30,SUB,21,0.018612343451365716
6,0.0,30,SUB,22,0.014769349014816371
6,0.0,30,SUB,23,0.015084178340965199
6,0.0,30,SUB,24,0.019081591997717296
6,0.0,30,SUB,25,0.014184825465711858
6,0.0,30,SUB,26,0.006720373553324211
6,0.0,30,SUB,27,0.009170175228499236
6,0.0,30,SUB,28,0.009228171219789352
6,0.0,30,SUB,29,0.014130255356026957
6,0.0,30,SUB,30,0.01861290642304156
6,0.0,30,SUB,31,0.0053383724689268774
6,0.0,30,SUB,32,0.012050370952401315
6,0.0,30,SUB,33,0.01440577429867887
6,0.0,30,SUB,34,0.008675868381419122
6,0.0,30,SUB,35,0.01369759004782185
6,0.0,30,SUB,36,0.013875216502080267
6,0.0,30,SUB,37,0.012932810999639404
6,0.0,30,SUB,38,0.010710036760381493
6,0.0,30,SUB,39,0.01860885872202471
6,0.0,30,VI,0,0.0005335277687377952
6,0.0,30,VI,1,0.00032121353578419245
6,0.0,30,VI,2,0.001024156267481248
6,0.0,30,VI,3,0.0015730254562398866
6,0.0,30,VI,4,4.1157818470118136e-05
6,0.0,30,VI,5,0.00013985755628624617
6,0.0,30,VI,6,4.096595340581645e-07
6,0.0,30,VI,7,0.0008518109059329942
6,0.0,30,VI,8,5.489542136168792e-07
6,0.0,30,VI,9,0.00041545807803733436
6,0.0,30,VI,10,0.0009367244791254055
6,0.0,30,VI,11,4.2086820141040887e-07
6,0.0,30,VI,12,9.038590436572525e-05
6,0.0,30,VI,13,0.000170669264689176
6,0.0,30,VI,14,9.037485653149173e-05
6,0.0,30,VI,15,6.940344184085319e-07
6,0.0,30,VI,16,3.3048207604410076e-05
6,0.0,30,VI,17,0.0012295097531031377
6,0.0,30,VI,18,0.0002490471313722777
6,0.0,30,VI,19,0.0014353633498658668
6,0.0,30,VI,20,5.471533436094985e-07
6,0.0,30,VI,21,4.7332342302662143e-07
6,0.0,30,VI,22,0.0006894665956340192
6,0.0,30,VI,23,0.0004566346296474983
6,0.0,30,VI,24,6.214383502324503e-07
6,0.0,30,VI,25,0.0013608794733946947
6,0.0,30,VI,26,8.340066691933908e-05
6,0.0,30,VI,27,6.427656051595778e-05
6,0.0,30,VI,28,5.775294256893528e-07
6,0.0,30,VI,29,4.2518177133918774e-07
6,0.0,30,VI,30,9.351105986466549e-05
6,0.0,30,VI,31,4.4125357403743976e-07
6,0.0,30,VI,32,2.8579487641784724e-06
6,0.0,30,VI,33,0.00036290290922526546
6,0.0,30,VI,34,4.3568138996822166e-07
6,0.0,30,VI,35,0.0009762196929015438
6,0.0,30,VI,36,0.0003395171424238984
6,0.0,30,VI,37,0.00018649264316351842
6,0.0,30,VI,38,7.74976361371231e-05
6,0.0,30,VI,39,8.115134485711697e-07
6,0.5,2,SUB,0,0.3062861582136743
6,0.5,2,SUB,1,0.5556879415451811
6,0.5,2,SUB,2,0.5592409592172305
6,0.5,2,SUB,3,0.40023583955994085
6,0.5,2,SUB,4,0.4351718292785252
6,0.5,2,SUB,5,0.541897648318911
6,0.5,2,SUB,6,0.4648811842739662
6,0.5,2,SUB,7,0.4495308091534044
6,0.5,2,SUB,8,0.5885005550006149
6,0.5,2,SUB,9,0.5181782082785671
6,0.5,2,SUB,10,0.5734861067801703
6,0.5,2,SUB,11,0.467056232143127
6,0.5,2,SUB,12,0.44450220263124307
6,0.5,2,SUB,13,0.49868383861031346
6,0.5,2,SUB,14,0.49803823988970175
6,0.5,2,SUB,15,0.49019704573338346
6,0.5,2,SUB,16,0.4695515459297678
6,0.5,2,SUB,17,0.36125333497337425
6,0.5,2,SUB,18,0.3439208469786836
6,0.5,2,SUB,19,0.4349770545172295
6,0.5,2,SUB,20,0.4994377774296517
6,0.5,2,SUB,21,0.45933143713646035
6,0.5,2,SUB,22,0.4561615235951592
6,0.5,2,SUB,23,0.38924686292688776
6,0.5,2,SUB,24,0.3991124561821781
6,0.5,2,SUB,25,0.37853598468785704
6,0.5,2,SUB,26,0.5103121491050722
6,0.5,2,SUB,27,0.4695898730947473
6,0.5,2,SUB,28,0.36916260022967173
6,0.5,2,SUB,29,0.5798898238906164
6,0.5,2,SUB,30,0.5427647089287415
6,0.5,2,SUB,31,0.3974747939705807
6,0.5,2,SUB,32,0.5837044109817209
6,0.5,2,SUB,33,0.44994387083813714
6,0.5,2,SUB,34,0.6427180254593767
6,0.5,2,SUB,35,0.4560465328801848
6,0.5,2,SUB,36,0.39979430464749316
6,0.5,2,SUB,37,0.629691953476056
6,0.5,2,SUB,38,0.4937502895242227
6,0.5,2,SUB,39,0.45754781465146815
6,0.5,2,SUB,40,0.5108429243281785
6,0.5,2,SUB,41,0.32158575591718397
6,0.5,2,SUB,42,0.33552786659664263
6,0.5,2,SUB,43,0.523725257009037
6,0.5,2,SUB,44,0.5277751323654858
6,0.5,2,SUB,45,0.5645319517016235
6,0.5,2,SUB,46,0.4586142875987515
6,0.5,2,SUB,47,0.5191625776650584
6,0.5,2,SUB,48,0.46026723352976096
6,0.5,2,SUB,49,0.5659206209483777
6,0.5,2,SUB,50,0.3574272766215969
6,0.5,2,SUB,51,0.5510727681209505
6,0.5,2,SUB,52,0.5959750721126421
6,0.5,2,SUB,53,0.449556038726469
6,0.5,2,SUB,54,0.4350724799124613
6,0.5,2,SUB,55,0.5951885068299679
6,0.5,2,SUB,56,0.40479776034055687
6,0.5,2,SUB,57,0.578417007420395
6,0.5,2,SUB,58,0.609897772585539
6,0.5,2,SUB,59,0.4722535842812969
6,0.5,2,SUB,60,0.4713389358589174
6,0.5,2,SUB,61,0.5158430336124603
6,0.5,2,SUB,62,0.3406940366241831
6,0.5,2,SUB,63,0.5941089807426364
6,0.5,2,SUB,64,0.4356861732182456
6,0.5,2,SUB,65,0.5377067096901227
6,0.5,2,SUB,66,0.5933294850401173
6,0.5,2,SUB,67,0.46940073658743786
6,0.5,2,VI,0,0.3779998868045182
6,0.5,2,VI,1,0.6321739947839097
6,0.5,2,VI,2,0.6447798626740835
6,0.5,2,VI,3,0.5023538710012333
6,0.5,2,VI,4,0.5497710154752884
6,0.5,2,VI,5,0.6833264857373375
6,0.5,2,VI,6,0.49492457334703216
6,0.5,2,VI,7,0.505855402154298
6,0.5,2,VI,8,0.7914941737062302
6,0.5,2,VI,9,0.47013366237352044
6,0.5,2,VI,10,0.7191184592311215
6,0.5,2,VI,11,0.5944330062285277
6,0.5,2,VI,12,0.4902393260477985
6,0.5,2,VI,13,0.5371572064042355
6,0.5,2,VI,14,0.501929958183693
6,0.5,2,VI,15,0.5586687421218263
6,0.5,2,VI,16,0.661687564704
6,0.5,2,VI,17,0.4252947570445923
6,0.5,2,VI,18,0.35098567902337086
6,0.5,2,VI,19,0.5144686679948637
6,0.5,2,VI,20,0.7347297330784608
6,0.5,2,VI,21,0.5566336296964944
6,0.5,2,VI,22,0.5742360653556425
6,0.5,2,VI,23,0.45740385994478605
6,0.5,2,VI,24,0.48552954279387817
6,0.5,2,VI,25,0.48070764652747505
6,0.5,2,VI,26,0.7018369948017533
6,0.5,2,VI,27,0.6324709866340007
6,0.5,2,VI,28,0.42701835115518477
6,0.5,2,VI,29,0.6910361969760481
6,0.5,2,VI,30,0.7231883274480202
6,0.5,2,VI,31,0.41348436854990334
6,0.5,2,VI,32,0.8095482564683353
6,0.5,2,VI,33,0.60790189946648
6,0.5,2,VI,34,0.8057959463732978
6,0.5,2,VI,35,0.6627698800338797
6,0.5,2,VI,36,0.4860997448884133
6,0.5,2,VI,37,0.8176438719085912
6,0.5,2,VI,38,0.5522231266284795
6,0.5,2,VI,39,0.5178750258531861
6,0.5,2,VI,40,0.565549180128305
6,0.5,2,VI,41,0.39438077388574483
6,0.5,2,VI,42,0.3721826964312907
6,0.5,2,VI,43,0.6763659818663862
6,0.5,2,VI,44,0.7192970568792775
6,0.5,2,VI,45,0.7559332958357884
6,0.5,2,VI,46,0.5318505986158986
6,0.5,2,VI,47,0.6462631721988685
6,0.5,2,VI,48,0.42165918472839214
6,0.5,2,VI,49,0.7877039249852948
6,0.5,2,VI,50,0.4393223860878082
6,0.5,2,VI,51,0.7383799200918179
6,0.5,2,VI,52,0.7746304924859216
6,0.5,2,VI,53,0.47418375167132587
6,0.5,2,VI,54,0.48565767092549883
6,0.5,2,VI,55,0.6840984028377474
6,0.5,2,VI,56,0.5174659683790727
6,0.5,2,VI,57,0.8048933834911675
6,0.5,2,VI,58,0.7771399553840043
6,0.5,2,VI,59,0.47931364261250015
6,0.5,2,VI,60,0.5391120086838197
6,0.5,2,VI,61,0.6658471255911559
6,0.5,2,VI,62,0.41024595225458427
6,0.5,2,VI,63,0.7916664323150104
6,0.5,2,VI,64,0.4380303251181093
6,0.5,2,VI,65,0.726890120405697
6,0.5,2,VI,66,0.7515594643688034
6,0.5,2,VI,67,0.6521738027266127
6,0.5,5,SUB,0,0.35131768542483693
6,0.5,5,SUB,1,0.31350102505337474
6,0.5,5,SUB,2,0.3807119084878504
6,0.5,5,SUB,3,0.36651200900629677
6,0.5,5,SUB,4,0.36725466263923046
6,0.5,5,SUB,5,0.30067739415864764
6,0.5,5,SUB,6,0.33242416087468507
6,0.5,5,SUB,7,0.3132372192157567
6,0.5,5,SUB,8,0.2746993410958535
6,0.5,5,SUB,9,0.1535484187798314
6,0.5,5,SUB,10,0.3002396614117336
6,0.5,5,SUB,11,0.2780972468129725
6,0.5,5,SUB,12,0.3445702877862155
6,0.5,5,SUB,13,0.3244086492771912
6,0.5,5,SUB,14,0.3742507565010681
6,0.5,5,SUB,15,0.26912881120416554
6,0.5,5,SUB,16,0.35086285573207154
6,0.5,5,SUB,17,0.34946932246128676
6,0.5,5,SUB,18,0.3062321835552693
6,0.5,5,SUB,19,0.3239320878090687
6,0.5,5,SUB,20,0.22358181438521046
6,0.5,5,SUB,21,0.38401372043147564
6,0.5,5,SUB,22,0.32011261078743053
6,0.5,5,SUB,23,0.35832914229285817
6,0.5,5,SUB,24,0.3160659332684868
6,0.5,5,SUB,25,0.27079100443362386
6,0.5,5,SUB,26,0.1681442103180516
6,0.5,5,SUB,27,0.27808402867966253
6,0.5,5,SUB,28,0.341097618649321
6,0.5,5,SUB,29,0.2825147990185771
6,0.5,5,SUB,30,0.22414125611315014
6,0.5,5,SUB,31,0.3237238856831049
6,0.5,5,SUB,32,0.31578057463632786
6,0.5,5,SUB,33,0.2907653044366671
6,0.5,5,SUB,34,0.34444242619659415
6,0.5,5,SUB,35,0.26567500574829783
6,0.5,5,SUB,36,0.3318048129726218
6,0.5,5,SUB,37,0.3539367074322071
6,0.5,5,SUB,38,0.315265326122265
6,0.5,5,SUB,39,0.30194602733347675
6,0.5,5,SUB,40,0.3233429770120195
6,0.5,5,SUB,41,0.3395261195075845
6,0.5,5,SUB,42,0.38485450332400784
6,0.5,5,SUB,43,0.2602420002822255
6,0.5,5,SUB,44,0.24289924490983789
6,0.5,5,SUB,45,0.41364910344634526
6,0.5,5,SUB,46,0.3035019712233616
6,0.5,5,SUB,47,0.21329207444527148
6,0.5,5,SUB,48,0.21737538176054355
6,0.5,5,SUB,49,0.28199950177321825
6,0.5,5,SUB,50,0.19502765859475962
6,0.5,5,SUB,51,0.23910940484795626
6,0.5,5,SUB,52,0.3243919395127792
6,0.5,5,SUB,53,0.3629042810124104
6,0.5,5,SUB,54,0.21156197324828038
6,0.5,5,SUB,55,0.2874859678676973
6,0.5,5,SUB,56,0.28918282064984546
6,0.5,5,SUB,57,0.26388911026802814
6,0.5,5,SUB,58,0.23534745054052042
6,0.5,5,SUB,59,0.23990533948519438
6,0.5,5,SUB,60,0.2264573000767749
6,0.5,5,SUB,61,0.3931512405323591
6,0.5,5,SUB,62,0.34688717529953184
6,0.5,5,SUB,63,0.2622025476035576
6,0.5,5,SUB,64,0.31537574817249964
6,0.5,5,VI,0,1.7036951569485737
6,0.5,5,VI,1,1.3733371715316358
6,0.5,5,VI,2,2.1658178439854203
6,0.5,5,VI,3,1.9447425596559988
6,0.5,5,VI,4,2.0171167311994957
6,0.5,5,VI,5,1.6276258205385823
6,0.5,5,VI,6,1.9583085951877115
6,0.5,5,VI,7,1.9345630926398694
6,0.5,5,VI,8,1.794045408709052
6,0.5,5,VI,9,1.832494286519725
6,0.5,5,VI,10,1.6539955271248818
6,0.5,5,VI,11,1.1117081918063974
6,0.5,5,VI,12,1.8927711854927043
6,0.5,5,VI,13,1.8944559929595253
6,0.5,5,VI,14,1.870430833949872
6,0.5,5,VI,15,1.7755188458147513
6,0.5,5,VI,16,1.8929159767348214
6,0.5,5,VI,17,1.837277043323026
6,0.5,5,VI,18,2.1896249285313836
6,0.5,5,VI,19,2.10897859371825
6,0.5,5,VI,20,1.8336492053256426
6,0.5,5,VI,21,1.7527823686562756
6,0.5,5,VI,22,1.083727845319221
6,0.5,5,VI,23,1.927930608921501
6,0.5,5,VI,24,1.8587112173204505
6,0.5,5,VI,25,2.0522303645586017
6,0.5,5,VI,26,2.0358149122703493
6,0.5,5,VI,27,1.5436904291588784
6,0.5,5,VI,28,1.8068899701968568
6,0.5,5,VI,29,2.106890527680301
6,0.5,5,VI,30,1.4284642265945733
6,0.5,5,VI,31,1.8700709547506476
6,0.5,5,VI,32,1.8305922127354768
6,0.5,5,VI,33,1.6265038673920447
6,0.5,5,VI,34,1.7491325705967546
6,0.5,5,VI,35,1.5159188981796943
6,0.5,5,VI,36,1.756273767355306
6,0.5,5,VI,37,1.8160514497943527
6,0.5,5,VI,38,2.1457631948060687
6,0.5,5,VI,39,1.7016142553059492
6,0.5,5,VI,40,1.7011756555980992
6,0.5,5,VI,41,1.502893906714424
6,0.5,5,VI,42,1.883170039091741
6,0.5,5,VI,43,1.4813846675917017
6,0.5,5,VI,44,1.486009958205033
6,0.5,5,VI,45,2.1644971171500353
6,0.5,5,VI,46,1.9070779768828152
6,0.5,5,VI,47,1.9862896653420556
6,0.5,5,VI,48,1.5899927069234048
6,0.5,5,VI,49,1.3724033689321549
6,0.5,5,VI,50,1.9315546613285972
6,0.5,5,VI,51,1.700326387746715
6,0.5,5,VI,52,1.7477331862752348
6,0.5,5,VI,53,2.179018373317795
6,0.5,5,VI,54,1.6045360113737803
6,0.5,5,VI,55,1.5716969707809223
6,0.5,5,VI,56,1.4623003613664365
6,0.5,5,VI,57,2.1259500735453525
6,0.5,5,VI,58,2.1009316243059155
6,0.5,5,VI,59,1.7939129052651164
6,0.5,5,VI,60,1.8957415957900625
6,0.5,5,VI,61,2.083519156605786
6,0.5,5,VI,62,1.3077993024896228
6,0.5,5,VI,63,1.7823364452338128
6,0.5,5,VI,64,1.798928246266361
6,0.5,10,SUB,0,0.1999890964076219
6,0.5,10,SUB,1,0.1587436608782062
6,0.5,10,SUB,2,0.19176640649126953
6,0.5,10,SUB,3,0.2473747565690112
6,0.5,10,SUB,4,0.18351204141767216
6,0.5,10,SUB,5,0.1841620568083451
6,0.5,10,SUB,6,0.1885489030881703
6,0.5,10,SUB,7,0.19029238733578605
6,0.5,10,SUB,8,0.18530810486593097
6,0.5,10,SUB,9,0.16549151652824984
6,0.5,10,SUB,10,0.18779376011620977
6,0.5,10,SUB,11,0.14018827610958348
6,0.5,10,SUB,12,0.25159249175391013
6,0.5,10,SUB,13,0.18602727322287652
6,0.5,10,SUB,14,0.22087378986475906
6,0.5,10,SUB,15,0.1744897235260132
6,0.5,10,SUB,16,0.23262085172619318
6,0.5,10,SUB,17,0.16700136350122646
6,0.5,10,SUB,18,0.1815102590437308
6,0.5,10,SUB,19,0.17610159257753732
6,0.5,10,SUB,20,0.19860024359188513
6,0.5,10,SUB,21,0.23151915404348744
6,0.5,10,SUB,22,0.1702977239340141
6,0.5,10,SUB,23,0.26983514402317105
6,0.5,10,SUB,24,0.24519257507760475
6,0.5,10,SUB,25,0.18823996717001348
6,0.5,10,SUB,26,0.24144289821381618
6,0.5,10,SUB,27,0.20099291639259773
6,0.5,10,SUB,28,0.2551681589170944
6,0.5,10,SUB,29,0.2678020146375983
6,0.5,10,SUB,30,0.1982983205653931
6,0.5,10,SUB,31,0.15438362365704306
6,0.5,10,SUB,32,0.24073002382372458
6,0.5,10,SUB,33,0.21565841438748906
6,0.5,10,SUB,34,0.22044069055707596
6,0.5,10,SUB,35,0.2273274966266431
6,0.5,10,SUB,36,0.18597914571475152
6,0.5,10,SUB,37,0.22708561380527278
6,0.5,10,SUB,38,0.24316726580400885
6,0.5,10,SUB,39,0.20308724111343088
6,0.5,10,SUB,40,0.2260169650073881
6,0.5,10,SUB,41,0.22336206129246827
6,0.5,10,SUB,42,0.11173743561676373
6,0.5,10,SUB,43,0.14859792871438912
6,0.5,10,SUB,44,0.23447399755791026
6,0.5,10,SUB,45,0.1958343882000819
6,0.5,10,SUB,46,0.19099040394131664
6,0.5,10,SUB,47,0.17597370715392965
6,0.5,10,SUB,48,0.20794292391962688
6,0.5,10,SUB,49,0.16923418204873994
6,0.5,10,SUB,50,0.15090423306261266
6,0.5,10,SUB,51,0.2618001527322933
6,0.5,10,SUB,52,0.2055202392106142
6,0.5,10,SUB,53,0.1908507959198271
6,0.5,10,SUB,54,0.21978055179785025
6,0.5,10,SUB,55,0.24411066080078628
6,0.5,10,SUB,56,0.20002363988778038
6,0.5,10,SUB,57,0.2142424778431769
6,0.5,10,SUB,58,0.20972849232959132
6,0.5,10,SUB,59,0.2246193204525759
6,0.5,10,VI,0,1.6255086427220558
6,0.5,10,VI,1,1.922993097443953
6,0.5,10,VI,2,1.5257857438514193
6,0.5,10,VI,3,2.197085352632051
6,0.5,10,VI,4,2.1650659569984274
6,0.5,10,VI,5,1.3980828856386867
6,0.5,10,VI,6,1.8191209018841086
6,0.5,10,VI,7,1.855976544606436
6,0.5,10,VI,8,2.1571258349621263
6,0.5,10,VI,9,1.4937613958495926
6,0.5,10,VI,10,2.1655360156420906
6,0.5,10,VI,11,2.0939042805372208
6,0.5,10,VI,12,1.2994352083081349
6,0.5,10,VI,13,1.572658998161247
6,0.5,10,VI,14,1.8409209775050752
6,0.5,10,VI,15,2.094406375738346
6,0.5,10,VI,16,1.6876054185005653
6,0.5,10,VI,17,1.611890833148786
6,0.5,10,VI,18,1.8558589229819529
6,0.5,10,VI,19,1.8937588323998198
6,0.5,10,VI,20,1.5717180544904044
6,0.5,10,VI,21,1.6766752951030819
6,0.5,10,VI,22,1.726213614150934
6,0.5,10,VI,23,2.0957943253506226
6,0.5,10,VI,24,1.8037680155371179
6,0.5,10,VI,25,1.9955108252129155
6,0.5,10,VI,26,1.8618278858122796
6,0.5,10,VI,27,1.7912374296363833
6,0.5,10,VI,28,1.9040840657223042
6,0.5,10,VI,29,1.1309775260161379
6,0.5,10,VI,30,1.879162035408433
6,0.5,10,VI,31,1.5633223601788617
6,0.5,10,VI,32,1.968452923196776
6,0.5,10,VI,33,1.789289521994747
6,0.5,10,VI,34,1.8982178490574522
6,0.5,10,VI,35,1.9949891454976811
6,0.5,10,VI,36,1.8963730171664115
6,0.5,10,VI,37,2.2437354975921777
6,0.5,10,VI,38,1.6964629036313268
6,0.5,10,VI,39,2.2323275857756415
6,0.5,10,VI,40,1.9169023075817468
6,0.5,10,VI,41,1.9179834679957357
6,0.5,10,VI,42,1.6844522636141168
6,0.5,10,VI,43,1.9577028373581813
6,0.5,10,VI,44,1.7864140576788838
6,0.5,10,VI,45,1.7602533958177378
6,0.5,10,VI,46,1.7448506444731486
6,0.5,10,VI,47,2.2009301850861567
6,0.5,10,VI,48,1.9456473805631103
6,0.5,10,VI,49,2.1814492147800983
6,0.5,10,VI,50,1.9931175124420575
6,0.5,10,VI,51,1.9070807829450578
6,0.5,10,VI,52,1.7959052263237831
6,0.5,10,VI,53,1.8974547263611452
6,0.5,10,VI,54,1.4565060162482606
6,0.5,10,VI,55,2.1096845201830443
6,0.5,10,VI,56,2.045624190179666
6,0.5,10,VI,57,1.7237287118054148
6,0.5,10,VI,58,1.1534393146738278
6,0.5,10,VI,59,1.685806266552061
6,0.5,20,SUB,0,0.17287992550261388
6,0.5,20,SUB,1,0.168633555680124
6,0.5,20,SUB,2,0.17591102792391825
6,0.5,20,SUB,3,0.1668171659253996
6,0.5,20,SUB,4,0.17602186980564336
6,0.5,20,SUB,5,0.19786005755245645
6,0.5,20,SUB,6,0.13904951824352446
6,0.5,20,SUB,7,0.21681343949538426
6,0.5,20,SUB,8,0.189738586733615
6,0.5,20,SUB,9,0.19868423980869201
6,0.5,20,SUB,10,0.22670558880191657
6,0.5,20,SUB,11,0.20641949713277669
6,0.5,20,SUB,12,0.13515509656346014
6,0.5,20,SUB,13,0.1787082327109155
6,0.5,20,SUB,14,0.18431308401262728
6,0.5,20,SUB,15,0.185221724681651
6,0.5,20,SUB,16,0.22662865654400177
6,0.5,20,SUB,17,0.21835417770768054
6,0.5,20,SUB,18,0.16882758212241122
6,0.5,20,SUB,19,0.18438220718166667
6,0.5,20,SUB,20,0.19761723545646956
6,0.5,20,SUB,21,0.16397156243220182
6,0.5,20,SUB,22,0.20515949894974145
6,0.5,20,SUB,23,0.18643579402940727
6,0.5,20,SUB,24,0.16233641993617684
6,0.5,20,SUB,25,0.18266456462356537
6,0.5,20,SUB,26,0.15981863450934292
6,0.5,20,SUB,27,0.11474125390878806
6,0.5,20,SUB,28,0.16028767022419813
6,0.5,20,SUB,29,0.1988151323326964
6,0.5,20,SUB,30,0.16830743167895754
6,0.5,20,SUB,31,0.1417675926764222
6,0.5,20,SUB,32,0.20265253505180927
6,0.5,20,SUB,33,0.17036391187231906
6,0.5,20,SUB,34,0.12916298339363763
6,0.5,20,SUB,35,0.187588197726185
6,0.5,20,SUB,36,0.23388873366314003
6,0.5,20,SUB,37,0.14853333782017247
6,0.5,20,SUB,38,0.1935368869491974
6,0.5,20,SUB,39,0.16728533130100182
6,0.5,20,SUB,40,0.14640102960604534
6,0.5,20,SUB,41,0.20811131897091786
6,0.5,20,SUB,42,0.15980294399499548
6,0.5,20,SUB,43,0.14513100839531665
6,0.5,20,SUB,44,0.2020987771935302
6,0.5,20,SUB,45,0.14133139891664268
6,0.5,20,SUB,46,0.17957572711318273
6,0.5,20,SUB,47,0.13963739045387108
6,0.5,20,SUB,48,0.16675660982837628
6,0.5,20,SUB,49,0.12775191861370544
6,0.5,20,VI,0,2.1571922858703805
6,0.5,20,VI,1,1.9230461005131934
6,0.5,20,VI,2,1.6767280575689707
6,0.5,20,VI,3,1.789339843576081
6,0.5,20,VI,4,1.9950392776900592
6,0.5,20,VI,5,1.8779954754382093
6,0.5,20,VI,6,1.5633615616688867
6,0.5,20,VI,7,1.2994604984582652
6,0.5,20,VI,8,2.1097556499210577
6,0.5,20,VI,9,1.7448829605749765
6,0.5,20,VI,10,1.8191603374452763
6,0.5,20,VI,11,1.9169441214967098
6,0.5,20,VI,12,1.6255529558669561
6,0.5,20,VI,13,1.4565409072078224
6,0.5,20,VI,14,1.687793768405721
6,0.5,20,VI,15,2.1651275021194083
6,0.5,20,VI,16,1.9685066669925781
6,0.5,20,VI,17,1.80381394252436
6,0.5,20,VI,18,1.5717466178260369
6,0.5,20,VI,19,1.9041545110743832
6,0.5,20,VI,20,1.6858558279342963
6,0.5,20,VI,21,1.7837806661499254
6,0.5,20,VI,22,1.8560147166106191
6,0.5,20,VI,23,1.7791983094396442
6,0.5,20,VI,24,1.993168194383571
6,0.5,20,VI,25,1.8792079760006823
6,0.5,20,VI,26,1.5726907229609572
6,0.5,20,VI,27,1.945693297028548
6,0.5,20,VI,28,1.5399714347390359
6,0.5,20,VI,29,2.217974489021099
6,0.5,20,VI,30,1.7237638587203847
6,0.5,20,VI,31,1.5325325947032147
6,0.5,20,VI,32,1.8559023007822666
6,0.5,20,VI,33,1.523924818848482
6,0.5,20,VI,34,2.1655999755153656
6,0.5,20,VI,35,1.9180405992692708
6,0.5,20,VI,36,1.7864589188783486
6,0.5,20,VI,37,1.896433271206946
6,0.5,20,VI,38,1.8937969929410097
6,0.5,20,VI,39,1.9071246784923872
6,0.5,20,VI,40,1.726256772149594
6,0.5,20,VI,41,1.6965082120250572
6,0.5,20,VI,42,2.0944560199844298
6,0.5,20,VI,43,1.1309963160195675
6,0.5,20,VI,44,2.1971326076993303
6,0.5,20,VI,45,2.045694369293815
6,0.5,20,VI,46,1.6876402218919342
6,0.5,20,VI,47,1.508817037031315
6,0.5,20,VI,48,1.5258161149984961
6,0.5,20,VI,49,2.093976285018947
6,0.5,30,SUB,0,0.19479399077947274
6,0.5,30,SUB,1,0.15272873150047747
6,0.5,30,SUB,2,0.16620059524496622
6,0.5,30,SUB,3,0.21395116692196844
6,0.5,30,SUB,4,0.15666212482821748
6,0.5,30,SUB,5,0.18321239249067614
6,0.5,30,SUB,6,0.1627643202507166
6,0.5,30,SUB,7,0.13697790929859324
6,0.5,30,SUB,8,0.17260296284858936
6,0.5,30,SUB,9,0.21270838791614086
6,0.5,30,SUB,10,0.13417363887018227
6,0.5,30,SUB,11,0.19824611617719726
6,0.5,30,SUB,12,0.15966796870291594
6,0.5,30,SUB,13,0.15472681304810107
6,0.5,30,SUB,14,0.17347807320412031
6,0.5,30,SUB,15,0.10470691581410119
6,0.5,30,SUB,16,0.1970727806328347
6,0.5,30,SUB,17,0.17222949749520208
6,0.5,30,SUB,18,0.1366944027188641
6,0.5,30,SUB,19,0.19854292333613516
6,0.5,30,SUB,20,0.14741186988014598
6,0.5,30,SUB,21,0.15825500787745544
6,0.5,30,SUB,22,0.19494808224343083
6,0.5,30,SUB,23,0.1623990784777636
6,0.5,30,SUB,24,0.1614658467012695
6,0.5,30,SUB,25,0.15744351398476275
6,0.5,30,SUB,26,0.2028652371750858
6,0.5,30,SUB,27,0.13966559424089348
6,0.5,30,SUB,28,0.20410554762412675
6,0.5,30,SUB,29,0.19824384862853595
6,0.5,30,SUB,30,0.1996638573914861
6,0.5,30,SUB,31,0.20070582806394635
6,0.5,30,SUB,32,0.0935209788483988
6,0.5,30,SUB,33,0.16393838554920437
6,0.5,30,SUB,34,0.1626746122239169
6,0.5,30,SUB,35,0.21305623009354976
6,0.5,30,SUB,36,0.16847937443834454
6,0.5,30,SUB,37,0.1528338771964196
6,0.5,30,SUB,38,0.19079274866034723
6,0.5,30,SUB,39,0.14017691895141193
6,0.5,30,VI,0,1.1309387707172127
6,0.5,30,VI,1,1.7790170358628656
6,0.5,30,VI,2,1.957501195032168
6,0.5,30,VI,3,1.6963420368938624
6,0.5,30,VI,4,1.8961750323294948
6,0.5,30,VI,5,1.508638530868919
6,0.5,30,VI,6,1.6875013059299149
6,0.5,30,VI,7,2.0937088537294755
6,0.5,30,VI,8,2.2007293113056625
6,0.5,30,VI,9,1.8036554189793041
6,0.5,30,VI,10,1.5257076575716972
6,0.5,30,VI,11,1.916815208932903
6,0.5,30,VI,12,2.045439074011632
6,0.5,30,VI,13,1.9228277151992677
6,0.5,30,VI,14,1.8778350384629308
6,0.5,30,VI,15,1.4937156617323655
6,0.5,30,VI,16,2.1969810907680274
6,0.5,30,VI,17,1.1534040352226576
6,0.5,30,VI,18,1.7261012087097296
6,0.5,30,VI,19,1.9929617975550888
6,0.5,30,VI,20,1.897278045531591
6,0.5,30,VI,21,1.532469188792064
6,0.5,30,VI,22,1.7911603911616092
6,0.5,30,VI,23,1.8190348276547732
6,0.5,30,VI,24,1.6253983504919851
6,0.5,30,VI,25,2.0956869654019306
6,0.5,30,VI,26,1.8617104283552994
6,0.5,30,VI,27,1.9070012294414282
6,0.5,30,VI,28,1.5398319359241939
6,0.5,30,VI,29,1.9038637971665644
6,0.5,30,VI,30,2.2322151100348933
6,0.5,30,VI,31,2.1094757188001236
6,0.5,30,VI,32,2.0276825196853983
6,0.5,30,VI,33,1.3980385418273924
6,0.5,30,VI,34,1.8980951644399193
6,0.5,30,VI,35,1.2993529852165067
6,0.5,30,VI,36,2.1812983707162537
6,0.5,30,VI,37,1.9178317003568066
6,0.5,30,VI,38,1.4564123382105043
6,0.5,30,VI,39,1.7836585208268003
7,0.0,2,SUB,0,0.12159780156313083
7,0.0,2,SUB,1,0.3171399506907118
7,0.0,2,SUB,2,0.14216057937619841
7,0.0,2,SUB,3,0.1861452141191157
7,0.0,2,SUB,4,0.13125960427111186
7,0.0,2,SUB,5,0.20835463744469887
7,0.0,2,SUB,6,0.4824892249944484
7,0.0,2,SUB,7,0.2128563998775215
7,0.0,2,SUB,8,0.14059144379070415
7,0.0,2,SUB,9,0.08978423077959316
7,0.0,2,SUB,10,0.45922499710049497
7,0.0,2,SUB,11,0.3179175354483946
7,0.0,2,SUB,12,0.1104458340933087
7,0.0,2,SUB,13,0.4154411501063721
7,0.0,2,SUB,14,0.394504843270867
7,0.0,2,SUB,15,0.3090519878162775
7,0.0,2,SUB,16,0.07656484076936305
7,0.0,2,SUB,17,0.23240500388850163
7,0.0,2,SUB,18,0.0935444385062472
7,0.0,2,SUB,19,0.5137420285744113
7,0.0,2,SUB,20,0.13185018395007214
7,0.0,2,SUB,21,0.15968378810212835
7,0.0,2,SUB,22,0.21698917443112528
7,0.0,2,SUB,23,0.23779032789304555
7,0.0,2,SUB,24,0.14646467769189514
7,0.0,2,SUB,25,0.25454777178002497
7,0.0,2,SUB,26,0.2092142487998817
7,0.0,2,SUB,27,0.11741099092083843
7,0.0,2,SUB,28,0.22704421347099765
7,0.0,2,SUB,29,0.31011654886525714
7,0.0,2,SUB,30,0.2204797265640159
7,0.0,2,SUB,31,0.11908854149132767
7,0.0,2,SUB,32,0.5147386372775469
7,0.0,2,SUB,33,0.1648180649234022
7,0.0,2,SUB,34,0.1598501057913215
7,0.0,2,SUB,35,0.31768840062205633
7,0.0,2,SUB,36,0.5166656432627006
7,0.0,2,SUB,37,0.5163110594226995
7,0.0,2,SUB,38,0.1442511086702212
7,0.0,2,SUB,39,0.1641864527262001
7,0.0,2,SUB,40,0.2550326912105248
7,0.0,2,SUB,41,0.20123890382804935
7,0.0,2,SUB,42,0.4108070847969328
7,0.0,2,SUB,43,0.34698967724375035
7,0.0,2,SUB,44,0.26839922183124093
7,0.0,2,SUB,45,0.08900920328510872
7,0.0,2,SUB,46,0.4022576789606294
7,0.0,2,SUB,47,0.47511672931684684
7,0.0,2,SUB,48,0.14361335076917928
7,0.0,2,SUB,49,0.531477273483981
7,0.0,2,SUB,50,0.25046797957795974
7,0.0,2,SUB,51,0.12768807709032165
7,0.0,2,SUB,52,0.49927764043496675
7,0.0,2,SUB,53,0.24128869430858454
7,0.0,2,SUB,54,0.27386089128351165
7,0.0,2,SUB,55,0.1633057999966286
7,0.0,2,SUB,56,0.4784568007810649
7,0.0,2,SUB,57,0.2553886512312915
7,0.0,2,SUB,58,0.3001329532384709
7,0.0,2,SUB,59,0.2521065781762256
7,0.0,2,SUB,60,0.07082269348203334
7,0.0,2,SUB,61,0.16252510912675977
7,0.0,2,SUB,62,0.14933659266968005
7,0.0,2,SUB,63,0.4267312105071958
7,0.0,2,SUB,64,0.44086626155113495
7,0.0,2,SUB,65,0.08745295151322552
7,0.0,2,SUB,66,0.510920591240848
7,0.0,2,SUB,67,0.4220290408115796
7,0.0,2,VI,0,0.0664954938363009
7,0.0,2,VI,1,0.2660199672401265
7,0.0,2,VI,2,0.13003324266109656
7,0.0,2,VI,3,0.17235447882315616
7,0.0,2,VI,4,0.09736372659085943
7,0.0,2,VI,5,0.24049297150416823
7,0.0,2,VI,6,0.25745804214029394
7,0.0,2,VI,7,0.1554069966764886
7,0.0,2,VI,8,0.0970025560072384
7,0.0,2,VI,9,0.03442825349903674
7,0.0,2,VI,10,0.26590581206611513
7,0.0,2,VI,11,0.26504363857067265
7,0.0,2,VI,12,0.08700113929862498
7,0.0,2,VI,13,0.2585028682533277
7,0.0,2,VI,14,0.25291337862263424
7,0.0,2,VI,15,0.25321008865638056
7,0.0,2,VI,16,0.07602384239330724
7,0.0,2,VI,17,0.24079597620130505
7,0.0,2,VI,18,0.08132671929303309
7,0.0,2,VI,19,0.266502566271342
7,0.0,2,VI,20,0.08162650595258772
7,0.0,2,VI,21,0.1825847464707213
7,0.0,2,VI,22,0.2169227767631579
7,0.0,2,VI,23,0.24710167443815276
7,0.0,2,VI,24,0.11829840802932093
7,0.0,2,VI,25,0.24678918013279014
7,0.0,2,VI,26,0.24282188314071756
7,0.0,2,VI,27,0.062474783685898656
7,0.0,2,VI,28,0.24807027385455907
7,0.0,2,VI,29,0.21383343947518724
7,0.0,2,VI,30,0.23460155627971355
7,0.0,2,VI,31,0.06779857211911226
7,0.0,2,VI,32,0.2547188742299327
7,0.0,2,VI,33,0.16891879427510811
7,0.0,2,VI,34,0.11307732119601206
7,0.0,2,VI,35,0.22684269324228304
7,0.0,2,VI,36,0.25499463249170873
7,0.0,2,VI,37,0.27131741719993124
7,0.0,2,VI,38,0.1386078068576791
7,0.0,2,VI,39,0.14964152492072
7,0.0,2,VI,40,0.18106002663515733
7,0.0,2,VI,41,0.2348715119369358
7,0.0,2,VI,42,0.2743518062325954
7,0.0,2,VI,43,0.2577690175737803
7,0.0,2,VI,44,0.18375283060802713
7,0.0,2,VI,45,0.06401426281302454
7,0.0,2,VI,46,0.2577668567142567
7,0.0,2,VI,47,0.2641117839846906
7,0.0,2,VI,48,0.09296490503172017
7,0.0,2,VI,49,0.2591684698083348
7,0.0,2,VI,50,0.2564228905110793
7,0.0,2,VI,51,0.04912958963514719
7,0.0,2,VI,52,0.27471153550469746
7,0.0,2,VI,53,0.2421128892034423
7,0.0,2,VI,54,0.25235281205607746
7,0.0,2,VI,55,0.17857941406995065
7,0.0,2,VI,56,0.2618094489136476
7,0.0,2,VI,57,0.17352289271856325
7,0.0,2,VI,58,0.24676714920766255
7,0.0,2,VI,59,0.24189531271657216
7,0.0,2,VI,60,0.045496766089813054
7,0.0,2,VI,61,0.12087943015388349
7,0.0,2,VI,62,0.10432562969880835
7,0.0,2,VI,63,0.2755150099297224
7,0.0,2,VI,64,0.2605829368789162
7,0.0,2,VI,65,0.07411227590149293
7,0.0,2,VI,66,0.25961275204203693
7,0.0,2,VI,67,0.25972213124531746
7,0.0,5,SUB,0,0.012444320256895439
7,0.0,5,SUB,1,0.008496289634070847
7,0.0,5,SUB,2,0.030785497375198725
7,0.0,5,SUB,3,0.02303377699758059
7,0.0,5,SUB,4,0.049983393914983465
7,0.0,5,SUB,5,0.025366397107881404
7,0.0,5,SUB,6,0.045225318064683
7,0.0,5,SUB,7,0.04233790500356219
7,0.0,5,SUB,8,0.05765428382088348
7,0.0,5,SUB,9,0.045228452537582585
7,0.0,5,SUB,10,0.049321131210612705
7,0.0,5,SUB,11,0.019596501539566248
7,0.0,5,SUB,12,0.02158518534381141
7,0.0,5,SUB,13,0.04977635210837674
7,0.0,5,SUB,14,0.06468842488998514
7,0.0,5,SUB,15,0.043278187264357344
7,0.0,5,SUB,16,0.046896581174562656
7,0.0,5,SUB,17,0.016229520397554258
7,0.0,5,SUB,18,0.05429813990157253
7,0.0,5,SUB,19,0.05645158236523709
7,0.0,5,SUB,20,0.04332776598225537
7,0.0,5,SUB,21,0.05950444452017446
7,0.0,5,SUB,22,0.038538273851117036
7,0.0,5,SUB,23,0.045281469576229846
7,0.0,5,SUB,24,0.0473954360480607
7,0.0,5,SUB,25,0.049173206254216326
7,0.0,5,SUB,26,0.05396563151433817
7,0.0,5,SUB,27,0.020855351657697627
7,0.0,5,SUB,28,0.02170036971534063
7,0.0,5,SUB,29,0.014748144293156098
7,0.0,5,SUB,30,0.032948019791248305
7,0.0,5,SUB,31,0.04538391503926286
7,0.0,5,SUB,32,0.05397992665258243
7,0.0,5,SUB,33,0.056398179415708016
7,0.0,5,SUB,34,0.0305127957366853
7,0.0,5,SUB,35,0.014112293558331513
7,0.0,5,SUB,36,0.01994307070387167
7,0.0,5,SUB,37,0.02473956839094172
7,0.0,5,SUB,38,0.02662215613696113
7,0.0,5,SUB,39,0.04231359565713473
7,0.0,5,SUB,40,0.04453439586582051
7,0.0,5,SUB,41,0.010218850005758945
7,0.0,5,SUB,42,0.024488201380343362
7,0.0,5,SUB,43,0.029398885888747534
7,0.0,5,SUB,44,0.02792519629968971
7,0.0,5,SUB,45,0.020585679327808203
7,0.0,5,SUB,46,0.0445001223400167
7,0.0,5,SUB,47,0.04263874689125383
7,0.0,5,SUB,48,0.023335840807736118
7,0.0,5,SUB,49,0.017217255482375005
7,0.0,5,SUB,50,0.04280734435688531
7,0.0,5,SUB,51,0.01334320022485332
7,0.0,5,SUB,52,0.011094477816476147
7,0.0,5,SUB,53,0.020539676113038686
7,0.0,5,SUB,54,0.01860533948010781
7,0.0,5,SUB,55,0.01327059739920757
7,0.0,5,SUB,56,0.022828042695232635
7,0.0,5,SUB,57,0.022367311072670395
7,0.0,5,SUB,58,0.014359801021677382
7,0.0,5,SUB,59,0.07247863655446299
7,0.0,5,SUB,60,0.06528243116838969
7,0.0,5,SUB,61,0.012170403210286677
7,0.0,5,SUB,62,0.04614894227698204
7,0.0,5,SUB,63,0.04496665618011784
7,0.0,5,SUB,64,0.04846294823265442
7,0.0,5,VI,0,0.0015966198131319611
7,0.0,5,VI,1,0.001561451212476224
7,0.0,5,VI,2,0.008975990421819251
7,0.0,5,VI,3,0.0034359010677953135
7,0.0,5,VI,4,0.022502392539257017
7,0.0,5,VI,5,0.004909159592350757
7,0.0,5,VI,6,0.007536182459006157
7,0.0,5,VI,7,0.003966415422523624
7,0.0,5,VI,8,0.0027291431052593193
7,0.0,5,VI,9,0.0035826821729207014
7,0.0,5,VI,10,0.015566555256057059
7,0.0,5,VI,11,0.0021842349527217983
7,0.0,5,VI,12,0.012813836521230776
7,0.0,5,VI,13,0.014297405278161014
7,0.0,5,VI,14,0.0013666437676905759
7,0.0,5,VI,15,0.008725771568685965
7,0.0,5,VI,16,0.017713064684022343
7,0.0,5,VI,17,0.002261589277971135
7,0.0,5,VI,18,0.011710638998076816
7,0.0,5,VI,19,0.020024515418563732
7,0.0,5,VI,20,0.0057352106437602995
7,0.0,5,VI,21,0.011526831814503674
7,0.0,5,VI,22,0.0051475294580644515
7,0.0,5,VI,23,0.008757150277301813
7,0.0,5,VI,24,0.001903370089358677
7,0.0,5,VI,25,0.00036006116049171373
7,0.0,5,VI,26,0.004106124443147669
7,0.0,5,VI,27,0.006024793396160837
7,0.0,5,VI,28,0.0015431525832861992
7,0.0,5,VI,29,0.0006290238596127927
7,0.0,5,VI,30,0.011668106242909107
7,0.0,5,VI,31,0.011061904199023607
7,0.0,5,VI,32,0.022884143336398963
7,0.0,5,VI,33,0.02496849473773323
7,0.0,5,VI,34,0.0018541830984363308
7,0.0,5,VI,35,0.003225058597025673
7,0.0,5,VI,36,0.0009921505050660834
7,0.0,5,VI,37,0.009162504391479517
7,0.0,5,VI,38,0.002240359790342863
7,0.0,5,VI,39,0.006546337655410976
7,0.0,5,VI,40,0.012791747683735167
7,0.0,5,VI,41,0.0008194939344451959
7,0.0,5,VI,42,0.015411203138690361
7,0.0,5,VI,43,0.0026187181640999133
7,0.0,5,VI,44,0.014313041728148216
7,0.0,5,VI,45,0.004303151325085735
7,0.0,5,VI,46,0.01407771425765223
7,0.0,5,VI,47,0.004458106739860295
7,0.0,5,VI,48,0.00299935189946035
7,0.0,5,VI,49,0.0017579094998274023
7,0.0,5,VI,50,0.015645571755175305
7,0.0,5,VI,51,0.00047326449873667087
7,0.0,5,VI,52,0.001220771961790198
7,0.0,5,VI,53,0.0018479515627035294
7,0.0,5,VI,54,0.009846901481513473
7,0.0,5,VI,55,0.0012615761905842347
7,0.0,5,VI,56,0.0017840482422572755
7,0.0,5,VI,57,0.0030128019413574497
7,0.0,5,VI,58,0.001153337373121305
7,0.0,5,VI,59,0.03423906217391482
7,0.0,5,VI,60,0.0013788468532896316
7,0.0,5,VI,61,0.000666782685700975
7,0.0,5,VI,62,0.0005292869987955074
7,0.0,5,VI,63,0.004154003289073558
7,0.0,5,VI,64,0.01615878653775899
7,0.0,10,SUB,0,0.07286767172758835
7,0.0,10,SUB,1,0.03995054280868762
7,0.0,10,SUB,2,0.0726790842102044
7,0.0,10,SUB,3,0.03178391180164987
7,0.0,10,SUB,4,0.012220785681080763
7,0.0,10,SUB,5,0.018572719218300837
7,0.0,10,SUB,6,0.015331726019679146
7,0.0,10,SUB,7,0.059972934019423677
7,0.0,10,SUB,8,0.06937791544821145
7,0.0,10,SUB,9,0.06810918443781731
7,0.0,10,SUB,10,0.010336743937962137
7,0.0,10,SUB,11,0.05095057833543597
7,0.0,10,SUB,12,0.008821418967006993
7,0.0,10,SUB,13,0.046742115740838905
7,0.0,10,SUB,14,0.055952507673143505
7,0.0,10,SUB,15,0.04408754426914654
7,0.0,10,SUB,16,0.05062242740636395
7,0.0,10,SUB,17,0.016350212727591438
7,0.0,10,SUB,18,0.08023840711609238
7,0.0,10,SUB,19,0.06786439760918109
7,0.0,10,SUB,20,0.07898407451130038
7,0.0,10,SUB,21,0.06768899447057868
7,0.0,10,SUB,22,0.041543001261028466
7,0.0,10,SUB,23,0.057397872822171146
7,0.0,10,SUB,24,0.013152989123399168
7,0.0,10,SUB,25,0.010100312921101608
7,0.0,10,SUB,26,0.04403689188678658
7,0.0,10,SUB,27,0.07596184507601134
7,0.0,10,SUB,28,0.0115919805781167
7,0.0,10,SUB,29,0.07675282584335154
7,0.0,10,SUB,30,0.06561715428226335
7,0.0,10,SUB,31,0.025562662825387654
7,0.0,10,SUB,32,0.07061209118245432
7,0.0,10,SUB,33,0.009643005957729232
7,0.0,10,SUB,34,0.015094892296150872
7,0.0,10,SUB,35,0.067637288450295
7,0.0,10,SUB,36,0.03362038576045722
7,0.0,10,SUB,37,0.05100347568173607
7,0.0,10,SUB,38,0.009964741302935027
7,0.0,10,SUB,39,0.017433424513815274
7,0.0,10,SUB,40,0.08283200207084022
7,0.0,10,SUB,41,0.016154644148415175
7,0.0,10,SUB,42,0.014861929508818945
7,0.0,10,SUB,43,0.02249130646198687
7,0.0,10,SUB,44,0.016289341129889168
7,0.0,10,SUB,45,0.055424446504994694
7,0.0,10,SUB,46,0.03645859563181163
7,0.0,10,SUB,47,0.00890301120172271
7,0.0,10,SUB,48,0.07521215964530953
7,0.0,10,SUB,49,0.01611809584819706
7,0.0,10,SUB,50,0.01712102195747521
7,0.0,10,SUB,51,0.019187070995928222
7,0.0,10,SUB,52,0.010359336012215047
7,0.0,10,SUB,53,0.00798937997324549
7,0.0,10,SUB,54,0.013536685386594407
7,0.0,10,SUB,55,0.07113066237268922
7,0.0,10,SUB,56,0.05218222798144359
7,0.0,10,SUB,57,0.03321355664137806
7,0.0,10,SUB,58,0.04397251079388584
7,0.0,10,SUB,59,0.05894034640611717
7,0.0,10,VI,0,0.0007237763889045594
7,0.0,10,VI,1,1.7217776698407207e-07
7,0.0,10,VI,2,0.0040270391023165646
7,0.0,10,VI,3,0.00957652885283218
7,0.0,10,VI,4,0.003457572414077016
7,0.0,10,VI,5,0.0006188903717697578
7,0.0,10,VI,6,1.92186093990092e-07
7,0.0,10,VI,7,0.004472260461100075
7,0.0,10,VI,8,0.002109613526633803
7,0.0,10,VI,9,0.00899339159435999
7,0.0,10,VI,10,2.587562928225337e-07
7,0.0,10,VI,11,0.005569943859755953
7,0.0,10,VI,12,2.2953382596020523e-07
7,0.0,10,VI,13,1.6052887568026687e-07
7,0.0,10,VI,14,0.007175340812069216
7,0.0,10,VI,15,0.00980248397827589
7,0.0,10,VI,16,0.007385742230938375
7,0.0,10,VI,17,0.010335693762360876
7,0.0,10,VI,18,0.0010015583590286836
7,0.0,10,VI,19,0.00232170552140816
7,0.0,10,VI,20,0.0021885556356156955
7,0.0,10,VI,21,0.0005294494291028709
7,0.0,10,VI,22,0.0004782302507945911
7,0.0,10,VI,23,0.0032500250051316166
7,0.0,10,VI,24,0.005221903571445438
7,0.0,10,VI,25,0.0018719192083367418
7,0.0,10,VI,26,0.005868265746075786
7,0.0,10,VI,27,0.0016116839583198025
7,0.0,10,VI,28,9.418752826141804e-06
7,0.0,10,VI,29,0.0008481684785893722
7,0.0,10,VI,30,0.002661879925086611
7,0.0,10,VI,31,2.867574506291478e-07
7,0.0,10,VI,32,0.0006423099830494147
7,0.0,10,VI,33,2.6917403449232513e-07
7,0.0,10,VI,34,0.0018818982590075985
7,0.0,10,VI,35,0.006754575481964992
7,0.0,10,VI,36,0.009552342007136371
7,0.0,10,VI,37,0.005474934986326079
7,0.0,10,VI,38,0.002149413108232472
7,0.0,10,VI,39,0.0007446301858631219
7,0.0,10,VI,40,0.0011213947043820778
7,0.0,10,VI,41,0.005456563582638035
7,0.0,10,VI,42,0.003413008456241227
7,0.0,10,VI,43,1.8853709715917525e-07
7,0.0,10,VI,44,0.0014929393353883985
7,0.0,10,VI,45,0.007037980728697016
7,0.0,10,VI,46,1.7934117114988166e-07
7,0.0,10,VI,47,1.0207917113551779e-05
7,0.0,10,VI,48,0.004028004546450323
7,0.0,10,VI,49,0.0011028170615130846
7,0.0,10,VI,50,3.234119632110808e-07
7,0.0,10,VI,51,2.2910312280515842e-07
7,0.0,10,VI,52,0.006712583939075273
7,0.0,10,VI,53,1.7790348684685032e-07
7,0.0,10,VI,54,0.002309032415152698
7,0.0,10,VI,55,0.0036095375141567076
7,0.0,10,VI,56,0.006377113969323726
7,0.0,10,VI,57,0.0028461265852717118
7,0.0,10,VI,58,2.2315746438981746e-07
7,0.0,10,VI,59,0.007985862469678843
7,0.0,20,SUB,0,0.008942853050863946
7,0.0,20,SUB,1,0.014741469681532301
7,0.0,20,SUB,2,0.014314494410543282
7,0.0,20,SUB,3,0.00918839836998294
7,0.0,20,SUB,4,0.00818925519344388
7,0.0,20,SUB,5,0.009505999207769572
7,0.0,20,SUB,6,0.012232522378197745
7,0.0,20,SUB,7,0.00774151664266092
7,0.0,20,SUB,8,0.011716217731778202
7,0.0,20,SUB,9,0.01106959639157834
7,0.0,20,SUB,10,0.015676942581893744
7,0.0,20,SUB,11,0.011944008784396507
7,0.0,20,SUB,12,0.01512464935548932
7,0.0,20,SUB,13,0.015130815380577744
7,0.0,20,SUB,14,0.00864630957680232
7,0.0,20,SUB,15,0.010281314517039076
7,0.0,20,SUB,16,0.00845322375081076
7,0.0,20,SUB,17,0.010963042662936939
7,0.0,20,SUB,18,0.018682401165303154
7,0.0,20,SUB,19,0.012915221771246559
7,0.0,20,SUB,20,0.009429988391073682
7,0.0,20,SUB,21,0.004285559593055446
7,0.0,20,SUB,22,0.011014041487766342
7,0.0,20,SUB,23,0.008759127385579747
7,0.0,20,SUB,24,0.013221666817174646
7,0.0,20,SUB,25,0.013641956700864823
7,0.0,20,SUB,26,0.00996692331939512
7,0.0,20,SUB,27,0.010956839103686824
7,0.0,20,SUB,28,0.009784033398202649
7,0.0,20,SUB,29,0.014757301814508636
7,0.0,20,SUB,30,0.015135874867335572
7,0.0,20,SUB,31,0.01172666642169212
7,0.0,20,SUB,32,0.011523901754242404
7,0.0,20,SUB,33,0.010527648983884589
7,0.0,20,SUB,34,0.01756151278347997
7,0.0,20,SUB,35,0.011951613321456748
7,0.0,20,SUB,36,0.0058126622028376995
7,0.0,20,SUB,37,0.0077324669642373665
7,0.0,20,SUB,38,0.01556355666343785
7,0.0,20,SUB,39,0.011141236507365928
7,0.0,20,SUB,40,0.009577827375126672
7,0.0,20,SUB,41,0.012879153731809588
7,0.0,20,SUB,42,0.010517597892241184
7,0.0,20,SUB,43,0.00817787876426162
7,0.0,20,SUB,44,0.010198605630242856
7,0.0,20,SUB,45,0.01351167657801006
7,0.0,20,SUB,46,0.014209978194311633
7,0.0,20,SUB,47,0.021596728401105218
7,0.0,20,SUB,48,0.016298804696874947
7,0.0,20,SUB,49,0.010382558308484929
7,0.0,20,VI,0,0.0002781537442235565
7,0.0,20,VI,1,3.870360675209437e-07
7,0.0,20,VI,2,3.3499255541522615e-07
7,0.0,20,VI,3,4.1393424743754064e-07
7,0.0,20,VI,4,4.0746709860085075e-07
7,0.0,20,VI,5,9.423784933799471e-05
7,0.0,20,VI,6,0.0010844822076874169
7,0.0,20,VI,7,0.00030690374548043603
7,0.0,20,VI,8,0.00016937476206934206
7,0.0,20,VI,9,4.300914209617156e-07
7,0.0,20,VI,10,0.0004950023083968088
7,0.0,20,VI,11,0.0005024740158570845
7,0.0,20,VI,12,3.249133335292632e-07
7,0.0,20,VI,13,0.0012980014119900387
7,0.0,20,VI,14,4.7014907624576327e-07
7,0.0,20,VI,15,3.100891741894136e-07
7,0.0,20,VI,16,3.355284914644401e-07
7,0.0,20,VI,17,3.3122536974825527e-07
7,0.0,20,VI,18,0.0005039204199406345
7,0.0,20,VI,19,0.00020923003936958805
7,0.0,20,VI,20,0.0011019920910938352
7,0.0,20,VI,21,3.297500115005294e-07
7,0.0,20,VI,22,3.749092920932657e-07
7,0.0,20,VI,23,7.864537817842522e-05
7,0.0,20,VI,24,4.030938989131815e-07
7,0.0,20,VI,25,0.0012589411199350272
7,0.0,20,VI,26,0.00013844777489607546
7,0.0,20,VI,27,0.00040697719861682366
7,0.0,20,VI,28,0.00011842501551713079
7,0.0,20,VI,29,0.0009144302185133404
7,0.0,20,VI,30,0.0006417501108087965
7,0.0,20,VI,31,0.0009204125654619625
7,0.0,20,VI,32,0.000991619417091074
7,0.0,20,VI,33,7.41072312400041e-07
7,0.0,20,VI,34,0.0010899467160520584
7,0.0,20,VI,35,0.0005904247200812097
7,0.0,20,VI,36,2.4635556510902357e-07
7,0.0,20,VI,37,0.0010201946512805769
7,0.0,20,VI,38,0.0004007844321435716
7,0.0,20,VI,39,8.466673122463114e-05
7,0.0,20,VI,40,0.000276807886024133
7,0.0,20,VI,41,0.0006581627104633585
7,0.0,20,VI,42,5.791490065995166e-07
7,0.0,20,VI,43,4.368020016738358e-07
7,0.0,20,VI,44,4.650393096847878e-07
7,0.0,20,VI,45,4.844646328442247e-07
7,0.0,20,VI,46,5.377971528722654e-07
7,0.0,20,VI,47,0.0005140875471481946
7,0.0,20,VI,48,3.0347186260920905e-07
7,0.0,20,VI,49,0.0004405748670628832
7,0.0,30,SUB,0,0.00812893967763587
7,0.0,30,SUB,1,0.013883505252717542
7,0.0,30,SUB,2,0.011877657275884326
7,0.0,30,SUB,3,0.013171983440446578
7,0.0,30,SUB,4,0.012434624298242939
7,0.0,30,SUB,5,0.016171864729348794
7,0.0,30,SUB,6,0.012595475445609685
7,0.0,30,SUB,7,0.013339542229833782
7,0.0,30,SUB,8,0.00847480207132261
7,0.0,30,SUB,9,0.010332760869609199
7,0.0,30,SUB,10,0.01112998910636384
7,0.0,30,SUB,11,0.011870327118579355
7,0.0,30,SUB,12,0.00765037515216272
7,0.0,30,SUB,13,0.015730586660440336
7,0.0,30,SUB,14,0.011754974868537112
7,0.0,30,SUB,15,0.012189230368499416
7,0.0,30,SUB,16,0.012510099349931584
7,0.0,30,SUB,17,0.009903585712065737
7,0.0,30,SUB,18,0.01098642424935461
7,0.0,30,SUB,19,0.012982969461602451
7,0.0,30,SUB,20,0.007300218941545705
7,0.0,30,SUB,21,0.00743456773208803
7,0.0,30,SUB,22,0.00914836119811668
7,0.0,30,SUB,23,0.008380896940410392
7,0.0,30,SUB,24,0.016532529082981997
7,0.0,30,SUB,25,0.014607334283611438
7,0.0,30,SUB,26,0.008442991847714864
7,0.0,30,SUB,27,0.009045420522128669
7,0.0,30,SUB,28,0.010312796009933324
7,0.0,30,SUB,29,0.011869255629434299
7,0.0,30,SUB,30,0.016295976810115582
7,0.0,30,SUB,31,0.014756095917750772
7,0.0,30,SUB,32,0.009886759907179833
7,0.0,30,SUB,33,0.005641063480676205
7,0.0,30,SUB,34,0.01044888454236489
7,0.0,30,SUB,35,0.011571003846326996
7,0.0,30,SUB,36,0.010411790429137856
7,0.0,30,SUB,37,0.008472352322037455
7,0.0,30,SUB,38,0.021577627639675228
7,0.0,30,SUB,39,0.017456896131451953
7,0.0,30,VI,0,8.248322316518166e-07
7,0.0,30,VI,1,0.0004911757130556375
7,0.0,30,VI,2,9.972510787403826e-05
7,0.0,30,VI,3,4.3609477736609643e-07
7,0.0,30,VI,4,8.313026041230207e-05
7,0.0,30,VI,5,5.200924005653743e-07
7,0.0,30,VI,6,0.0002845133696529855
7,0.0,30,VI,7,5.904597901736674e-07
7,0.0,30,VI,8,1.2388986610686808e-06
7,0.0,30,VI,9,2.104803441119946e-05
7,0.0,30,VI,10,7.85116835025424e-07
7,0.0,30,VI,11,4.951525046793196e-07
7,0.0,30,VI,12,4.394296736496239e-07
7,0.0,30,VI,13,7.855403754109508e-07
7,0.0,30,VI,14,1.3183449062110372e-06
7,0.0,30,VI,15,6.498840582548092e-07
7,0.0,30,VI,16,9.86575690579297e-05
7,0.0,30,VI,17,7.28979712050732e-07
7,0.0,30,VI,18,7.888730893560563e-07
7,0.0,30,VI,19,6.809309208290737e-07
7,0.0,30,VI,20,7.559791802213555e-07
7,0.0,30,VI,21,9.561973815034342e-07
7,0.0,30,VI,22,9.820440049070638e-05
7,0.0,30,VI,23,1.1085488899220657e-06
7,0.0,30,VI,24,9.116781119550734e-07
7,0.0,30,VI,25,1.4818542341712546e-06
7,0.0,30,VI,26,1.2266173477681273e-06
7,0.0,30,VI,27,4.749344200283079e-07
7,0.0,30,VI,28,2.822681530807295e-05
7,0.0,30,VI,29,1.9045539749783505e-05
7,0.0,30,VI,30,7.536814418988023e-07
7,0.0,30,VI,31,6.369902949393567e-07
7,0.0,30,VI,32,9.665181324749048e-07
7,0.0,30,VI,33,1.863309405498966e-05
7,0.0,30,VI,34,8.429452588530286e-07
7,0.0,30,VI,35,5.816082613446509e-07
7,0.0,30,VI,36,1.1302581396077657e-06
7,0.0,30,VI,37,4.168694533723603e-07
7,0.0,30,VI,38,7.507652420738501e-07
7,0.0,30,VI,39,5.091503213628185e-07
7,0.5,2,SUB,0,1.138235898888108
7,0.5,2,SUB,1,1.1309108091561777
7,0.5,2,SUB,2,0.9235187929270832
7,0.5,2,SUB,3,1.0769578857291313
7,0.5,2,SUB,4,0.7626780385328189
7,0.5,2,SUB,5,0.7851530590465452
7,0.5,2,SUB,6,0.6724242374793743
7,0.5,2,SUB,7,1.1250428626199207
7,0.5,2,SUB,8,1.1972286416249132
7,0.5,2,SUB,9,1.1398895688659563
7,0.5,2,SUB,10,1.164639424064282
7,0.5,2,SUB,11,1.3280231230498427
7,0.5,2,SUB,12,1.1402615993145901
7,0.5,2,SUB,13,0.9940269035939425
7,0.5,2,SUB,14,1.395890917744508
7,0.5,2,SUB,15,0.9862349032908322
7,0.5,2,SUB,16,1.1917813794463687
7,0.5,2,SUB,17,1.4473397530453078
7,0.5,2,SUB,18,0.967199277700246
7,0.5,2,SUB,19,0.9775363848407382
7,0.5,2,SUB,20,1.1599543853566092
7,0.5,2,SUB,21,1.114761521113841
7,0.5,2,SUB,22,0.8732276793200667
7,0.5,2,SUB,23,1.025463572086177
7,0.5,2,SUB,24,0.7552356505583514
7,0.5,2,SUB,25,0.9704130728578628
7,0.5,2,SUB,26,1.3617600784409751
7,0.5,2,SUB,27,1.030774289164262
7,0.5,2,SUB,28,1.005197800691832
7,0.5,2,SUB,29,0.54907203852557
7,0.5,2,SUB,30,1.2714971228849177
7,0.5,2,SUB,31,0.7736512000872668
7,0.5,2,SUB,32,1.1103502980925968
7,0.5,2,SUB,33,1.1564193518822512
7,0.5,2,SUB,34,0.9769103402576576
7,0.5,2,SUB,35,1.1200400563945891
7,0.5,2,SUB,36,1.1629052262511383
7,0.5,2,SUB,37,1.325495711901433
7,0.5,2,SUB,38,1.1948428715332902
7,0.5,2,SUB,39,1.1696551481229165
7,0.5,2,SUB,40,1.4487599399493185
7,0.5,2,SUB,41,1.0088315602972109
7,0.5,2,SUB,42,0.6278228981677495
7,0.5,2,SUB,43,1.1981246193031831
7,0.5,2,SUB,44,1.2111800825816406
7,0.5,2,SUB,45,1.3473174404646997
7,0.5,2,SUB,46,1.1559213705360232
7,0.5,2,SUB,47,0.750954852454583
7,0.5,2,SUB,48,0.4923197897423238
7,0.5,2,SUB,49,1.2266077199161873
7,0.5,2,SUB,50,1.1221444026336778
7,0.5,2,SUB,51,1.4343577727666288
7,0.5,2,SUB,52,0.9116783880674362
7,0.5,2,SUB,53,1.0251667807247713
7,0.5,2,SUB,54,0.849087378047969
7,0.5,2,SUB,55,1.3092112269853784
7,0.5,2,SUB,56,1.0668291974863735
7,0.5,2,SUB,57,0.862595400910523
7,0.5,2,SUB,58,0.978028974329192
7,0.5,2,SUB,59,1.1198671688445043
7,0.5,2,SUB,60,1.234183706481648
7,0.5,2,SUB,61,1.0803917866031547
7,0.5,2,SUB,62,1.243026130649145
7,0.5,2,SUB,63,1.0740081429185153
7,0.5,2,SUB,64,1.377292909570832
7,0.5,2,SUB,65,1.1397175215504518
7,0.5,2,SUB,66,1.1263118277130089
7,0.5,2,SUB,67,1.354908682807446
7,0.5,2,VI,0,1.2467589718930785
7,0.5,2,VI,1,1.3721097634930561
7,0.5,2,VI,2,1.150066613167677
7,0.5,2,VI,3,1.1443327181293892
7,0.5,2,VI,4,1.2113260097606564
7,0.5,2,VI,5,1.2080442136101297
7,0.5,2,VI,6,1.0557055772258646
7,0.5,2,VI,7,1.3893549730983423
7,0.5,2,VI,8,1.3351782578364275
7,0.5,2,VI,9,1.30388410328992
7,0.5,2,VI,10,1.3825273639008375
7,0.5,2,VI,11,1.6407772458122873
7,0.5,2,VI,12,1.4334032811355617
7,0.5,2,VI,13,1.0851312193163525
7,0.5,2,VI,14,1.6219643229845357
7,0.5,2,VI,15,1.3953365327574438
7,0.5,2,VI,16,1.4367966319381866
7,0.5,2,VI,17,1.59890568381637
7,0.5,2,VI,18,1.2412295015820893
7,0.5,2,VI,19,1.3240023993509007
7,0.5,2,VI,20,1.249791011988391
7,0.5,2,VI,21,1.4710315912663106
7,0.5,2,VI,22,1.1348777082556405
7,0.5,2,VI,23,1.2877006436339056
7,0.5,2,VI,24,0.960542959024299
7,0.5,2,VI,25,1.2791872294456461
7,0.5,2,VI,26,1.5257920774045364
7,0.5,2,VI,27,1.3068578817298213
7,0.5,2,VI,28,1.4254596850772228
7,0.5,2,VI,29,1.093510836564284
7,0.5,2,VI,30,1.6468716797409397
7,0.5,2,VI,31,1.196252145571124
7,0.5,2,VI,32,1.5202061650181642
7,0.5,2,VI,33,1.4255472203184298
7,0.5,2,VI,34,1.1876062723235163
7,0.5,2,VI,35,1.2143165600845802
7,0.5,2,VI,36,1.3599502696132104
7,0.5,2,VI,37,1.5108589885396124
7,0.5,2,VI,38,1.442491299316224
7,0.5,2,VI,39,1.4222514080382347
7,0.5,2,VI,40,1.5802273866236352
7,0.5,2,VI,41,1.4007013572846885
7,0.5,2,VI,42,0.9675506046694563
7,0.5,2,VI,43,1.4396012783783123
7,0.5,2,VI,44,1.3867734842456763
7,0.5,2,VI,45,1.5492224033825324
7,0.5,2,VI,46,1.3280289257967246
7,0.5,2,VI,47,1.2051518186917722
7,0.5,2,VI,48,0.9082581389042921
7,0.5,2,VI,49,1.3336779991345318
7,0.5,2,VI,50,1.4779981797258326
7,0.5,2,VI,51,1.800723837297136
7,0.5,2,VI,52,1.1689353585988105
7,0.5,2,VI,53,1.2458885079084183
7,0.5,2,VI,54,1.2856685654408533
7,0.5,2,VI,55,1.4457948198508994
7,0.5,2,VI,56,1.3016879610379803
7,0.5,2,VI,57,1.2608766695377933
7,0.5,2,VI,58,1.3238882150949314
7,0.5,2,VI,59,1.3607625458382826
7,0.5,2,VI,60,1.5744838315012557
7,0.5,2,VI,61,1.3878587990055438
7,0.5,2,VI,62,1.409169690906847
7,0.5,2,VI,63,1.4009165893989006
7,0.5,2,VI,64,1.6153736079144554
7,0.5,2,VI,65,1.3466139251412226
7,0.5,2,VI,66,1.2415874080335858
7,0.5,2,VI,67,1.5137533498830982
7,0.5,5,SUB,0,0.2757626301019532
7,0.5,5,SUB,1,0.33843431241012567
7,0.5,5,SUB,2,0.2672661127041693
7,0.5,5,SUB,3,0.2930228103579961
7,0.5,5,SUB,4,0.35058869888700633
7,0.5,5,SUB,5,0.34234721820350894
7,0.5,5,SUB,6,0.2640095256822853
7,0.5,5,SUB,7,0.24766939072275856
7,0.5,5,SUB,8,0.30109326517258367
7,0.5,5,SUB,9,0.2601509813490118
7,0.5,5,SUB,10,0.2800819353206377
7,0.5,5,SUB,11,0.28224836549988747
7,0.5,5,SUB,12,0.25482116458939486
7,0.5,5,SUB,13,0.28159812711410215
7,0.5,5,SUB,14,0.3661518587394304
7,0.5,5,SUB,15,0.22391026971954622
7,0.5,5,SUB,16,0.26622582454658383
7,0.5,5,SUB,17,0.3323927659433498
7,0.5,5,SUB,18,0.27859089623991573
7,0.5,5,SUB,19,0.34393144305253615
7,0.5,5,SUB,20,0.16258478886932373
7,0.5,5,SUB,21,0.23548602536031998
7,0.5,5,SUB,22,0.29617931781564893
7,0.5,5,SUB,23,0.29757047373175266
7,0.5,5,SUB,24,0.2577112541326312
7,0.5,5,SUB,25,0.3398210352677967
7,0.5,5,SUB,26,0.22561113929563703
7,0.5,5,SUB,27,0.3329862576549969
7,0.5,5,SUB,28,0.3150367725204804
7,0.5,5,SUB,29,0.33031419232057146
7,0.5,5,SUB,30,0.23201423559727422
7,0.5,5,SUB,31,0.2552089638795801
7,0.5,5,SUB,32,0.25277141238539774
7,0.5,5,SUB,33,0.31247261362222495
7,0.5,5,SUB,34,0.27460441695030435
7,0.5,5,SUB,35,0.31583704774539617
7,0.5,5,SUB,36,0.3113104547765099
7,0.5,5,SUB,37,0.3055127944875044
7,0.5,5,SUB,38,0.2519180309809698
7,0.5,5,SUB,39,0.2515395756881582
7,0.5,5,SUB,40,0.28889098801749835
7,0.5,5,SUB,41,0.29268486001519434
7,0.5,5,SUB,42,0.30603954557999025
7,0.5,5,SUB,43,0.26974487578641493
7,0.5,5,SUB,44,0.27232602766564723
7,0.5,5,SUB,45,0.3070467856500082
7,0.5,5,SUB,46,0.2532207530022572
7,0.5,5,SUB,47,0.3203201214335571
7,0.5,5,SUB,48,0.3167482984781076
7,0.5,5,SUB,49,0.26830556328566185
7,0.5,5,SUB,50,0.2929606922348129
7,0.5,5,SUB,51,0.27262719004348723
7,0.5,5,SUB,52,0.3228671537936211
7,0.5,5,SUB,53,0.2876160059502512
7,0.5,5,SUB,54,0.2895879390120518
7,0.5,5,SUB,55,0.24875063422708138
7,0.5,5,SUB,56,0.24742122426366017
7,0.5,5,SUB,57,0.3074401939527467
7,0.5,5,SUB,58,0.2726325394474106
7,0.5,5,SUB,59,0.27086238774519783
7,0.5,5,SUB,60,0.29979719226178303
7,0.5,5,SUB,61,0.2650073405558859
7,0.5,5,SUB,62,0.23920942773882625
7,0.5,5,SUB,63,0.22847626180504213
7,0.5,5,SUB,64,0.2760310891821126
7,0.5,5,VI,0,1.4974379838469976
7,0.5,5,VI,1,2.139123659388212
7,0.5,5,VI,2,1.9120266114302904
7,0.5,5,VI,3,1.9732925269951325
7,0.5,5,VI,4,2.1314687635068155
7,0.5,5,VI,5,1.9049389260843044
7,0.5,5,VI,6,1.980503402398299
7,0.5,5,VI,7,1.9229869062132365
7,0.5,5,VI,8,2.0161963601698596
7,0.5,5,VI,9,1.7922941402686179
7,0.5,5,VI,10,1.6456871385076424
7,0.5,5,VI,11,1.8910518383929658
7,0.5,5,VI,12,1.9838671273215613
7,0.5,5,VI,13,1.811366876651426
7,0.5,5,VI,14,2.311537241574417
7,0.5,5,VI,15,1.8080244860836427
7,0.5,5,VI,16,2.1636632365956343
7,0.5,5,VI,17,2.243514232381875
7,0.5,5,VI,18,2.013138215683721
7,0.5,5,VI,19,2.045928945323812
7,0.5,5,VI,20,1.7766530215831373
7,0.5,5,VI,21,1.8704814967325232
7,0.5,5,VI,22,1.6760537652530936
7,0.5,5,VI,23,1.8945420041478465
7,0.5,5,VI,24,2.1987998106529547
7,0.5,5,VI,25,2.2775628252168394
7,0.5,5,VI,26,1.6774671478776113
7,0.5,5,VI,27,2.1684414794866576
7,0.5,5,VI,28,1.7656196383188065
7,0.5,5,VI,29,1.9971586426942551
7,0.5,5,VI,30,1.592057729275402
7,0.5,5,VI,31,1.9511966756275518
7,0.5,5,VI,32,1.8607091879427924
7,0.5,5,VI,33,2.120833172701595
7,0.5,5,VI,34,1.5917355313532888
7,0.5,5,VI,35,2.320570883073211
7,0.5,5,VI,36,2.019833513242491
7,0.5,5,VI,37,2.03747500938015
7,0.5,5,VI,38,1.7146457367160879
7,0.5,5,VI,39,1.622300450946112
7,0.5,5,VI,40,1.9209018325809648
7,0.5,5,VI,41,1.9850236437902549
7,0.5,5,VI,42,2.048959600767856
7,0.5,5,VI,43,1.7918312463136759
7,0.5,5,VI,44,1.7755916943156433
7,0.5,5,VI,45,1.536079223429464
7,0.5,5,VI,46,1.9817498352077112
7,0.5,5,VI,47,2.246490795936178
7,0.5,5,VI,48,1.8379868501333192
7,0.5,5,VI,49,1.7500028293809695
7,0.5,5,VI,50,1.9354629145163489
7,0.5,5,VI,51,2.0483233065742255
7,0.5,5,VI,52,2.1608475543703443
7,0.5,5,VI,53,2.2343616948081975
7,0.5,5,VI,54,1.9834197909131437
7,0.5,5,VI,55,1.5363350300934773
7,0.5,5,VI,56,1.7840053541634147
7,0.5,5,VI,57,1.798757966532915
7,0.5,5,VI,58,1.8965084276806476
7,0.5,5,VI,59,2.1255212765702463
7,0.5,5,VI,60,1.3876868648946286
7,0.5,5,VI,61,1.7832058633727803
7,0.5,5,VI,62,1.832693600171112
7,0.5,5,VI,63,1.8187599685366969
7,0.5,5,VI,64,1.8823888979104668
7,0.5,10,SUB,0,0.2282248248995563
7,0.5,10,SUB,1,0.22079955187965652
7,0.5,10,SUB,2,0.34384257164632237
7,0.5,10,SUB,3,0.2503580881934286
7,0.5,10,SUB,4,0.18829174147391187
7,0.5,10,SUB,5,0.25215607340896035
7,0.5,10,SUB,6,0.2614691509315346
7,0.5,10,SUB,7,0.25557138932886747
7,0.5,10,SUB,8,0.3430558590197633
7,0.5,10,SUB,9,0.19683365515323273
7,0.5,10,SUB,10,0.2702313183549306
7,0.5,10,SUB,11,0.3187529399310106
7,0.5,10,SUB,12,0.18546775992185413
7,0.5,10,SUB,13,0.18185228805374376
7,0.5,10,SUB,14,0.21147455175031676
7,0.5,10,SUB,15,0.176132268055755
7,0.5,10,SUB,16,0.1800156757617957
7,0.5,10,SUB,17,0.2536734641469008
7,0.5,10,SUB,18,0.2545695109611547
7,0.5,10,SUB,19,0.2587416004714224
7,0.5,10,SUB,20,0.1682758717005435
7,0.5,10,SUB,21,0.33916350018181607
7,0.5,10,SUB,22,0.2149309921981177
7,0.5,10,SUB,23,0.3582989462043224
7,0.5,10,SUB,24,0.2584076382712222
7,0.5,10,SUB,25,0.26047669526317174
7,0.5,10,SUB,26,0.23685180612312878
7,0.5,10,SUB,27,0.2384919222601494
7,0.5,10,SUB,28,0.21091439975217813
7,0.5,10,SUB,29,0.23401318997674303
7,0.5,10,SUB,30,0.2979748135676108
7,0.5,10,SUB,31,0.19505341018858804
7,0.5,10,SUB,32,0.1717854395234689
7,0.5,10,SUB,33,0.27881089745133353
7,0.5,10,SUB,34,0.2026586503059249
7,0.5,10,SUB,35,0.25001080436974754
7,0.5,10,SUB,36,0.20075846250168425
7,0.5,10,SUB,37,0.24044173669399135
7,0.5,10,SUB,38,0.24404585139960652
7,0.5,10,SUB,39,0.2188036064354574
7,0.5,10,SUB,40,0.15954823772977794
7,0.5,10,SUB,41,0.25111425993043357
7,0.5,10,SUB,42,0.2129583585152422
7,0.5,10,SUB,43,0.2568685967039296
7,0.5,10,SUB,44,0.2876073840164938
7,0.5,10,SUB,45,0.1841535447494186
7,0.5,10,SUB,46,0.26118992590584417
7,0.5,10,SUB,47,0.2101590585173422
7,0.5,10,SUB,48,0.25462760916449884
7,0.5,10,SUB,49,0.28443911731802446
7,0.5,10,SUB,50,0.2942247011691989
7,0.5,10,SUB,51,0.2573609655417568
7,0.5,10,SUB,52,0.30309528268392233
7,0.5,10,SUB,53,0.2529113877508223
7,0.5,10,SUB,54,0.2207861605723344
7,0.5,10,SUB,55,0.24590953602311627
7,0.5,10,SUB,56,0.3142563293930557
7,0.5,10,SUB,57,0.19453790858231365
7,0.5,10,SUB,58,0.2077672588172468
7,0.5,10,SUB,59,0.22235336572713932
7,0.5,10,VI,0,1.4974825207568756
7,0.5,10,VI,1,1.9733667367737224
7,0.5,10,VI,2,1.9209893206377209
7,0.5,10,VI,3,1.98058324346839
7,0.5,10,VI,4,1.7767030484847712
7,0.5,10,VI,5,1.8911038092980608
7,0.5,10,VI,6,2.03755863953862
7,0.5,10,VI,7,1.9818300282697296
7,0.5,10,VI,8,1.838057418840632
7,0.5,10,VI,9,1.7988206189793143
7,0.5,10,VI,10,2.2344247006925557
7,0.5,10,VI,11,1.2932330773372966
7,0.5,10,VI,12,1.6775182454757833
7,0.5,10,VI,13,1.7147059634349764
7,0.5,10,VI,14,1.8607866738485077
7,0.5,10,VI,15,1.7500685867272385
7,0.5,10,VI,16,2.0199107317713856
7,0.5,10,VI,17,1.9512480320765149
7,0.5,10,VI,18,2.1209202193635783
7,0.5,10,VI,19,2.049019156194719
7,0.5,10,VI,20,1.8327592953031797
7,0.5,10,VI,21,1.8946079868359225
7,0.5,10,VI,22,1.8114261644773912
7,0.5,10,VI,23,2.1315600845769826
7,0.5,10,VI,24,1.7656652501045316
7,0.5,10,VI,25,2.320654456825378
7,0.5,10,VI,26,1.8188179679140843
7,0.5,10,VI,27,1.8965741103451992
7,0.5,10,VI,28,2.163732374553462
7,0.5,10,VI,29,1.5361221427976417
7,0.5,10,VI,30,1.536389137467485
7,0.5,10,VI,31,2.046008696926837
7,0.5,10,VI,32,1.7832702089596937
7,0.5,10,VI,33,2.2436037202900567
7,0.5,10,VI,34,1.7919102740616308
7,0.5,10,VI,35,2.1617947377451747
7,0.5,10,VI,36,1.8080958988092657
7,0.5,10,VI,37,1.9839201855751394
7,0.5,10,VI,38,1.387728717824882
7,0.5,10,VI,39,2.1685244842116322
7,0.5,10,VI,40,1.9120864908460664
7,0.5,10,VI,41,1.5921198253224802
7,0.5,10,VI,42,1.792376147319178
7,0.5,10,VI,43,2.1391912619070563
7,0.5,10,VI,44,1.9630603574184888
7,0.5,10,VI,45,1.8705435681882476
7,0.5,10,VI,46,2.277629913544146
7,0.5,10,VI,47,1.9834823769238945
7,0.5,10,VI,48,1.9049947293121805
7,0.5,10,VI,49,1.9972450612271748
7,0.5,10,VI,50,2.016257784818089
7,0.5,10,VI,51,1.935541934908729
7,0.5,10,VI,52,1.98509612583821
7,0.5,10,VI,53,2.2465807175935115
7,0.5,10,VI,54,1.5917882627227773
7,0.5,10,VI,55,2.311611185735342
7,0.5,10,VI,56,2.046811080959375
7,0.5,10,VI,57,1.775647289214566
7,0.5,10,VI,58,1.8824619388626178
7,0.5,10,VI,59,1.622350253891866
7,0.5,20,SUB,0,0.1877489566204056
7,0.5,20,SUB,1,0.20432001059614546
7,0.5,20,SUB,2,0.2330878011538801
7,0.5,20,SUB,3,0.16776298239465856
7,0.5,20,SUB,4,0.23185223429397744
7,0.5,20,SUB,5,0.19401900819530607
7,0.5,20,SUB,6,0.21403525725045355
7,0.5,20,SUB,7,0.1856274379142264
7,0.5,20,SUB,8,0.21319200022237264
7,0.5,20,SUB,9,0.1400718747574441
7,0.5,20,SUB,10,0.18568604619748488
7,0.5,20,SUB,11,0.23520238890786893
7,0.5,20,SUB,12,0.13777612173720472
7,0.5,20,SUB,13,0.1755016633465688
7,0.5,20,SUB,14,0.20814276339887988
7,0.5,20,SUB,15,0.1660769839845659
7,0.5,20,SUB,16,0.17221710354855696
7,0.5,20,SUB,17,0.21597822146381002
7,0.5,20,SUB,18,0.2569555420181408
7,0.5,20,SUB,19,0.24079575502268336
7,0.5,20,SUB,20,0.15159128971964328
7,0.5,20,SUB,21,0.17685169369332016
7,0.5,20,SUB,22,0.18508237359111285
7,0.5,20,SUB,23,0.16584450133013823
7,0.5,20,SUB,24,0.2116304802316878
7,0.5,20,SUB,25,0.175674148769526
7,0.5,20,SUB,26,0.13751504295107575
7,0.5,20,SUB,27,0.18194233048504635
7,0.5,20,SUB,28,0.21160651709893177
7,0.5,20,SUB,29,0.20881601311282225
7,0.5,20,SUB,30,0.19777435017451256
7,0.5,20,SUB,31,0.24167531981991208
7,0.5,20,SUB,32,0.15990617425946957
7,0.5,20,SUB,33,0.16749999404420382
7,0.5,20,SUB,34,0.1936368315465264
7,0.5,20,SUB,35,0.1875676902983546
7,0.5,20,SUB,36,0.21931028508980155
7,0.5,20,SUB,37,0.2261955116375805
7,0.5,20,SUB,38,0.2055172040950357
7,0.5,20,SUB,39,0.185610752401822
7,0.5,20,SUB,40,0.23667317453000586
7,0.5,20,SUB,41,0.17744791299772153
7,0.5,20,SUB,42,0.17019153399072812
7,0.5,20,SUB,43,0.20709117619125833
7,0.5,20,SUB,44,0.25225736891786055
7,0.5,20,SUB,45,0.24447981147478104
7,0.5,20,SUB,46,0.14508486489977604
7,0.5,20,SUB,47,0.18525020098521763
7,0.5,20,SUB,48,0.16042406365108283
7,0.5,20,SUB,49,0.20462193723278888
7,0.5,20,VI,0,2.246566677033446
7,0.5,20,VI,1,2.161770826377316
7,0.5,20,VI,2,1.811412336687072
7,0.5,20,VI,3,1.3877213514977247
7,0.5,20,VI,4,1.7923619772138524
7,0.5,20,VI,5,2.139180358226414
7,0.5,20,VI,6,1.676102027928
7,0.5,20,VI,7,1.9209868224428184
7,0.5,20,VI,8,1.8080792153413345
7,0.5,20,VI,9,1.750051118327094
7,0.5,20,VI,10,1.8946027076349412
7,0.5,20,VI,11,1.9733563920647015
7,0.5,20,VI,12,1.7756274907190794
7,0.5,20,VI,13,1.935541147388297
7,0.5,20,VI,14,1.7146921511923485
7,0.5,20,VI,15,1.6774962522783001
7,0.5,20,VI,16,1.5361165417896905
7,0.5,20,VI,17,1.980565912865292
7,0.5,20,VI,18,2.0468051549632067
7,0.5,20,VI,19,2.1609232705488473
7,0.5,20,VI,20,1.9230374814093858
7,0.5,20,VI,21,1.7840674468956637
7,0.5,20,VI,22,1.798812842429054
7,0.5,20,VI,23,2.320634094731096
7,0.5,20,VI,24,1.9818063123598608
7,0.5,20,VI,25,2.1988599515595597
7,0.5,20,VI,26,1.8327354713512258
7,0.5,20,VI,27,2.1255972670377594
7,0.5,20,VI,28,2.016253870946478
7,0.5,20,VI,29,1.8607684832740492
7,0.5,20,VI,30,1.8824456700573031
7,0.5,20,VI,31,1.4974676157249447
7,0.5,20,VI,32,1.5584224725786224
7,0.5,20,VI,33,1.776674669058857
7,0.5,20,VI,34,1.985093237027187
7,0.5,20,VI,35,1.870534841966501
7,0.5,20,VI,36,2.2435997556150538
7,0.5,20,VI,37,1.9838999505303476
7,0.5,20,VI,38,2.0199024502466307
7,0.5,20,VI,39,2.1315584603474393
7,0.5,20,VI,40,1.89656155906985
7,0.5,20,VI,41,2.048999118659233
7,0.5,20,VI,42,1.6457246672102492
7,0.5,20,VI,43,1.9049868602010662
7,0.5,20,VI,44,2.120907112562981
7,0.5,20,VI,45,1.9972377956522402
7,0.5,20,VI,46,1.9834766734815592
7,0.5,20,VI,47,2.1685160924815143
7,0.5,20,VI,48,1.8910871730518521
7,0.5,20,VI,49,2.0460024336162874
7,0.5,30,SUB,0,0.150539411650863
7,0.5,30,SUB,1,0.2004698206727797
7,0.5,30,SUB,2,0.21545511680297322
7,0.5,30,SUB,3,0.1489069911268346
7,0.5,30,SUB,4,0.1998358040486744
7,0.5,30,SUB,5,0.21110502702045797
7,0.5,30,SUB,6,0.18436324335112558
7,0.5,30,SUB,7,0.18678932514568147
7,0.5,30,SUB,8,0.17814733629741492
7,0.5,30,SUB,9,0.13993857973512436
7,0.5,30,SUB,10,0.1347520317280047
7,0.5,30,SUB,11,0.1335912544676673
7,0.5,30,SUB,12,0.15102044788740143
7,0.5,30,SUB,13,0.1426385088798794
7,0.5,30,SUB,14,0.1761250890180362
7,0.5,30,SUB,15,0.17836489998080063
7,0.5,30,SUB,16,0.1972814480884706
7,0.5,30,SUB,17,0.1951497679187522
7,0.5,30,SUB,18,0.17169778403252609
7,0.5,30,SUB,19,0.17087314664717865
7,0.5,30,SUB,20,0.19193266868451675
7,0.5,30,SUB,21,0.14280464172006288
7,0.5,30,SUB,22,0.1835851690067159
7,0.5,30,SUB,23,0.13489243034293158
7,0.5,30,SUB,24,0.16344082937943277
7,0.5,30,SUB,25,0.17420481398555918
7,0.5,30,SUB,26,0.1790009943403679
7,0.5,30,SUB,27,0.1651035730726315
7,0.5,30,SUB,28,0.23866200145320762
7,0.5,30,SUB,29,0.1728888766156431
7,0.5,30,SUB,30,0.15252477937781847
7,0.5,30,SUB,31,0.22875612565401865
7,0.5,30,SUB,32,0.16064975228442183
7,0.5,30,SUB,33,0.16895673343148013
7,0.5,30,SUB,34,0.13813522032381959
7,0.5,30,SUB,35,0.2016759957516833
7,0.5,30,SUB,36,0.19630953677321175
7,0.5,30,SUB,37,0.22820986016132455
7,0.5,30,SUB,38,0.18206431364359257
7,0.5,30,SUB,39,0.19435056843449264
7,0.5,30,VI,0,1.8327067358386169
7,0.5,30,VI,1,1.896534127294216
7,0.5,30,VI,2,1.2932219656318564
7,0.5,30,VI,3,2.3115667540521794
7,0.5,30,VI,4,2.1391417961138512
7,0.5,30,VI,5,2.120879923452648
7,0.5,30,VI,6,1.7923352310236687
7,0.5,30,VI,7,2.0467748551001668
7,0.5,30,VI,8,2.125561263620569
7,0.5,30,VI,9,2.0489665573340665
7,0.5,30,VI,10,2.277571838506291
7,0.5,30,VI,11,1.9230054496152351
7,0.5,30,VI,12,2.246529926052565
7,0.5,30,VI,13,2.3205896452688792
7,0.5,30,VI,14,1.9972149822488694
7,0.5,30,VI,15,2.0131934649309087
7,0.5,30,VI,16,1.920968287586712
7,0.5,30,VI,17,1.5363710548040517
7,0.5,30,VI,18,1.81138749807213
7,0.5,30,VI,19,1.9355240854905522
7,0.5,30,VI,20,1.5361006827582149
7,0.5,30,VI,21,1.8080499700911452
7,0.5,30,VI,22,1.5921072972033201
7,0.5,30,VI,23,1.9834438586402576
7,0.5,30,VI,24,1.7500281116463972
7,0.5,30,VI,25,1.9805363022351699
7,0.5,30,VI,26,1.7146688567321404
7,0.5,30,VI,27,2.0483741523242127
7,0.5,30,VI,28,1.83803957645303
7,0.5,30,VI,29,1.870497408758575
7,0.5,30,VI,30,1.6222998831492925
7,0.5,30,VI,31,1.9733331930626967
7,0.5,30,VI,32,1.9511764251891255
7,0.5,30,VI,33,1.9838619530069113
7,0.5,30,VI,34,1.775601409092587
7,0.5,30,VI,35,1.791877306672385
7,0.5,30,VI,36,1.7987960388545796
7,0.5,30,VI,37,1.7656397797255083
7,0.5,30,VI,38,1.9630104336381005
7,0.5,30,VI,39,1.38770922299802
8,0.0,2,SUB,0,0.008870099382560531
8,0.0,2,SUB,1,0.1479824928207831
8,0.0,2,SUB,2,0.1654006349877012
8,0.0,2,SUB,3,0.02527759436969635
8,0.0,2,SUB,4,0.1242809974091288
8,0.0,2,SUB,5,0.04762455482584504
8,0.0,2,SUB,6,0.19286394470819695
8,0.0,2,SUB,7,0.1261866778049709
8,0.0,2,SUB,8,0.08541900300884095
8,0.0,2,SUB,9,0.15924803000488802
8,0.0,2,SUB,10,0.1849432772674204
8,0.0,2,SUB,11,0.05974082720088774
8,0.0,2,SUB,12,0.23186124436552438
8,0.0,2,SUB,13,0.029500642515126605
8,0.0,2,SUB,14,0.15615669444470198
8,0.0,2,SUB,15,0.14162061302671203
8,0.0,2,SUB,16,0.09244444276386768
8,0.0,2,SUB,17,0.13913613660376117
8,0.0,2,SUB,18,0.1568720573406889
8,0.0,2,SUB,19,0.04490154688988052
8,0.0,2,SUB,20,0.15098535880120445
8,0.0,2,SUB,21,0.024144986773869868
8,0.0,2,SUB,22,0.05074938436131081
8,0.0,2,SUB,23,0.1292894793286413
8,0.0,2,SUB,24,0.18221094335638785
8,0.0,2,SUB,25,0.1624968131333345
8,0.0,2,SUB,26,0.2472466335747593
8,0.0,2,SUB,27,0.03899113757851966
8,0.0,2,SUB,28,0.19402552512437224
8,0.0,2,SUB,29,0.024466929719272276
8,0.0,2,SUB,30,0.05845042265716272
8,0.0,2,SUB,31,0.1239512938543744
8,0.0,2,SUB,32,0.026042782999808875
8,0.0,2,SUB,33,0.1034205680533307
8,0.0,2,SUB,34,0.23590540877993027
8,0.0,2,SUB,35,0.07265999885486345
8,0.0,2,SUB,36,0.016187650625573285
8,0.0,2,SUB,37,0.21126016939535625
8,0.0,2,SUB,38,0.1938075397498587
8,0.0,2,SUB,39,0.06907721760844718
8,0.0,2,SUB,40,0.11106509504283378
8,0.0,2,SUB,41,0.11399199501221194
8,0.0,2,SUB,42,0.024924140462206007
8,0.0,2,SUB,43,0.04820668517700322
8,0.0,2,SUB,44,0.1299977462908506
8,0.0,2,SUB,45,0.14679823026300154
8,0.0,2,SUB,46,0.07634964018569378
8,0.0,2,SUB,47,0.12358173772768018
8,0.0,2,SUB,48,0.05481601820984244
8,0.0,2,SUB,49,0.025861192794857272
8,0.0,2,SUB,50,0.1518336821689267
8,0.0,2,SUB,51,0.11786969207411079
8,0.0,2,SUB,52,0.07217208523048423
8,0.0,2,SUB,53,0.07586573628215404
8,0.0,2,SUB,54,0.08047936990650238
8,0.0,2,SUB,55,0.06690804203408444
8,0.0,2,SUB,56,0.10719655930241716
8,0.0,2,SUB,57,0.03693213832425929
8,0.0,2,SUB,58,0.05526879011715279
8,0.0,2,SUB,59,0.046457474069970334
8,0.0,2,SUB,60,0.1492950569046871
8,0.0,2,SUB,61,0.21663320692190152
8,0.0,2,SUB,62,0.14019250074090428
8,0.0,2,SUB,63,0.03538577163767556
8,0.0,2,SUB,64,0.016372412534673666
8,0.0,2,SUB,65,0.15473022545753323
8,0.0,2,SUB,66,0.1556468694023065
8,0.0,2,SUB,67,0.09248825237967066
8,0.0,2,VI,0,5.193342539883752e-08
8,0.0,2,VI,1,0.15587545470604555
8,0.0,2,VI,2,0.16659303883476528
8,0.0,2,VI,3,0.0019614269599490066
8,0.0,2,VI,4,0.12430593982370089
8,0.0,2,VI,5,0.051610126963875846
8,0.0,2,VI,6,0.1960579343604721
8,0.0,2,VI,7,0.11794413543503192
8,0.0,2,VI,8,0.08466373864139451
8,0.0,2,VI,9,0.16764588242404938
8,0.0,2,VI,10,0.18073203065289548
8,0.0,2,VI,11,0.06111181342860171
8,0.0,2,VI,12,0.23622616473123415
8,0.0,2,VI,13,0.029186599852590554
8,0.0,2,VI,14,0.14815176820346324
8,0.0,2,VI,15,0.14813498042156892
8,0.0,2,VI,16,0.07137158996468475
8,0.0,2,VI,17,0.13901511670027827
8,0.0,2,VI,18,0.16232083328802413
8,0.0,2,VI,19,0.04763103093469212
8,0.0,2,VI,20,0.1458070825588519
8,0.0,2,VI,21,0.018470540525863863
8,0.0,2,VI,22,0.03657657952400332
8,0.0,2,VI,23,0.12236160139745585
8,0.0,2,VI,24,0.1776382942915191
8,0.0,2,VI,25,0.17082884149060165
8,0.0,2,VI,26,0.25172070695172505
8,0.0,2,VI,27,0.02668198624714454
8,0.0,2,VI,28,0.1938113982811322
8,0.0,2,VI,29,0.0021234370624068147
8,0.0,2,VI,30,0.06222573988105132
8,0.0,2,VI,31,0.12880497854159206
8,0.0,2,VI,32,0.02293009210096792
8,0.0,2,VI,33,0.09697417040139107
8,0.0,2,VI,34,0.23868757496152826
8,0.0,2,VI,35,0.08409882975464099
8,0.0,2,VI,36,0.00692982095235809
8,0.0,2,VI,37,0.2079556929258837
8,0.0,2,VI,38,0.1917565736106874
8,0.0,2,VI,39,0.0655242456441152
8,0.0,2,VI,40,0.11903765348110089
8,0.0,2,VI,41,0.10625946427804021
8,0.0,2,VI,42,0.0076929235035771105
8,0.0,2,VI,43,0.052164891326388185
8,0.0,2,VI,44,0.1217139011721382
8,0.0,2,VI,45,0.15633939566828997
8,0.0,2,VI,46,0.08125906983496886
8,0.0,2,VI,47,0.11500866019886062
8,0.0,2,VI,48,0.05210766375870762
8,0.0,2,VI,49,0.012018569891639514
8,0.0,2,VI,50,0.15802669608607925
8,0.0,2,VI,51,0.11608088711803942
8,0.0,2,VI,52,0.07312710302366113
8,0.0,2,VI,53,0.07325266904985822
8,0.0,2,VI,54,0.07496156653199668
8,0.0,2,VI,55,0.07393832991344892
8,0.0,2,VI,56,0.09621732081545688
8,0.0,2,VI,57,0.04627563589731976
8,0.0,2,VI,58,0.0674235033301795
8,0.0,2,VI,59,0.04794933225989695
8,0.0,2,VI,60,0.1494182350237576
8,0.0,2,VI,61,0.21243246621731537
8,0.0,2,VI,62,0.13725621140733768
8,0.0,2,VI,63,0.029750079425378037
8,0.0,2,VI,64,0.012118745067728665
8,0.0,2,VI,65,0.15014145697697562
8,0.0,2,VI,66,0.16429087806203813
8,0.0,2,VI,67,0.09455216280741993
8,0.0,5,SUB,0,0.4504265381178995
8,0.0,5,SUB,1,0.42135983220582085
8,0.0,5,SUB,2,0.3774808981876918
8,0.0,5,SUB,3,0.5447356581294016
8,0.0,5,SUB,4,0.5988981559107922
8,0.0,5,SUB,5,0.4752238386247855
8,0.0,5,SUB,6,0.06888842613291417
8,0.0,5,SUB,7,0.013145623022909602
8,0.0,5,SUB,8,0.44299245135867493
8,0.0,5,SUB,9,0.04083068933938593
8,0.0,5,SUB,10,0.10394847245857937
8,0.0,5,SUB,11,0.3541686574092765
8,0.0,5,SUB,12,0.20865351969840426
8,0.0,5,SUB,13,0.38851551143156277
8,0.0,5,SUB,14,0.6161326636961562
8,0.0,5,SUB,15,0.1696810889009452
8,0.0,5,SUB,16,0.12015035179012162
8,0.0,5,SUB,17,0.35486407618040805
8,0.0,5,SUB,18,0.018941419678857718
8,0.0,5,SUB,19,0.39634313952194
8,0.0,5,SUB,20,0.6266702653319871
8,0.0,5,SUB,21,0.2864402158620149
8,0.0,5,SUB,22,0.12431553555057145
8,0.0,5,SUB,23,0.035734011297417614
8,0.0,5,SUB,24,0.010704718018716251
8,0.0,5,SUB,25,0.4272206435038564
8,0.0,5,SUB,26,0.6211263421124236
8,0.0,5,SUB,27,0.07660122324173206
8,0.0,5,SUB,28,0.23036136891146317
8,0.0,5,SUB,29,0.05474494527511227
8,0.0,5,SUB,30,0.33415143132520053
8,0.0,5,SUB,31,0.3800126714216694
8,0.0,5,SUB,32,0.6381677127411471
8,0.0,5,SUB,33,0.42886579548004977
8,0.0,5,SUB,34,0.15032634649885396
8,0.0,5,SUB,35,0.02803809855296929
8,0.0,5,SUB,36,0.3542605426923736
8,0.0,5,SUB,37,0.05409125181086348
8,0.0,5,SUB,38,0.38917259586909186
8,0.0,5,SUB,39,0.06375011232359956
8,0.0,5,SUB,40,0.42745777596787743
8,0.0,5,SUB,41,0.060344405079641526
8,0.0,5,SUB,42,0.031670270123669596
8,0.0,5,SUB,43,0.08732032000378437
8,0.0,5,SUB,44,0.16207456865541603
8,0.0,5,SUB,45,0.3525499090355012
8,0.0,5,SUB,46,0.0939838559764673
8,0.0,5,SUB,47,0.10487673484637537
8,0.0,5,SUB,48,0.5425297302843635
8,0.0,5,SUB,49,0.18624448587321923
8,0.0,5,SUB,50,0.49238562908686123
8,0.0,5,SUB,51,0.135218443010707
8,0.0,5,SUB,52,0.06846398029489324
8,0.0,5,SUB,53,0.008770650647539926
8,0.0,5,SUB,54,0.518646036012691
8,0.0,5,SUB,55,0.4347783346340727
8,0.0,5,SUB,56,0.13923232635828006
8,0.0,5,SUB,57,0.05160663022425938
8,0.0,5,SUB,58,0.06321860809065152
8,0.0,5,SUB,59,0.01211692399577262
8,0.0,5,SUB,60,0.48798485042098955
8,0.0,5,SUB,61,0.05453740066411184
8,0.0,5,SUB,62,0.5930427141305332
8,0.0,5,SUB,63,0.40168684377465336
8,0.0,5,SUB,64,0.011980106063524341
8,0.0,5,VI,0,0.00598559219065683
8,0.0,5,VI,1,0.003196162029684121
8,0.0,5,VI,2,0.02220752454788101
8,0.0,5,VI,3,0.005927066362645192
8,0.0,5,VI,4,0.0017949243671252512
8,0.0,5,VI,5,0.00277037653496912
8,0.0,5,VI,6,0.01202962582300302
8,0.0,5,VI,7,1.9904284004079802e-07
8,0.0,5,VI,8,0.0036348627127415524
8,0.0,5,VI,9,0.02313233040681685
8,0.0,5,VI,10,0.05095222270084456
8,0.0,5,VI,11,0.013380424035865953
8,0.0,5,VI,12,0.01938704753641273
8,0.0,5,VI,13,0.006386811944127235
8,0.0,5,VI,14,0.01777883501467895
8,0.0,5,VI,15,0.022077710366606725
8,0.0,5,VI,16,0.06386030143488992
8,0.0,5,VI,17,0.003722641168601412
8,0.0,5,VI,18,0.00010819851051676985
8,0.0,5,VI,19,0.004429027429537734
8,0.0,5,VI,20,0.013294173295990159
8,0.0,5,VI,21,0.001353647348606388
8,0.0,5,VI,22,0.06133387028540372
8,0.0,5,VI,23,1.458953519138782e-07
8,0.0,5,VI,24,1.0721648953598588e-07
8,0.0,5,VI,25,0.0424314326131248
8,0.0,5,VI,26,0.01598166704454287
8,0.0,5,VI,27,0.014150324334275736
8,0.0,5,VI,28,0.0031997151312957266
8,0.0,5,VI,29,0.032372124309536676
8,0.0,5,VI,30,0.008169833800882473
8,0.0,5,VI,31,0.0035231787207224583
8,0.0,5,VI,32,0.015329761549767042
8,0.0,5,VI,33,0.003145513081084941
8,0.0,5,VI,34,0.02836543146200438
8,0.0,5,VI,35,0.02119473208349677
8,0.0,5,VI,36,0.01343034283178971
8,0.0,5,VI,37,0.0005424318763103274
8,0.0,5,VI,38,0.003451516712018394
8,0.0,5,VI,39,0.00029464503293151923
8,0.0,5,VI,40,0.01810979336399423
8,0.0,5,VI,41,0.009393449170005161
8,0.0,5,VI,42,0.021436025536365054
8,0.0,5,VI,43,0.0003064583737747641
8,0.0,5,VI,44,0.08693432764231988
8,0.0,5,VI,45,0.0038562759649690376
8,0.0,5,VI,46,0.05699806849855052
8,0.0,5,VI,47,0.06628866211105625
8,0.0,5,VI,48,0.0012640162308183316
8,0.0,5,VI,49,0.005020716469272335
8,0.0,5,VI,50,0.08291957928668596
8,0.0,5,VI,51,0.07799970418451165
8,0.0,5,VI,52,0.03903224753421998
8,0.0,5,VI,53,1.3360674367979935e-07
8,0.0,5,VI,54,0.0024373387717007084
8,0.0,5,VI,55,0.09767813415140504
8,0.0,5,VI,56,0.07756279532949201
8,0.0,5,VI,57,3.3206561836103966e-07
8,0.0,5,VI,58,0.005307802946623682
8,0.0,5,VI,59,1.6732002801315348e-07
8,0.0,5,VI,60,0.009049619520257157
8,0.0,5,VI,61,0.0009404511322388075
8,0.0,5,VI,62,0.0018444513751304248
8,0.0,5,VI,63,0.01621576853718209
8,0.0,5,VI,64,0.00039321397739143206
8,0.0,10,SUB,0,0.009356450856244421
8,0.0,10,SUB,1,0.01046660229473313
8,0.0,10,SUB,2,0.015833050505506423
8,0.0,10,SUB,3,0.01731327095102501
8,0.0,10,SUB,4,0.01994558453610312
8,0.0,10,SUB,5,0.019589801145351957
8,0.0,10,SUB,6,0.013853550965124825
8,0.0,10,SUB,7,0.0129956110852748
8,0.0,10,SUB,8,0.014924789694263982
8,0.0,10,SUB,9,0.014442436855871377
8,0.0,10,SUB,10,0.014394805915185674
8,0.0,10,SUB,11,0.04252903351635421
8,0.0,10,SUB,12,0.015149951736333142
8,0.0,10,SUB,13,0.015421692532034306
8,0.0,10,SUB,14,0.01141509259416007
8,0.0,10,SUB,15,0.019683920683892055
8,0.0,10,SUB,16,0.018978918327781945
8,0.0,10,SUB,17,0.015759093712311607
8,0.0,10,SUB,18,0.01100853077675981
8,0.0,10,SUB,19,0.012437753346658467
8,0.0,10,SUB,20,0.02647430300937728
8,0.0,10,SUB,21,0.01883539369107434
8,0.0,10,SUB,22,0.008770530435069163
8,0.0,10,SUB,23,0.01606754493570419
8,0.0,10,SUB,24,0.01601192816549667
8,0.0,10,SUB,25,0.028693943247634395
8,0.0,10,SUB,26,0.011269755223591043
8,0.0,10,SUB,27,0.009709864819899515
8,0.0,10,SUB,28,0.023600000543941253
8,0.0,10,SUB,29,0.020408624761754975
8,0.0,10,SUB,30,0.008961289942815632
8,0.0,10,SUB,31,0.015445951380296108
8,0.0,10,SUB,32,0.01712959957018077
8,0.0,10,SUB,33,0.04108252716118222
8,0.0,10,SUB,34,0.01792858445650973
8,0.0,10,SUB,35,0.0580426587396321
8,0.0,10,SUB,36,0.016626057116101697
8,0.0,10,SUB,37,0.0181718390869249
8,0.0,10,SUB,38,0.008392513480281964
8,0.0,10,SUB,39,0.04256987639073146
8,0.0,10,SUB,40,0.026329929695970342
8,0.0,10,SUB,41,0.02281349387965682
8,0.0,10,SUB,42,0.01546172018884357
8,0.0,10,SUB,43,0.016626768934144796
8,0.0,10,SUB,44,0.01622012673325353
8,0.0,10,SUB,45,0.01088100844635014
8,0.0,10,SUB,46,0.015639796501677915
8,0.0,10,SUB,47,0.037717120893874204
8,0.0,10,SUB,48,0.01450903226229722
8,0.0,10,SUB,49,0.02204726400862461
8,0.0,10,SUB,50,0.015834803828363626
8,0.0,10,SUB,51,0.022491290753415365
8,0.0,10,SUB,52,0.042785272018481015
8,0.0,10,SUB,53,0.011789978526908999
8,0.0,10,SUB,54,0.007320814969722729
8,0.0,10,SUB,55,0.02835067613386187
8,0.0,10,SUB,56,0.01694099586062012
8,0.0,10,SUB,57,0.04029867900774411
8,0.0,10,SUB,58,0.041725336479194484
8,0.0,10,SUB,59,0.017981576092053673
8,0.0,10,VI,0,4.755215935148336e-06
8,0.0,10,VI,1,7.837087927044716e-07
8,0.0,10,VI,2,4.098398239031e-05
8,0.0,10,VI,3,2.410321438792937e-07
8,0.0,10,VI,4,3.0824520383871046e-07
8,0.0,10,VI,5,2.754192137228559e-07
8,0.0,10,VI,6,6.72059779970647e-07
8,0.0,10,VI,7,1.4347485026243547e-05
8,0.0,10,VI,8,3.273081385455083e-05
8,0.0,10,VI,9,3.836241937193202e-06
8,0.0,10,VI,10,8.525752753336673e-07
8,0.0,10,VI,11,0.03607270943996734
8,0.0,10,VI,12,1.3951341673094634e-06
8,0.0,10,VI,13,9.329235783579281e-07
8,0.0,10,VI,14,7.721085464368932e-06
8,0.0,10,VI,15,1.5863219879301063e-05
8,0.0,10,VI,16,5.777363489085984e-05
8,0.0,10,VI,17,0.0028133505448409892
8,0.0,10,VI,18,1.7509322943333783e-06
8,0.0,10,VI,19,3.703698666385172e-06
8,0.0,10,VI,20,0.021966306753899958
8,0.0,10,VI,21,4.465175750796551e-06
8,0.0,10,VI,22,2.787923337073461e-07
8,0.0,10,VI,23,1.0517822151568504e-06
8,0.0,10,VI,24,4.987539371336181e-06
8,0.0,10,VI,25,0.02254818366435681
8,0.0,10,VI,26,4.1143978192088035e-06
8,0.0,10,VI,27,9.255767201339544e-06
8,0.0,10,VI,28,3.2928192450816204e-06
8,0.0,10,VI,29,4.713960114756979e-06
8,0.0,10,VI,30,2.846026039121923e-06
8,0.0,10,VI,31,0.004439396875984817
8,0.0,10,VI,32,3.6886377969252543e-06
8,0.0,10,VI,33,0.03607996667306963
8,0.0,10,VI,34,3.6565712889727507e-06
8,0.0,10,VI,35,0.03203640484652217
8,0.0,10,VI,36,0.00010920385517337597
8,0.0,10,VI,37,0.0010874302212385786
8,0.0,10,VI,38,2.1667720912292406e-07
8,0.0,10,VI,39,0.03602779715616887
8,0.0,10,VI,40,0.01545372049705477
8,0.0,10,VI,41,1.4561667509263563e-06
8,0.0,10,VI,42,4.129908170450733e-06
8,0.0,10,VI,43,1.0036437155547908e-06
8,0.0,10,VI,44,2.376588734504952e-06
8,0.0,10,VI,45,1.2676703913423326e-06
8,0.0,10,VI,46,1.3297147569538922e-05
8,0.0,10,VI,47,0.03186117877054897
8,0.0,10,VI,48,1.66368163328879e-06
8,0.0,10,VI,49,2.96155460234661e-07
8,0.0,10,VI,50,4.017880102551798e-05
8,0.0,10,VI,51,2.250654470198463e-07
8,0.0,10,VI,52,0.03606533871691653
8,0.0,10,VI,53,0.004226659393859793
8,0.0,10,VI,54,4.4851702452597824e-07
8,0.0,10,VI,55,0.004642688899486
8,0.0,10,VI,56,0.00893312795655251
8,0.0,10,VI,57,0.02291217508830711
8,0.0,10,VI,58,0.036091544980462006
8,0.0,10,VI,59,0.0006078076040462224
8,0.0,20,SUB,0,0.009567423611151588
8,0.0,20,SUB,1,0.009194036144025631
8,0.0,20,SUB,2,0.008842477175168884
8,0.0,20,SUB,3,0.020461225990548258
8,0.0,20,SUB,4,0.011451095637111748
8,0.0,20,SUB,5,0.01867824219676197
8,0.0,20,SUB,6,0.015046820464347981
8,0.0,20,SUB,7,0.006540546461861571
8,0.0,20,SUB,8,0.010237254798636183
8,0.0,20,SUB,9,0.02022548212810642
8,0.0,20,SUB,10,0.016868826881100932
8,0.0,20,SUB,11,0.010689732062393443
8,0.0,20,SUB,12,0.008054788226194301
8,0.0,20,SUB,13,0.011662402810722452
8,0.0,20,SUB,14,0.014952565537777246
8,0.0,20,SUB,15,0.0475561590379637
8,0.0,20,SUB,16,0.009059226579042757
8,0.0,20,SUB,17,0.01353729490749605
8,0.0,20,SUB,18,0.013755484353711196
8,0.0,20,SUB,19,0.014617719929386857
8,0.0,20,SUB,20,0.008582840070308921
8,0.0,20,SUB,21,0.011865246455175183
8,0.0,20,SUB,22,0.012090428059687445
8,0.0,20,SUB,23,0.009314351141259662
8,0.0,20,SUB,24,0.01953027996018471
8,0.0,20,SUB,25,0.010717610748338303
8,0.0,20,SUB,26,0.013480193215914978
8,0.0,20,SUB,27,0.015397948621790456
8,0.0,20,SUB,28,0.010664217163117303
8,0.0,20,SUB,29,0.012674073663339376
8,0.0,20,SUB,30,0.013479616045694856
8,0.0,20,SUB,31,0.015283772073956469
8,0.0,20,SUB,32,0.00869767313088641
8,0.0,20,SUB,33,0.011094266915381467
8,0.0,20,SUB,34,0.020516728205837966
8,0.0,20,SUB,35,0.011742293067122654
8,0.0,20,SUB,36,0.013861576759849323
8,0.0,20,SUB,37,0.01853136592668881
8,0.0,20,SUB,38,0.016078046989158924
8,0.0,20,SUB,39,0.015112277890364127
8,0.0,20,SUB,40,0.012294715306463304
8,0.0,20,SUB,41,0.013278938432581157
8,0.0,20,SUB,42,0.018259716030561448
8,0.0,20,SUB,43,0.010262458473495778
8,0.0,20,SUB,44,0.009933723296223397
8,0.0,20,SUB,45,0.0096380295612687
8,0.0,20,SUB,46,0.011540359017878865
8,0.0,20,SUB,47,0.031049439685653813
8,0.0,20,SUB,48,0.017680366140453565
8,0.0,20,SUB,49,0.01231842920722095
8,0.0,20,VI,0,0.00043112778062480824
8,0.0,20,VI,1,2.1226150110988314e-07
8,0.0,20,VI,2,0.0013054603543192986
8,0.0,20,VI,3,7.334519776234129e-05
8,0.0,20,VI,4,9.364511471620617e-05
8,0.0,20,VI,5,0.00026174587054359676
8,0.0,20,VI,6,2.091774442686284e-07
8,0.0,20,VI,7,1.892149405728497e-07
8,0.0,20,VI,8,2.3504794502333972e-07
8,0.0,20,VI,9,0.0007442546161919432
8,0.0,20,VI,10,2.0888661467263547e-07
8,0.0,20,VI,11,2.390697476405382e-07
8,0.0,20,VI,12,1.6674539048454534e-07
8,0.0,20,VI,13,0.0001962678099969558
8,0.0,20,VI,14,2.7326164790320965e-07
8,0.0,20,VI,15,0.011574633865053101
8,0.0,20,VI,16,2.191063086745591e-07
8,0.0,20,VI,17,2.0171004102841628e-07
8,0.0,20,VI,18,2.0931561548855997e-07
8,0.0,20,VI,19,0.002028989376908083
8,0.0,20,VI,20,9.295087364672702e-05
8,0.0,20,VI,21,2.105312632878217e-07
8,0.0,20,VI,22,0.002138615079861356
8,0.0,20,VI,23,2.3306067619683927e-07
8,0.0,20,VI,24,0.0014975726388693656
8,0.0,20,VI,25,2.0793626047122971e-07
8,0.0,20,VI,26,2.331623282417153e-07
8,0.0,20,VI,27,2.4622769973972787e-07
8,0.0,20,VI,28,0.0006465963967565129
8,0.0,20,VI,29,0.0028242047733079453
8,0.0,20,VI,30,1.6423325058609954e-07
8,0.0,20,VI,31,2.2265858409778438e-07
8,0.0,20,VI,32,2.3607810875986248e-07
8,0.0,20,VI,33,2.5160842480507063e-07
8,0.0,20,VI,34,2.2839757284896544e-07
8,0.0,20,VI,35,2.3837771684443192e-07
8,0.0,20,VI,36,2.696254602178773e-07
8,0.0,20,VI,37,0.003350097826351073
8,0.0,20,VI,38,2.0864456296962297e-07
8,0.0,20,VI,39,2.5842182435232733e-07
8,0.0,20,VI,40,3.4705794912591993e-07
8,0.0,20,VI,41,0.000491206819211096
8,0.0,20,VI,42,0.0028364403153966337
8,0.0,20,VI,43,1.4896621346222926e-06
8,0.0,20,VI,44,2.706922127125479e-05
8,0.0,20,VI,45,0.0020361338084668315
8,0.0,20,VI,46,0.0019850936621223403
8,0.0,20,VI,47,0.0028250268994546948
8,0.0,20,VI,48,2.7556081537022937e-07
8,0.0,20,VI,49,2.2365773547297517e-07
8,0.0,30,SUB,0,0.005985532472124875
8,0.0,30,SUB,1,0.015993627181296204
8,0.0,30,SUB,2,0.009348482801702179
8,0.0,30,SUB,3,0.01309988437526926
8,0.0,30,SUB,4,0.011708450807316861
8,0.0,30,SUB,5,0.014118082863538124
8,0.0,30,SUB,6,0.005667967929498741
8,0.0,30,SUB,7,0.013445000667195292
8,0.0,30,SUB,8,0.006230297003068381
8,0.0,30,SUB,9,0.009276995720624535
8,0.0,30,SUB,10,0.01131156411240091
8,0.0,30,SUB,11,0.010400218837584586
8,0.0,30,SUB,12,0.010073638497158617
8,0.0,30,SUB,13,0.011006227434391263
8,0.0,30,SUB,14,0.011985191982363
8,0.0,30,SUB,15,0.009905120085641199
8,0.0,30,SUB,16,0.015838032668583548
8,0.0,30,SUB,17,0.0063919583110467375
8,0.0,30,SUB,18,0.013697354663907048
8,0.0,30,SUB,19,0.013619948852535991
8,0.0,30,SUB,20,0.011117602330213293
8,0.0,30,SUB,21,0.008294570520912092
8,0.0,30,SUB,22,0.008559847820093185
8,0.0,30,SUB,23,0.015458341966330938
8,0.0,30,SUB,24,0.014379381180683673
8,0.0,30,SUB,25,0.005631807848835168
8,0.0,30,SUB,26,0.008348153533268341
8,0.0,30,SUB,27,0.019507202479680467
8,0.0,30,SUB,28,0.00944609756405573
8,0.0,30,SUB,29,0.010728766316794232
8,0.0,30,SUB,30,0.015489634082247924
8,0.0,30,SUB,31,0.006778345123881201
8,0.0,30,SUB,32,0.008653563118011189
8,0.0,30,SUB,33,0.00952090097780438
8,0.0,30,SUB,34,0.012039142862479075
8,0.0,30,SUB,35,0.01678457560496035
8,0.0,30,SUB,36,0.011088992456992979
8,0.0,30,SUB,37,0.010007224408280556
8,0.0,30,SUB,38,0.004563345664792216
8,0.0,30,SUB,39,0.014642559211899697
8,0.0,30,VI,0,5.7024338052085316e-05
8,0.0,30,VI,1,9.072527471275019e-06
8,0.0,30,VI,2,6.752992663210056e-05
8,0.0,30,VI,3,5.577391538892774e-05
8,0.0,30,VI,4,5.643926673704868e-06
8,0.0,30,VI,5,7.943918939832558e-05
8,0.0,30,VI,6,7.793594021662245e-05
8,0.0,30,VI,7,4.443564228216895e-05
8,0.0,30,VI,8,0.001073207018489676
8,0.0,30,VI,9,5.5578561230837766e-05
8,0.0,30,VI,10,7.953841831551636e-05
8,0.0,30,VI,11,9.578244331623238e-06
8,0.0,30,VI,12,6.727038981477368e-06
8,0.0,30,VI,13,0.001938713698621001
8,0.0,30,VI,14,2.6417845500610966e-05
8,0.0,30,VI,15,0.0010478394306733078
8,0.0,30,VI,16,8.201377647869341e-06
8,0.0,30,VI,17,3.286744461563918e-05
8,0.0,30,VI,18,3.8118675880639166e-05
8,0.0,30,VI,19,6.101441059987523e-05
8,0.0,30,VI,20,7.298712366993766e-05
8,0.0,30,VI,21,3.0939178238169875e-06
8,0.0,30,VI,22,4.3607649073524506e-05
8,0.0,30,VI,23,7.103136765189002e-05
8,0.0,30,VI,24,4.202302942861792e-05
8,0.0,30,VI,25,6.309188787785652e-05
8,0.0,30,VI,26,1.0732811763121278e-05
8,0.0,30,VI,27,7.102812398806073e-05
8,0.0,30,VI,28,1.291024178296276e-05
8,0.0,30,VI,29,1.5522562321870418e-05
8,0.0,30,VI,30,2.1343072197879696e-05
8,0.0,30,VI,31,2.8823891415229475e-05
8,0.0,30,VI,32,9.722313062298005e-07
8,0.0,30,VI,33,3.1243615258641505e-05
8,0.0,30,VI,34,4.769368171008952e-05
8,0.0,30,VI,35,0.0013103154005533288
8,0.0,30,VI,36,5.080728407112083e-05
8,0.0,30,VI,37,0.00038880399844975783
8,0.0,30,VI,38,5.277650566752889e-05
8,0.0,30,VI,39,6.0861144062672855e-05
8,0.5,2,SUB,0,0.7579330524868093
8,0.5,2,SUB,1,0.7644211496477701
8,0.5,2,SUB,2,0.9603578576674414
8,0.5,2,SUB,3,0.7746715878163624
8,0.5,2,SUB,4,0.6702452989596288
8,0.5,2,SUB,5,0.7737349067455627
8,0.5,2,SUB,6,0.9823545965445712
8,0.5,2,SUB,7,0.86927295604282
8,0.5,2,SUB,8,0.758569319419912
8,0.5,2,SUB,9,0.8128992867697323
8,0.5,2,SUB,10,0.9500343510204027
8,0.5,2,SUB,11,0.8210996573786221
8,0.5,2,SUB,12,0.7857589432333879
8,0.5,2,SUB,13,0.8291173436159569
8,0.5,2,SUB,14,0.8385493278763085
8,0.5,2,SUB,15,0.7751466485781242
8,0.5,2,SUB,16,0.8173805727520821
8,0.5,2,SUB,17,0.9532439245123063
8,0.5,2,SUB,18,0.954743644720253
8,0.5,2,SUB,19,0.9294149490161653
8,0.5,2,SUB,20,0.6029483643222119
8,0.5,2,SUB,21,0.8770690190585324
8,0.5,2,SUB,22,0.8917327714745404
8,0.5,2,SUB,23,0.8145823946848354
8,0.5,2,SUB,24,0.9057584826273017
8,0.5,2,SUB,25,0.6040806276677251
8,0.5,2,SUB,26,0.8074930858281978
8,0.5,2,SUB,27,0.819062172619399
8,0.5,2,SUB,28,0.8123477795787771
8,0.5,2,SUB,29,0.8481489183700212
8,0.5,2,SUB,30,0.8391532192151085
8,0.5,2,SUB,31,1.0838030434558998
8,0.5,2,SUB,32,0.9642233588057816
8,0.5,2,SUB,33,0.915019728824515
8,0.5,2,SUB,34,0.9260969816278002
8,0.5,2,SUB,35,0.6952539238504579
8,0.5,2,SUB,36,0.7387315052168439
8,0.5,2,SUB,37,0.960804286696645
8,0.5,2,SUB,38,0.9477528770752816
8,0.5,2,SUB,39,0.9865037994654005
8,0.5,2,SUB,40,1.0202902102983276
8,0.5,2,SUB,41,0.9281539041953617
8,0.5,2,SUB,42,0.917276692744652
8,0.5,2,SUB,43,0.8945502436870295
8,0.5,2,SUB,44,0.7276117112004586
8,0.5,2,SUB,45,0.9312605056945656
8,0.5,2,SUB,46,0.9110189706487334
8,0.5,2,SUB,47,0.9396951489336437
8,0.5,2,SUB,48,1.0249460879820576
8,0.5,2,SUB,49,0.7301072576417269
8,0.5,2,SUB,50,0.6370838639352843
8,0.5,2,SUB,51,0.996857009026316
8,0.5,2,SUB,52,0.8345184601090109
8,0.5,2,SUB,53,0.8026552453300478
8,0.5,2,SUB,54,0.8530244021663398
8,0.5,2,SUB,55,0.9107115740689653
8,0.5,2,SUB,56,0.9898632381515148
8,0.5,2,SUB,57,0.9936586737206562
8,0.5,2,SUB,58,0.805512126733479
8,0.5,2,SUB,59,0.8827485411019262
8,0.5,2,SUB,60,0.5751464716916846
8,0.5,2,SUB,61,0.6331803358400027
8,0.5,2,SUB,62,0.8075706641620108
8,0.5,2,SUB,63,0.5151707319410375
8,0.5,2,SUB,64,0.8797749758366051
8,0.5,2,SUB,65,0.9012870331446942
8,0.5,2,SUB,66,0.9970074173445939
8,0.5,2,SUB,67,0.7742320954247995
8,0.5,2,VI,0,1.475030186861821
8,0.5,2,VI,1,1.5705124527519132
8,0.5,2,VI,2,1.319565640886126
8,0.5,2,VI,3,1.343598368426183
8,0.5,2,VI,4,1.4838935853789734
8,0.5,2,VI,5,1.6149138978206057
8,0.5,2,VI,6,1.526047440871406
8,0.5,2,VI,7,1.3633884993793892
8,0.5,2,VI,8,1.2643208410609879
8,0.5,2,VI,9,1.3665940336237041
8,0.5,2,VI,10,1.341111544546287
8,0.5,2,VI,11,1.236546463225972
8,0.5,2,VI,12,1.683427939668066
8,0.5,2,VI,13,1.4929983109792087
8,0.5,2,VI,14,1.5497800633532741
8,0.5,2,VI,15,1.603725514457039
8,0.5,2,VI,16,1.2722473364837765
8,0.5,2,VI,17,1.2135642215701246
8,0.5,2,VI,18,1.5225156326585765
8,0.5,2,VI,19,1.35700314794061
8,0.5,2,VI,20,1.0162884982273388
8,0.5,2,VI,21,1.3432941606170856
8,0.5,2,VI,22,1.2022285327989386
8,0.5,2,VI,23,1.3925458882583839
8,0.5,2,VI,24,1.4461841878165709
8,0.5,2,VI,25,1.4629887637096748
8,0.5,2,VI,26,1.3557804128107025
8,0.5,2,VI,27,1.5099448063474856
8,0.5,2,VI,28,1.3344328615840448
8,0.5,2,VI,29,1.4043215856653544
8,0.5,2,VI,30,1.4355844914842557
8,0.5,2,VI,31,1.493309969351963
8,0.5,2,VI,32,1.416942557822032
8,0.5,2,VI,33,1.347257391780625
8,0.5,2,VI,34,1.5951321879740428
8,0.5,2,VI,35,1.2143669709211613
8,0.5,2,VI,36,1.358881388700471
8,0.5,2,VI,37,1.6873032672221209
8,0.5,2,VI,38,1.5267939395407653
8,0.5,2,VI,39,1.3297996184283511
8,0.5,2,VI,40,1.4769728269587863
8,0.5,2,VI,41,1.6207695017007644
8,0.5,2,VI,42,1.3600418574467654
8,0.5,2,VI,43,1.523769128976793
8,0.5,2,VI,44,1.469417051445263
8,0.5,2,VI,45,1.6750763236670705
8,0.5,2,VI,46,1.0805029544500264
8,0.5,2,VI,47,1.301823454708458
8,0.5,2,VI,48,1.435833001728388
8,0.5,2,VI,49,1.3212812707409012
8,0.5,2,VI,50,1.3543761392706397
8,0.5,2,VI,51,1.548398641859859
8,0.5,2,VI,52,1.3567280809571753
8,0.5,2,VI,53,1.1540041957485792
8,0.5,2,VI,54,1.3925445314673104
8,0.5,2,VI,55,1.2501072492645593
8,0.5,2,VI,56,1.4804578075187167
8,0.5,2,VI,57,1.504055533942832
8,0.5,2,VI,58,1.685335777555859
8,0.5,2,VI,59,1.2320167649790064
8,0.5,2,VI,60,1.3638776734070888
8,0.5,2,VI,61,1.136247313319711
8,0.5,2,VI,62,1.1605100990306194
8,0.5,2,VI,63,1.3977883907055992
8,0.5,2,VI,64,1.4654468763028488
8,0.5,2,VI,65,1.3670231134666677
8,0.5,2,VI,66,1.519167628518944
8,0.5,2,VI,67,1.2218568643112337
8,0.5,5,SUB,0,0.3101716635340877
8,0.5,5,SUB,1,0.34057216905409016
8,0.5,5,SUB,2,0.29890415591290215
8,0.5,5,SUB,3,0.3205555942694831
8,0.5,5,SUB,4,0.30356722490601423
8,0.5,5,SUB,5,0.35655635317515344
8,0.5,5,SUB,6,0.356222949295933
8,0.5,5,SUB,7,0.35700644600381387
8,0.5,5,SUB,8,0.35038270686933465
8,0.5,5,SUB,9,0.33735935144456614
8,0.5,5,SUB,10,0.32739231986515516
8,0.5,5,SUB,11,0.3504377963000035
8,0.5,5,SUB,12,0.3467389451639277
8,0.5,5,SUB,13,0.28782573930674704
8,0.5,5,SUB,14,0.332762342488587
8,0.5,5,SUB,15,0.3271307517783789
8,0.5,5,SUB,16,0.3410768898660079
8,0.5,5,SUB,17,0.3806495322696466
8,0.5,5,SUB,18,0.28554126233433247
8,0.5,5,SUB,19,0.3224880342245627
8,0.5,5,SUB,20,0.3164359272253817
8,0.5,5,SUB,21,0.3759509095227794
8,0.5,5,SUB,22,0.3553056019714511
8,0.5,5,SUB,23,0.3409358501583807
8,0.5,5,SUB,24,0.31744853268526324
8,0.5,5,SUB,25,0.31869300385494
8,0.5,5,SUB,26,0.3472932145092826
8,0.5,5,SUB,27,0.35011752026290266
8,0.5,5,SUB,28,0.3020374294870588
8,0.5,5,SUB,29,0.31930609956306355
8,0.5,5,SUB,30,0.3438417816917404
8,0.5,5,SUB,31,0.35652277687893286
8,0.5,5,SUB,32,0.3301497666699588
8,0.5,5,SUB,33,0.3545278994094734
8,0.5,5,SUB,34,0.2881985678116117
8,0.5,5,SUB,35,0.32873627383333287
8,0.5,5,SUB,36,0.2780225096221409
8,0.5,5,SUB,37,0.2923965327919864
8,0.5,5,SUB,38,0.3008971033784671
8,0.5,5,SUB,39,0.29432174349880225
8,0.5,5,SUB,40,0.34923171110873896
8,0.5,5,SUB,41,0.3820572160010281
8,0.5,5,SUB,42,0.31628744735358355
8,0.5,5,SUB,43,0.32016733566498784
8,0.5,5,SUB,44,0.34651946214073875
8,0.5,5,SUB,45,0.34410808495540285
8,0.5,5,SUB,46,0.36574085163473913
8,0.5,5,SUB,47,0.3464030772702054
8,0.5,5,SUB,48,0.3209326663713919
8,0.5,5,SUB,49,0.3636797286147376
8,0.5,5,SUB,50,0.3399072747428941
8,0.5,5,SUB,51,0.33858380550298
8,0.5,5,SUB,52,0.33319852002173705
8,0.5,5,SUB,53,0.35605366323575743
8,0.5,5,SUB,54,0.282623236335453
8,0.5,5,SUB,55,0.3663587751125728
8,0.5,5,SUB,56,0.2686070000130497
8,0.5,5,SUB,57,0.3896687051279013
8,0.5,5,SUB,58,0.35658118222019375
8,0.5,5,SUB,59,0.29961384544142633
8,0.5,5,SUB,60,0.3516832248043394
8,0.5,5,SUB,61,0.3602767090310837
8,0.5,5,SUB,62,0.3468551817550205
8,0.5,5,SUB,63,0.3279231481221763
8,0.5,5,SUB,64,0.33206924186378756
8,0.5,5,VI,0,1.9166055400414963
8,0.5,5,VI,1,1.7639838811328408
8,0.5,5,VI,2,2.1034389205767154
8,0.5,5,VI,3,2.304571641090098
8,0.5,5,VI,4,1.9369350254177407
8,0.5,5,VI,5,1.9414240215982532
8,0.5,5,VI,6,2.2496204838244056
8,0.5,5,VI,7,1.6449857078869483
8,0.5,5,VI,8,2.2107848960607166
8,0.5,5,VI,9,2.2765979275131785
8,0.5,5,VI,10,2.082839568210689
8,0.5,5,VI,11,1.9216156133535454
8,0.5,5,VI,12,1.7504154356641228
8,0.5,5,VI,13,1.6761689700274947
8,0.5,5,VI,14,1.873101176808822
8,0.5,5,VI,15,1.9215912989832589
8,0.5,5,VI,16,1.910625666353164
8,0.5,5,VI,17,2.3695366560751046
8,0.5,5,VI,18,2.199402887161498
8,0.5,5,VI,19,2.04246816800583
8,0.5,5,VI,20,1.6827593018019609
8,0.5,5,VI,21,2.044283161967709
8,0.5,5,VI,22,1.5732332790748866
8,0.5,5,VI,23,2.0379528469274044
8,0.5,5,VI,24,2.2173901111374184
8,0.5,5,VI,25,2.1694877925408242
8,0.5,5,VI,26,2.4672465560186896
8,0.5,5,VI,27,1.7306662666135308
8,0.5,5,VI,28,2.016636597850165
8,0.5,5,VI,29,1.8485975061395858
8,0.5,5,VI,30,2.1791629009672797
8,0.5,5,VI,31,2.1985791297664408
8,0.5,5,VI,32,2.076678617440985
8,0.5,5,VI,33,2.122806770027854
8,0.5,5,VI,34,1.5911494572307499
8,0.5,5,VI,35,2.107357831151638
8,0.5,5,VI,36,2.2643127839843995
8,0.5,5,VI,37,1.740181339882769
8,0.5,5,VI,38,2.0290067875477793
8,0.5,5,VI,39,1.9565248470792616
8,0.5,5,VI,40,2.143050070129872
8,0.5,5,VI,41,2.0443143128054744
8,0.5,5,VI,42,1.5637555162774748
8,0.5,5,VI,43,1.4484147648335808
8,0.5,5,VI,44,2.0933095244989057
8,0.5,5,VI,45,1.643989933366088
8,0.5,5,VI,46,2.1303560708387006
8,0.5,5,VI,47,1.922172246855795
8,0.5,5,VI,48,1.5323055613934378
8,0.5,5,VI,49,2.2714551837092176
8,0.5,5,VI,50,1.4333150137080104
8,0.5,5,VI,51,2.315975867309081
8,0.5,5,VI,52,1.804846704540016
8,0.5,5,VI,53,1.45688835362135
8,0.5,5,VI,54,1.5677261562931402
8,0.5,5,VI,55,2.1945658111671333
8,0.5,5,VI,56,2.163742091971257
8,0.5,5,VI,57,1.4431519295207462
8,0.5,5,VI,58,2.42469366335782
8,0.5,5,VI,59,1.9730505519915296
8,0.5,5,VI,60,2.123933538936703
8,0.5,5,VI,61,1.8230753260829369
8,0.5,5,VI,62,1.5680396142484476
8,0.5,5,VI,63,1.962747101526918
8,0.5,5,VI,64,2.239490221253006
8,0.5,10,SUB,0,0.23923243031836106
8,0.5,10,SUB,1,0.22638101876602848
8,0.5,10,SUB,2,0.3112256103529268
8,0.5,10,SUB,3,0.367181780209503
8,0.5,10,SUB,4,0.2066575081576019
8,0.5,10,SUB,5,0.28959675914317157
8,0.5,10,SUB,6,0.25534485566594894
8,0.5,10,SUB,7,0.2884396752236196
8,0.5,10,SUB,8,0.3209173552392441
8,0.5,10,SUB,9,0.22494068615165913
8,0.5,10,SUB,10,0.33357822063647513
8,0.5,10,SUB,11,0.2263795768662945
8,0.5,10,SUB,12,0.2655243368722291
8,0.5,10,SUB,13,0.2446298949904003
8,0.5,10,SUB,14,0.1572251446943878
8,0.5,10,SUB,15,0.2333521918894298
8,0.5,10,SUB,16,0.2018826251242611
8,0.5,10,SUB,17,0.21591772979252974
8,0.5,10,SUB,18,0.29540487530763765
8,0.5,10,SUB,19,0.24042151103572015
8,0.5,10,SUB,20,0.34073829478882306
8,0.5,10,SUB,21,0.34991736972982646
8,0.5,10,SUB,22,0.19212642741459782
8,0.5,10,SUB,23,0.2269775006227679
8,0.5,10,SUB,24,0.36528164104122346
8,0.5,10,SUB,25,0.2553610302807951
8,0.5,10,SUB,26,0.223110407055689
8,0.5,10,SUB,27,0.23745786411167308
8,0.5,10,SUB,28,0.3327062304655258
8,0.5,10,SUB,29,0.27115217444981865
8,0.5,10,SUB,30,0.2740115722214025
8,0.5,10,SUB,31,0.23501110267946873
8,0.5,10,SUB,32,0.24945358530464978
8,0.5,10,SUB,33,0.3210008125922869
8,0.5,10,SUB,34,0.22864641916392348
8,0.5,10,SUB,35,0.3201997934665287
8,0.5,10,SUB,36,0.33098605504519324
8,0.5,10,SUB,37,0.19100040533286944
8,0.5,10,SUB,38,0.2441594524430469
8,0.5,10,SUB,39,0.29806060411590163
8,0.5,10,SUB,40,0.2335983667816944
8,0.5,10,SUB,41,0.27903895884484786
8,0.5,10,SUB,42,0.27016882266577047
8,0.5,10,SUB,43,0.35749908210092524
8,0.5,10,SUB,44,0.3993845893524464
8,0.5,10,SUB,45,0.2617686669733692
8,0.5,10,SUB,46,0.31785390701413824
8,0.5,10,SUB,47,0.38344592347460593
8,0.5,10,SUB,48,0.2253719150352654
8,0.5,10,SUB,49,0.268401949574148
8,0.5,10,SUB,50,0.3062290991929306
8,0.5,10,SUB,51,0.24930384052729743
8,0.5,10,SUB,52,0.23797483550327247
8,0.5,10,SUB,53,0.2465850731154577
8,0.5,10,SUB,54,0.21726238296870246
8,0.5,10,SUB,55,0.32146061022107425
8,0.5,10,SUB,56,0.34677812017872
8,0.5,10,SUB,57,0.294452263959051
8,0.5,10,SUB,58,0.24568897575313256
8,0.5,10,SUB,59,0.23418074062062463
8,0.5,10,VI,0,2.155827483799068
8,0.5,10,VI,1,2.2419006022795034
8,0.5,10,VI,2,1.6250186331982444
8,0.5,10,VI,3,1.9389870888703549
8,0.5,10,VI,4,2.064567386958961
8,0.5,10,VI,5,1.4855264884265393
8,0.5,10,VI,6,1.9484319323066774
8,0.5,10,VI,7,2.224133968701542
8,0.5,10,VI,8,2.1683950013427427
8,0.5,10,VI,9,1.7946061713291483
8,0.5,10,VI,10,1.8348363716993654
8,0.5,10,VI,11,1.799603383917049
8,0.5,10,VI,12,2.1027888337681535
8,0.5,10,VI,13,2.3281523564700817
8,0.5,10,VI,14,2.0708558167701363
8,0.5,10,VI,15,1.9497852933378812
8,0.5,10,VI,16,1.6768053725889505
8,0.5,10,VI,17,2.3004747635433507
8,0.5,10,VI,18,2.4481066029752294
8,0.5,10,VI,19,1.9503466430339274
8,0.5,10,VI,20,1.6395523860941426
8,0.5,10,VI,21,1.7618800322301356
8,0.5,10,VI,22,1.9693374016881693
8,0.5,10,VI,23,2.0435122756125144
8,0.5,10,VI,24,2.070815597883429
8,0.5,10,VI,25,1.60241232994731
8,0.5,10,VI,26,1.5674412106580626
8,0.5,10,VI,27,2.1330872931900062
8,0.5,10,VI,28,2.1192546774193817
8,0.5,10,VI,29,2.219313718493278
8,0.5,10,VI,30,2.0557197228966966
8,0.5,10,VI,31,1.8527420747831451
8,0.5,10,VI,32,2.2232611094747114
8,0.5,10,VI,33,1.714868357755009
8,0.5,10,VI,34,2.5576125782249757
8,0.5,10,VI,35,2.108896081419102
8,0.5,10,VI,36,1.6021217829961534
8,0.5,10,VI,37,1.9903544073182586
8,0.5,10,VI,38,1.944868404846073
8,0.5,10,VI,39,1.7083729474517408
8,0.5,10,VI,40,1.9842188593447168
8,0.5,10,VI,41,2.2040616473521206
8,0.5,10,VI,42,2.1859756338293486
8,0.5,10,VI,43,1.4938186199027217
8,0.5,10,VI,44,1.9982496385885895
8,0.5,10,VI,45,2.392487661583087
8,0.5,10,VI,46,1.486265017625465
8,0.5,10,VI,47,1.4708232914881856
8,0.5,10,VI,48,1.9019732959010323
8,0.5,10,VI,49,2.3394380468014817
8,0.5,10,VI,50,1.877881067514111
8,0.5,10,VI,51,2.489308301786755
8,0.5,10,VI,52,2.1945306545892715
8,0.5,10,VI,53,2.0690300766231617
8,0.5,10,VI,54,2.2737796204996186
8,0.5,10,VI,55,1.7813316679073607
8,0.5,10,VI,56,1.6777754915148253
8,0.5,10,VI,57,2.2953839555369924
8,0.5,10,VI,58,2.14949461200969
8,0.5,10,VI,59,2.2353561543698253
8,0.5,20,SUB,0,0.20050614046420281
8,0.5,20,SUB,1,0.21103690632229913
8,0.5,20,SUB,2,0.1495152685779199
8,0.5,20,SUB,3,0.18816628449536835
8,0.5,20,SUB,4,0.19497829017717708
8,0.5,20,SUB,5,0.21620138875498632
8,0.5,20,SUB,6,0.1811954878369226
8,0.5,20,SUB,7,0.2157891140558844
8,0.5,20,SUB,8,0.187606366376296
8,0.5,20,SUB,9,0.180570506571672
8,0.5,20,SUB,10,0.15577639903936263
8,0.5,20,SUB,11,0.19773114856002458
8,0.5,20,SUB,12,0.17464767667169362
8,0.5,20,SUB,13,0.208716671881865
8,0.5,20,SUB,14,0.2047402432820804
8,0.5,20,SUB,15,0.17695635845490215
8,0.5,20,SUB,16,0.28467649843462745
8,0.5,20,SUB,17,0.16747953325452072
8,0.5,20,SUB,18,0.2006436270265346
8,0.5,20,SUB,19,0.17047231560752918
8,0.5,20,SUB,20,0.17383691947772778
8,0.5,20,SUB,21,0.19499754181406956
8,0.5,20,SUB,22,0.20051373413815093
8,0.5,20,SUB,23,0.24367045732094783
8,0.5,20,SUB,24,0.14759374070076353
8,0.5,20,SUB,25,0.21408603378157587
8,0.5,20,SUB,26,0.2048581092491625
8,0.5,20,SUB,27,0.20512131848472234
8,0.5,20,SUB,28,0.18037743083886135
8,0.5,20,SUB,29,0.14679330921746292
8,0.5,20,SUB,30,0.2019635482803503
8,0.5,20,SUB,31,0.21093149857316904
8,0.5,20,SUB,32,0.16220834088919142
8,0.5,20,SUB,33,0.1470311187751136
8,0.5,20,SUB,34,0.21125993790599035
8,0.5,20,SUB,35,0.155796427589471
8,0.5,20,SUB,36,0.1577226286812428
8,0.5,20,SUB,37,0.1981502883373407
8,0.5,20,SUB,38,0.18196964959174863
8,0.5,20,SUB,39,0.19951368634482522
8,0.5,20,SUB,40,0.17695132040062503
8,0.5,20,SUB,41,0.1449941475730112
8,0.5,20,SUB,42,0.1813175548159257
8,0.5,20,SUB,43,0.14412244172505567
8,0.5,20,SUB,44,0.174983141500183
8,0.5,20,SUB,45,0.13901290271074565
8,0.5,20,SUB,46,0.19393678363073857
8,0.5,20,SUB,47,0.17011633697584205
8,0.5,20,SUB,48,0.1820605130362723
8,0.5,20,SUB,49,0.21487379796414535
8,0.5,20,VI,0,1.8526072340340152
8,0.5,20,VI,1,1.5673141412925322
8,0.5,20,VI,2,2.446967189222644
8,0.5,20,VI,3,1.9447034091700506
8,0.5,20,VI,4,2.2735561332961853
8,0.5,20,VI,5,1.6073351048996314
8,0.5,20,VI,6,1.7710712974694915
8,0.5,20,VI,7,1.8346107338725648
8,0.5,20,VI,8,1.948298854136742
8,0.5,20,VI,9,1.6776278576888048
8,0.5,20,VI,10,1.6248633168924098
8,0.5,20,VI,11,1.9496265949562857
8,0.5,20,VI,12,2.1943580308160673
8,0.5,20,VI,13,1.6019298166316702
8,0.5,20,VI,14,1.4853744189938851
8,0.5,20,VI,15,2.155688607933993
8,0.5,20,VI,16,1.4802450220186487
8,0.5,20,VI,17,1.7147448340036242
8,0.5,20,VI,18,1.4861382888792476
8,0.5,20,VI,19,1.8777067706833424
8,0.5,20,VI,20,2.2864910966497685
8,0.5,20,VI,21,1.9840074073232035
8,0.5,20,VI,22,2.1493112918624044
8,0.5,20,VI,23,1.7811680363485707
8,0.5,20,VI,24,1.794460752362716
8,0.5,20,VI,25,1.990166307036568
8,0.5,20,VI,26,1.4936988457213407
8,0.5,20,VI,27,1.9501926024187737
8,0.5,20,VI,28,1.9692087021095894
8,0.5,20,VI,29,2.043314016002633
8,0.5,20,VI,30,2.2230845908551506
8,0.5,20,VI,31,1.938822082254978
8,0.5,20,VI,32,2.1857737478736334
8,0.5,20,VI,33,2.2635430468658635
8,0.5,20,VI,34,1.761747667536326
8,0.5,20,VI,35,1.7994410983304656
8,0.5,20,VI,36,2.489099480845309
8,0.5,20,VI,37,2.2239153434378487
8,0.5,20,VI,38,2.2038792524187327
8,0.5,20,VI,39,1.9980401325659274
8,0.5,20,VI,40,2.327949441965381
8,0.5,20,VI,41,2.064417848998844
8,0.5,20,VI,42,2.1087318785039786
8,0.5,20,VI,43,2.3392561408653254
8,0.5,20,VI,44,1.7081828628068496
8,0.5,20,VI,45,2.1290958329129683
8,0.5,20,VI,46,2.3923106631401216
8,0.5,20,VI,47,2.219154287083885
8,0.5,20,VI,48,2.295184563603467
8,0.5,20,VI,49,2.0706735499930384
8,0.5,30,SUB,0,0.1331286579135079
8,0.5,30,SUB,1,0.14489347743435194
8,0.5,30,SUB,2,0.14794155514798668
8,0.5,30,SUB,3,0.14891184239110128
8,0.5,30,SUB,4,0.14220926819289817
8,0.5,30,SUB,5,0.1449836939482505
8,0.5,30,SUB,6,0.161055085709319
8,0.5,30,SUB,7,0.18159451902537915
8,0.5,30,SUB,8,0.18026919814173262
8,0.5,30,SUB,9,0.16855493968912424
8,0.5,30,SUB,10,0.1869434525583263
8,0.5,30,SUB,11,0.17202045443894026
8,0.5,30,SUB,12,0.1781642054830843
8,0.5,30,SUB,13,0.17881634395964682
8,0.5,30,SUB,14,0.18372584918408358
8,0.5,30,SUB,15,0.14664999215265984
8,0.5,30,SUB,16,0.14343525797058645
8,0.5,30,SUB,17,0.1715032222445044
8,0.5,30,SUB,18,0.1985947476627131
8,0.5,30,SUB,19,0.12048441154736393
8,0.5,30,SUB,20,0.19268738106110836
8,0.5,30,SUB,21,0.1992711291611906
8,0.5,30,SUB,22,0.16317099591776826
8,0.5,30,SUB,23,0.1871912023063472
8,0.5,30,SUB,24,0.14879591276668075
8,0.5,30,SUB,25,0.1401890322530089
8,0.5,30,SUB,26,0.14565081974785585
8,0.5,30,SUB,27,0.1634675895558392
8,0.5,30,SUB,28,0.19114272910295518
8,0.5,30,SUB,29,0.17148106338954958
8,0.5,30,SUB,30,0.14162187962080056
8,0.5,30,SUB,31,0.18013902341880023
8,0.5,30,SUB,32,0.15769756317236255
8,0.5,30,SUB,33,0.1970789014718113
8,0.5,30,SUB,34,0.1411993375523494
8,0.5,30,SUB,35,0.18142023199838064
8,0.5,30,SUB,36,0.13496074124046317
8,0.5,30,SUB,37,0.135935134714859
8,0.5,30,SUB,38,0.17568557104001528
8,0.5,30,SUB,39,0.17444835477344303
8,0.5,30,VI,0,1.9019834825929722
8,0.5,30,VI,1,1.7813458833531284
8,0.5,30,VI,2,2.129264931864241
8,0.5,30,VI,3,2.2737980889272666
8,0.5,30,VI,4,1.9497991602756384
8,0.5,30,VI,5,1.9649010004063385
8,0.5,30,VI,6,2.286741985589907
8,0.5,30,VI,7,2.1495103769353063
8,0.5,30,VI,8,1.8527547923765093
8,0.5,30,VI,9,2.0435284601154753
8,0.5,30,VI,10,2.3281697987802006
8,0.5,30,VI,11,1.6074788326907086
8,0.5,30,VI,12,2.185993734280497
8,0.5,30,VI,13,1.9982627105012558
8,0.5,30,VI,14,2.108910387167071
8,0.5,30,VI,15,2.069044374830971
8,0.5,30,VI,16,1.5982155467569186
8,0.5,30,VI,17,2.1684112526644346
8,0.5,30,VI,18,2.295402942340566
8,0.5,30,VI,19,1.6021314647268756
8,0.5,30,VI,20,2.44812811964316
8,0.5,30,VI,21,1.4804044348796952
8,0.5,30,VI,22,2.194547797354514
8,0.5,30,VI,23,2.2040768889375943
8,0.5,30,VI,24,1.7996124451169826
8,0.5,30,VI,25,1.4938254151989794
8,0.5,30,VI,26,1.4862709586940441
8,0.5,30,VI,27,1.4708276654698926
8,0.5,30,VI,28,2.1028015535278355
8,0.5,30,VI,29,1.4855304697946672
8,0.5,30,VI,30,2.0645831714953364
8,0.5,30,VI,31,2.392506029559661
8,0.5,30,VI,32,2.1484175357276407
8,0.5,30,VI,33,2.223276410174234
8,0.5,30,VI,34,2.1558427576610018
8,0.5,30,VI,35,2.339454910535464
8,0.5,30,VI,36,1.794615474461278
8,0.5,30,VI,37,1.9903678052211755
8,0.5,30,VI,38,2.4893275099310133
8,0.5,30,VI,39,1.6777830170282073
9,0.0,2,SUB,0,0.6591131124625074
9,0.0,2,SUB,1,0.5819905220530629
9,0.0,2,SUB,2,0.305100534551462
9,0.0,2,SUB,3,0.6658895037514
9,0.0,2,SUB,4,0.3621334440509029
9,0.0,2,SUB,5,0.2796305183355382
9,0.0,2,SUB,6,0.13329531425811988
9,0.0,2,SUB,7,0.34852297519189235
9,0.0,2,SUB,8,0.4671446940317938
9,0.0,2,SUB,9,0.41759657089689456
9,0.0,2,SUB,10,0.06892486754316286
9,0.0,2,SUB,11,0.6599802396759986
9,0.0,2,SUB,12,0.42072366195892125
9,0.0,2,SUB,13,0.5978440298164363
9,0.0,2,SUB,14,0.15771336245621037
9,0.0,2,SUB,15,0.7287928510720578
9,0.0,2,SUB,16,0.3677802316190137
9,0.0,2,SUB,17,0.5618380658084852
9,0.0,2,SUB,18,0.6242296101563493
9,0.0,2,SUB,19,0.49159723548994055
9,0.0,2,SUB,20,0.3834043943350953
9,0.0,2,SUB,21,0.5714200231741726
9,0.0,2,SUB,22,0.32280344798347493
9,0.0,2,SUB,23,0.20125818628555942
9,0.0,2,SUB,24,0.17137842686347185
9,0.0,2,SUB,25,0.38604698282557487
9,0.0,2,SUB,26,0.2991553913859975
9,0.0,2,SUB,27,0.3335047086213106
9,0.0,2,SUB,28,0.4045342460403361
9,0.0,2,SUB,29,0.5123185670338469
9,0.0,2,SUB,30,0.4308449022725982
9,0.0,2,SUB,31,0.4749677067442355
9,0.0,2,SUB,32,0.5300672047339222
9,0.0,2,SUB,33,0.4368791598971157
9,0.0,2,SUB,34,0.4713122820113666
9,0.0,2,SUB,35,0.6416435556422118
9,0.0,2,SUB,36,0.2898881942534614
9,0.0,2,SUB,37,0.4310495619137306
9,0.0,2,SUB,38,0.5081062087376017
9,0.0,2,SUB,39,0.39413149230836253
9,0.0,2,SUB,40,0.6719353658437323
9,0.0,2,SUB,41,0.28015194063007415
9,0.0,2,SUB,42,0.3010350698072501
9,0.0,2,SUB,43,0.22129991651934874
9,0.0,2,SUB,44,0.21986797184549525
9,0.0,2,SUB,45,0.6314088115692491
9,0.0,2,SUB,46,0.26633220130058327
9,0.0,2,SUB,47,0.483976103735699
9,0.0,2,SUB,48,0.36347575577715213
9,0.0,2,SUB,49,0.41744988138583433
9,0.0,2,SUB,50,0.5631406561342374
9,0.0,2,SUB,51,0.6374696976407883
9,0.0,2,SUB,52,0.6944929326714909
9,0.0,2,SUB,53,0.2670531939840302
9,0.0,2,SUB,54,0.6390586430689125
9,0.0,2,SUB,55,0.7161667613478235
9,0.0,2,SUB,56,0.2538127797792984
9,0.0,2,SUB,57,0.4681681661209366
9,0.0,2,SUB,58,0.4296999569765466
9,0.0,2,SUB,59,0.38684789030983746
9,0.0,2,SUB,60,0.5155768690999807
9,0.0,2,SUB,61,0.42996660063290526
9,0.0,2,SUB,62,0.4876896558351871
9,0.0,2,SUB,63,0.3975875715813053
9,0.0,2,SUB,64,0.20328117290852263
9,0.0,2,SUB,65,0.3503743641982564
9,0.0,2,SUB,66,0.1087289336716438
9,0.0,2,SUB,67,0.161030738344469
9,0.0,2,VI,0,0.6093522508719182
9,0.0,2,VI,1,0.5663401740644339
9,0.0,2,VI,2,0.27049711273768684
9,0.0,2,VI,3,0.558692414148346
9,0.0,2,VI,4,0.1474545653092472
9,0.0,2,VI,5,0.10769520243133186
9,0.0,2,VI,6,0.15062081188317678
9,0.0,2,VI,7,0.33458460055478073
9,0.0,2,VI,8,0.4280936744475897
9,0.0,2,VI,9,0.33307451312576747
9,0.0,2,VI,10,0.04074249177642428
9,0.0,2,VI,11,0.649598112284929
9,0.0,2,VI,12,0.4172318707447477
9,0.0,2,VI,13,0.5890867644216105
9,0.0,2,VI,14,0.05471354568475792
9,0.0,2,VI,15,0.6785308923848501
9,0.0,2,VI,16,0.22454127302510118
9,0.0,2,VI,17,0.45004428472403946
9,0.0,2,VI,18,0.5238022845903896
9,0.0,2,VI,19,0.475909757867453
9,0.0,2,VI,20,0.30284007944401486
9,0.0,2,VI,21,0.5433561706299052
9,0.0,2,VI,22,0.3180927191130255
9,0.0,2,VI,23,0.14233049615563814
9,0.0,2,VI,24,0.1578532382067345
9,0.0,2,VI,25,0.2701379804043369
9,0.0,2,VI,26,0.24618620500767527
9,0.0,2,VI,27,0.25395872674282655
9,0.0,2,VI,28,0.1782885994706195
9,0.0,2,VI,29,0.3661343731097511
9,0.0,2,VI,30,0.2457942566723168
9,0.0,2,VI,31,0.32196577888959454
9,0.0,2,VI,32,0.3911207104728056
9,0.0,2,VI,33,0.3076776278090189
9,0.0,2,VI,34,0.44809527002976607
9,0.0,2,VI,35,0.5765643946280317
9,0.0,2,VI,36,0.2257938380827616
9,0.0,2,VI,37,0.23880699513856568
9,0.0,2,VI,38,0.3922806016562358
9,0.0,2,VI,39,0.3740128100794253
9,0.0,2,VI,40,0.6053566608399423
9,0.0,2,VI,41,0.07166351675436193
9,0.0,2,VI,42,0.11618970918433025
9,0.0,2,VI,43,0.20261497357940625
9,0.0,2,VI,44,0.2207223535118572
9,0.0,2,VI,45,0.6301457339687973
9,0.0,2,VI,46,0.26597902089395564
9,0.0,2,VI,47,0.45285076578034555
9,0.0,2,VI,48,0.2450422450661101
9,0.0,2,VI,49,0.21975013545036384
9,0.0,2,VI,50,0.5467405335250074
9,0.0,2,VI,51,0.5818450002947614
9,0.0,2,VI,52,0.655205327750674
9,0.0,2,VI,53,0.2618531964179502
9,0.0,2,VI,54,0.6252785768662604
9,0.0,2,VI,55,0.6235321380908909
9,0.0,2,VI,56,0.19204172978353756
9,0.0,2,VI,57,0.4245921736581906
9,0.0,2,VI,58,0.26505592117686083
9,0.0,2,VI,59,0.22982044215972955
9,0.0,2,VI,60,0.39761051462064034
9,0.0,2,VI,61,0.3849372162326171
9,0.0,2,VI,62,0.3074899385608111
9,0.0,2,VI,63,0.34769712696332866
9,0.0,2,VI,64,0.19052454457983728
9,0.0,2,VI,65,0.09207224561408318
9,0.0,2,VI,66,0.06752564536987486
9,0.0,2,VI,67,0.14698340815262675
9,0.0,5,SUB,0,0.05191953223418849
9,0.0,5,SUB,1,0.031708092601953425
9,0.0,5,SUB,2,0.17230075133499628
9,0.0,5,SUB,3,0.10796394273103106
9,0.0,5,SUB,4,0.016638023323492634
9,0.0,5,SUB,5,0.02830520309957048
9,0.0,5,SUB,6,0.13578177956479362
9,0.0,5,SUB,7,0.04317536835868653
9,0.0,5,SUB,8,0.06794666054463008
9,0.0,5,SUB,9,0.1795075793516141
9,0.0,5,SUB,10,0.057374941065877975
9,0.0,5,SUB,11,0.19953751218713395
9,0.0,5,SUB,12,0.027708580695736878
9,0.0,5,SUB,13,0.12167835881517748
9,0.0,5,SUB,14,0.04564253095432811
9,0.0,5,SUB,15,0.18103666377480862
9,0.0,5,SUB,16,0.0673558768022824
9,0.0,5,SUB,17,0.04367045815148611
9,0.0,5,SUB,18,0.14822731034018305
9,0.0,5,SUB,19,0.16178366907786107
9,0.0,5,SUB,20,0.02824381660469223
9,0.0,5,SUB,21,0.025765936599403967
9,0.0,5,SUB,22,0.16338254489523218
9,0.0,5,SUB,23,0.11145154273330758
9,0.0,5,SUB,24,0.13533707209131576
9,0.0,5,SUB,25,0.11914196021952103
9,0.0,5,SUB,26,0.16077102185808653
9,0.0,5,SUB,27,0.1692193350745571
9,0.0,5,SUB,28,0.08214288787519336
9,0.0,5,SUB,29,0.06305587702699422
9,0.0,5,SUB,30,0.03669563498184998
9,0.0,5,SUB,31,0.05976181230143985
9,0.0,5,SUB,32,0.06467141573078995
9,0.0,5,SUB,33,0.09789613393925105
9,0.0,5,SUB,34,0.09439855399675177
9,0.0,5,SUB,35,0.19776490924174936
9,0.0,5,SUB,36,0.09615055373838982
9,0.0,5,SUB,37,0.022233375804374688
9,0.0,5,SUB,38,0.20314034076849236
9,0.0,5,SUB,39,0.013340447944269659
9,0.0,5,SUB,40,0.07797126215647508
9,0.0,5,SUB,41,0.01830153433362796
9,0.0,5,SUB,42,0.1313448126579754
9,0.0,5,SUB,43,0.14699186073821618
9,0.0,5,SUB,44,0.04222853942309716
9,0.0,5,SUB,45,0.14881345879378316
9,0.0,5,SUB,46,0.1716246652661389
9,0.0,5,SUB,47,0.04088656589568289
9,0.0,5,SUB,48,0.053237520769362154
9,0.0,5,SUB,49,0.1455858281273098
9,0.0,5,SUB,50,0.01810885145291347
9,0.0,5,SUB,51,0.03436964746349129
9,0.0,5,SUB,52,0.16023077101182556
9,0.0,5,SUB,53,0.09868261208107432
9,0.0,5,SUB,54,0.11634225493707781
9,0.0,5,SUB,55,0.07292694909588966
9,0.0,5,SUB,56,0.05192505527519517
9,0.0,5,SUB,57,0.05498236475825552
9,0.0,5,SUB,58,0.09454698058996194
9,0.0,5,SUB,59,0.01657734436329413
9,0.0,5,SUB,60,0.13761555055664643
9,0.0,5,SUB,61,0.030958683146953714
9,0.0,5,SUB,62,0.0813191579525834
9,0.0,5,SUB,63,0.11687240274979079
9,0.0,5,SUB,64,0.11958346378654934
9,0.0,5,VI,0,0.058906131045729074
9,0.0,5,VI,1,0.019408335538214486
9,0.0,5,VI,2,0.10837836880420301
9,0.0,5,VI,3,0.10151598828496819
9,0.0,5,VI,4,0.010767444502169958
9,0.0,5,VI,5,0.035856671344903064
9,0.0,5,VI,6,0.0875153961096928
9,0.0,5,VI,7,0.03986702692082883
9,0.0,5,VI,8,0.019038479146169306
9,0.0,5,VI,9,0.08872649368603713
9,0.0,5,VI,10,0.009609270867785813
9,0.0,5,VI,11,0.1308344578708947
9,0.0,5,VI,12,0.023330826456732894
9,0.0,5,VI,13,0.10602952543000391
9,0.0,5,VI,14,0.014152692833062825
9,0.0,5,VI,15,0.11539786319639747
9,0.0,5,VI,16,0.051742158905871756
9,0.0,5,VI,17,0.0012389252301983024
9,0.0,5,VI,18,0.12502487007300261
9,0.0,5,VI,19,0.0992548221230877
9,0.0,5,VI,20,0.00873262081401105
9,0.0,5,VI,21,0.01576648096990233
9,0.0,5,VI,22,0.02628534292817857
9,0.0,5,VI,23,0.021063799524740856
9,0.0,5,VI,24,0.1042877802961945
9,0.0,5,VI,25,0.03664888392297394
9,0.0,5,VI,26,0.1109034713940824
9,0.0,5,VI,27,0.03094694943317144
9,0.0,5,VI,28,0.010275341403007572
9,0.0,5,VI,29,0.030345043914975806
9,0.0,5,VI,30,0.02585659276604918
9,0.0,5,VI,31,0.015829195275328917
9,0.0,5,VI,32,0.01593892621195279
9,0.0,5,VI,33,0.03631461273127205
9,0.0,5,VI,34,0.012442158471421915
9,0.0,5,VI,35,0.13804753833180886
9,0.0,5,VI,36,0.07042068383530195
9,0.0,5,VI,37,0.004984208111525056
9,0.0,5,VI,38,0.114279563951306
9,0.0,5,VI,39,0.001198716322169351
9,0.0,5,VI,40,0.06869941198943781
9,0.0,5,VI,41,0.0016627140691181676
9,0.0,5,VI,42,0.07456222813402118
9,0.0,5,VI,43,0.11678926004664385
9,0.0,5,VI,44,0.012829811346059464
9,0.0,5,VI,45,0.12569220484822974
9,0.0,5,VI,46,0.13342618235226533
9,0.0,5,VI,47,0.00011889415533411065
9,0.0,5,VI,48,0.01567501975578425
9,0.0,5,VI,49,0.13191463725440444
9,0.0,5,VI,50,0.007337146736743115
9,0.0,5,VI,51,0.011965843215819151
9,0.0,5,VI,52,0.08012376350495168
9,0.0,5,VI,53,0.020840951446120203
9,0.0,5,VI,54,0.03983203594405774
9,0.0,5,VI,55,0.009270701794573568
9,0.0,5,VI,56,0.04796937017033917
9,0.0,5,VI,57,0.05458081471191572
9,0.0,5,VI,58,0.02525122957959067
9,0.0,5,VI,59,0.0008903786270926896
9,0.0,5,VI,60,0.030566697336489243
9,0.0,5,VI,61,0.0012212623392167156
9,0.0,5,VI,62,0.06554066901906141
9,0.0,5,VI,63,0.0341963860782607
9,0.0,5,VI,64,0.03252288687859027
9,0.0,10,SUB,0,0.043895415294178945
9,0.0,10,SUB,1,0.016037737296236244
9,0.0,10,SUB,2,0.05120235650677506
9,0.0,10,SUB,3,0.017016387697992866
9,0.0,10,SUB,4,0.029137007562812667
9,0.0,10,SUB,5,0.03916974510611799
9,0.0,10,SUB,6,0.01564994948541618
9,0.0,10,SUB,7,0.014386580190706546
9,0.0,10,SUB,8,0.009248596349392095
9,0.0,10,SUB,9,0.013162939356749904
9,0.0,10,SUB,10,0.02521039898281111
9,0.0,10,SUB,11,0.01435710173906681
9,0.0,10,SUB,12,0.012678110504483338
9,0.0,10,SUB,13,0.018525254399601555
9,0.0,10,SUB,14,0.053568069214120155
9,0.0,10,SUB,15,0.015555948203168772
9,0.0,10,SUB,16,0.02175337789694101
9,0.0,10,SUB,17,0.015978479121411142
9,0.0,10,SUB,18,0.028933922470253733
9,0.0,10,SUB,19,0.017142428576432684
9,0.0,10,SUB,20,0.016359890988214564
9,0.0,10,SUB,21,0.027109981722569565
9,0.0,10,SUB,22,0.01543637787314647
9,0.0,10,SUB,23,0.021783470919589733
9,0.0,10,SUB,24,0.012448590221373602
9,0.0,10,SUB,25,0.019929458795757013
9,0.0,10,SUB,26,0.013837588862951018
9,0.0,10,SUB,27,0.018368769313707886
9,0.0,10,SUB,28,0.019125694998653034
9,0.0,10,SUB,29,0.019040910278975066
9,0.0,10,SUB,30,0.021017817103200578
9,0.0,10,SUB,31,0.013347837550341211
9,0.0,10,SUB,32,0.02498362982193264
9,0.0,10,SUB,33,0.026131650851721477
9,0.0,10,SUB,34,0.07535717721181162
9,0.0,10,SUB,35,0.01962491045008709
9,0.0,10,SUB,36,0.026203725028089042
9,0.0,10,SUB,37,0.013288354033087946
9,0.0,10,SUB,38,0.03379419667807823
9,0.0,10,SUB,39,0.02168240908202118
9,0.0,10,SUB,40,0.019738003501787938
9,0.0,10,SUB,41,0.01687248353136292
9,0.0,10,SUB,42,0.007722084601008739
9,0.0,10,SUB,43,0.01680581853467042
9,0.0,10,SUB,44,0.025583977574842983
9,0.0,10,SUB,45,0.03342367196011374
9,0.0,10,SUB,46,0.012724638833592277
9,0.0,10,SUB,47,0.05310206811471352
9,0.0,10,SUB,48,0.03956362098356218
9,0.0,10,SUB,49,0.016233429651730337
9,0.0,10,SUB,50,0.023657866547658186
9,0.0,10,SUB,51,0.024878847428536372
9,0.0,10,SUB,52,0.015954278849608934
9,0.0,10,SUB,53,0.07102348480034215
9,0.0,10,SUB,54,0.013765257324175304
9,0.0,10,SUB,55,0.03659595290898151
9,0.0,10,SUB,56,0.031423352078812646
9,0.0,10,SUB,57,0.016182593045505053
9,0.0,10,SUB,58,0.06365264242474887
9,0.0,10,SUB,59,0.013845730408210794
9,0.0,10,VI,0,0.06521437498582196
9,0.0,10,VI,1,7.247013298048234e-07
9,0.0,10,VI,2,0.023810925382624304
9,0.0,10,VI,3,1.1542362006091496e-06
9,0.0,10,VI,4,0.01341365177198159
9,0.0,10,VI,5,0.020218471765990953
9,0.0,10,VI,6,5.978889444166626e-06
9,0.0,10,VI,7,9.87153705455557e-07
9,0.0,10,VI,8,5.706681486194596e-05
9,0.0,10,VI,9,5.620351943741391e-07
9,0.0,10,VI,10,0.011039127077505454
9,0.0,10,VI,11,6.027566624497238e-07
9,0.0,10,VI,12,0.0004698935841526406
9,0.0,10,VI,13,5.897775737072943e-07
9,0.0,10,VI,14,0.08329845837768292
9,0.0,10,VI,15,5.679656557192034e-07
9,0.0,10,VI,16,0.025517000687283495
9,0.0,10,VI,17,4.6093909707400945e-06
9,0.0,10,VI,18,0.008906428720742314
9,0.0,10,VI,19,3.595947009350167e-06
9,0.0,10,VI,20,2.587140153527793e-06
9,0.0,10,VI,21,0.03855593418933615
9,0.0,10,VI,22,0.017869342755544797
9,0.0,10,VI,23,6.2708252642552e-06
9,0.0,10,VI,24,1.975948969750361e-06
9,0.0,10,VI,25,0.0005881505209705167
9,0.0,10,VI,26,1.0237336220303556e-06
9,0.0,10,VI,27,5.786106752701228e-07
9,0.0,10,VI,28,9.789621024327091e-07
9,0.0,10,VI,29,7.044912585076234e-05
9,0.0,10,VI,30,8.883670432299569e-06
9,0.0,10,VI,31,8.567280619300961e-07
9,0.0,10,VI,32,0.03367820356855303
9,0.0,10,VI,33,0.027198839457878016
9,0.0,10,VI,34,0.11043622104927452
9,0.0,10,VI,35,2.7768759271066507e-05
9,0.0,10,VI,36,1.0969217842061831e-05
9,0.0,10,VI,37,8.503262677260687e-06
9,0.0,10,VI,38,0.0033404946086351664
9,0.0,10,VI,39,2.3550373516643597e-06
9,0.0,10,VI,40,1.2049528334754256e-06
9,0.0,10,VI,41,0.0032953200552284156
9,0.0,10,VI,42,5.150482760261921e-06
9,0.0,10,VI,43,3.2816778951174714e-06
9,0.0,10,VI,44,8.981190410690727e-06
9,0.0,10,VI,45,0.021908783168438032
9,0.0,10,VI,46,3.8112868103939432e-06
9,0.0,10,VI,47,0.08157225091922625
9,0.0,10,VI,48,0.06182054824805729
9,0.0,10,VI,49,1.820600754221748e-06
9,0.0,10,VI,50,0.029100352924678274
9,0.0,10,VI,51,8.819963826176335e-06
9,0.0,10,VI,52,8.793440469914117e-06
9,0.0,10,VI,53,0.1055383086623604
9,0.0,10,VI,54,1.334634241948132e-06
9,0.0,10,VI,55,0.019750715886084087
9,0.0,10,VI,56,1.1387394900696693e-05
9,0.0,10,VI,57,0.011596703981225151
9,0.0,10,VI,58,0.09469937687770935
9,0.0,10,VI,59,4.675687470798734e-07
9,0.0,20,SUB,0,0.009192210505587326
9,0.0,20,SUB,1,0.019631313945761463
9,0.0,20,SUB,2,0.023355983431188825
9,0.0,20,SUB,3,0.013854520348322017
9,0.0,20,SUB,4,0.046298787670803504
9,0.0,20,SUB,5,0.02578319027664855
9,0.0,20,SUB,6,0.02235867324194266
9,0.0,20,SUB,7,0.015027542393638613
9,0.0,20,SUB,8,0.030409012435579225
9,0.0,20,SUB,9,0.022703172241153435
9,0.0,20,SUB,10,0.0212694565274389
9,0.0,20,SUB,11,0.013167999555549734
9,0.0,20,SUB,12,0.010820152219703193
9,0.0,20,SUB,13,0.010309429369634525
9,0.0,20,SUB,14,0.0326791978428634
9,0.0,20,SUB,15,0.012080872258525534
9,0.0,20,SUB,16,0.011115296892846524
9,0.0,20,SUB,17,0.04299827020191664
9,0.0,20,SUB,18,0.0596216999606001
9,0.0,20,SUB,19,0.014842857311555368
9,0.0,20,SUB,20,0.02881867091378847
9,0.0,20,SUB,21,0.03471051010668398
9,0.0,20,SUB,22,0.011538409869876785
9,0.0,20,SUB,23,0.036050863915715596
9,0.0,20,SUB,24,0.040295247565030556
9,0.0,20,SUB,25,0.014184377002208043
9,0.0,20,SUB,26,0.018634195253890627
9,0.0,20,SUB,27,0.040683037144412286
9,0.0,20,SUB,28,0.009753534503835173
9,0.0,20,SUB,29,0.028541845805391187
9,0.0,20,SUB,30,0.04082849953132841
9,0.0,20,SUB,31,0.010408188401189284
9,0.0,20,SUB,32,0.009962356853853532
9,0.0,20,SUB,33,0.048916208732280454
9,0.0,20,SUB,34,0.022181144970093204
9,0.0,20,SUB,35,0.011738365735019851
9,0.0,20,SUB,36,0.013438843820640407
9,0.0,20,SUB,37,0.041812937220353646
9,0.0,20,SUB,38,0.0316607894601627
9,0.0,20,SUB,39,0.027850156487583565
9,0.0,20,SUB,40,0.03270751167329165
9,0.0,20,SUB,41,0.02746624084805246
9,0.0,20,SUB,42,0.01886128933343231
9,0.0,20,SUB,43,0.009239943674393118
9,0.0,20,SUB,44,0.015060612117129273
9,0.0,20,SUB,45,0.01652953394227922
9,0.0,20,SUB,46,0.03764983065596985
9,0.0,20,SUB,47,0.02199586015134693
9,0.0,20,SUB,48,0.014299961612866728
9,0.0,20,SUB,49,0.024041500186599767
9,0.0,20,VI,0,5.512700038107802e-07
9,0.0,20,VI,1,9.99410297819669e-07
9,0.0,20,VI,2,5.82666697184709e-05
9,0.0,20,VI,3,0.0004864949004749999
9,0.0,20,VI,4,0.0006729764595538838
9,0.0,20,VI,5,0.004218188046735324
9,0.0,20,VI,6,3.80688805113819e-05
9,0.0,20,VI,7,6.339988999816559e-07
9,0.0,20,VI,8,0.00044493630358309936
9,0.0,20,VI,9,7.066557972460985e-07
9,0.0,20,VI,10,3.3766335985741746e-05
9,0.0,20,VI,11,6.534058668581803e-07
9,0.0,20,VI,12,1.1660738909922054e-06
9,0.0,20,VI,13,7.062600380408908e-07
9,0.0,20,VI,14,0.0003266856541097466
9,0.0,20,VI,15,1.6736143902212846e-05
9,0.0,20,VI,16,3.587625644406975e-05
9,0.0,20,VI,17,0.0016243633553431232
9,0.0,20,VI,18,0.001396910118944523
9,0.0,20,VI,19,0.0005169657594586892
9,0.0,20,VI,20,0.00012553948414290334
9,0.0,20,VI,21,0.0009673604233956659
9,0.0,20,VI,22,4.7231553562087593e-07
9,0.0,20,VI,23,0.0004353783665200762
9,0.0,20,VI,24,0.0014355669748852167
9,0.0,20,VI,25,7.661807719634019e-07
9,0.0,20,VI,26,8.73046678201447e-05
9,0.0,20,VI,27,0.0014509745090538523
9,0.0,20,VI,28,4.851951883408713e-07
9,0.0,20,VI,29,0.00011322943848246176
9,0.0,20,VI,30,0.0014487554731254274
9,0.0,20,VI,31,0.00027914993741098637
9,0.0,20,VI,32,0.0002725652076531601
9,0.0,20,VI,33,0.000649037455036651
9,0.0,20,VI,34,0.00022132916000949272
9,0.0,20,VI,35,8.06131960119778e-05
9,0.0,20,VI,36,6.884602838428016e-07
9,0.0,20,VI,37,0.0016593847077313133
9,0.0,20,VI,38,0.0003777454092520271
9,0.0,20,VI,39,0.000194475630554121
9,0.0,20,VI,40,0.00043975550271536554
9,0.0,20,VI,41,0.00010450140422053566
9,0.0,20,VI,42,9.306868182452558e-07
9,0.0,20,VI,43,2.6383926287422068e-05
9,0.0,20,VI,44,5.607970148789832e-06
9,0.0,20,VI,45,4.580585332716626e-06
9,0.0,20,VI,46,0.001198924669914123
9,0.0,20,VI,47,4.809699928575623e-05
9,0.0,20,VI,48,0.000386161331604295
9,0.0,20,VI,49,0.00025994363402152343
9,0.0,30,SUB,0,0.01311280782848904
9,0.0,30,SUB,1,0.009914102178635729
9,0.0,30,SUB,2,0.023848344681693553
9,0.0,30,SUB,3,0.016528117484397746
9,0.0,30,SUB,4,0.012895825749400468
9,0.0,30,SUB,5,0.01093949227461455
9,0.0,30,SUB,6,0.016613733174818537
9,0.0,30,SUB,7,0.007316190730074816
9,0.0,30,SUB,8,0.01816320999212956
9,0.0,30,SUB,9,0.0086236193464085
9,0.0,30,SUB,10,0.028108803829071414
9,0.0,30,SUB,11,0.015883352134940628
9,0.0,30,SUB,12,0.011262075907587852
9,0.0,30,SUB,13,0.015245394720273113
9,0.0,30,SUB,14,0.011924431752671279
9,0.0,30,SUB,15,0.016639226008118874
9,0.0,30,SUB,16,0.009705716997828163
9,0.0,30,SUB,17,0.010554481060541446
9,0.0,30,SUB,18,0.015550556350235594
9,0.0,30,SUB,19,0.007141639707278253
9,0.0,30,SUB,20,0.014543969217052819
9,0.0,30,SUB,21,0.013978872300273277
9,0.0,30,SUB,22,0.016156097667395456
9,0.0,30,SUB,23,0.03986926508851888
9,0.0,30,SUB,24,0.014239954970312494
9,0.0,30,SUB,25,0.011187943586592796
9,0.0,30,SUB,26,0.012361648917628526
9,0.0,30,SUB,27,0.03261553807893797
9,0.0,30,SUB,28,0.013105191373980314
9,0.0,30,SUB,29,0.014727750465238557
9,0.0,30,SUB,30,0.014959436786646019
9,0.0,30,SUB,31,0.012721095080995492
9,0.0,30,SUB,32,0.01633647193434664
9,0.0,30,SUB,33,0.009729839586500186
9,0.0,30,SUB,34,0.014670365145366902
9,0.0,30,SUB,35,0.0172024535523436
9,0.0,30,SUB,36,0.03798300505066197
9,0.0,30,SUB,37,0.01097198534361774
9,0.0,30,SUB,38,0.009948712880088001
9,0.0,30,SUB,39,0.02265511971956432
9,0.0,30,VI,0,5.39935445497525e-07
9,0.0,30,VI,1,4.665347920013054e-07
9,0.0,30,VI,2,1.832279982893034e-05
9,0.0,30,VI,3,0.0003344492956004059
9,0.0,30,VI,4,5.228322802090529e-07
9,0.0,30,VI,5,3.391671452787019e-07
9,0.0,30,VI,6,2.895204863740569e-05
9,0.0,30,VI,7,3.185395990934343e-07
9,0.0,30,VI,8,0.0002665178118808423
9,0.0,30,VI,9,3.2752026505402764e-07
9,0.0,30,VI,10,0.00010707177485505096
9,0.0,30,VI,11,5.803031225810223e-05
9,0.0,30,VI,12,3.2871790942590085e-07
9,0.0,30,VI,13,9.730276372197583e-07
9,0.0,30,VI,14,0.00036670320412407985
9,0.0,30,VI,15,5.403346359589752e-07
9,0.0,30,VI,16,3.70516004061583e-07
9,0.0,30,VI,17,3.10154770185097e-07
9,0.0,30,VI,18,4.982708125629676e-07
9,0.0,30,VI,19,4.52293630321561e-07
9,0.0,30,VI,20,6.09849649912709e-07
9,0.0,30,VI,21,0.00010001682891002969
9,0.0,30,VI,22,0.0002563998954395284
9,0.0,30,VI,23,0.0003908689134455259
9,0.0,30,VI,24,5.497116122623443e-07
9,0.0,30,VI,25,5.582655270994921e-07
9,0.0,30,VI,26,6.533771073225534e-07
9,0.0,30,VI,27,0.0001757571539148352
9,0.0,30,VI,28,5.195101057460968e-07
9,0.0,30,VI,29,5.916532804227154e-07
9,0.0,30,VI,30,3.3700791422124085e-07
9,0.0,30,VI,31,0.00020680762157362987
9,0.0,30,VI,32,4.0386206423314104e-07
9,0.0,30,VI,33,4.183081064219164e-07
9,0.0,30,VI,34,5.287189071149858e-07
9,0.0,30,VI,35,5.527079513301798e-07
9,0.0,30,VI,36,0.00030449511700638885
9,0.0,30,VI,37,7.788946083261928e-07
9,0.0,30,VI,38,5.589721355302227e-07
9,0.0,30,VI,39,0.003426499094897622
9,0.5,2,SUB,0,0.8142265555057265
9,0.5,2,SUB,1,0.560502444626319
9,0.5,2,SUB,2,0.5817844410122474
9,0.5,2,SUB,3,0.6928420734466633
9,0.5,2,SUB,4,0.8290469338622433
9,0.5,2,SUB,5,0.6611148423741349
9,0.5,2,SUB,6,0.6777914206235975
9,0.5,2,SUB,7,0.8013899419056166
9,0.5,2,SUB,8,0.42652592130757
9,0.5,2,SUB,9,0.514491373485517
9,0.5,2,SUB,10,0.41004960598257356
9,0.5,2,SUB,11,0.5882278483580841
9,0.5,2,SUB,12,0.6861244747137123
9,0.5,2,SUB,13,0.7804396510509766
9,0.5,2,SUB,14,0.7262205668205979
9,0.5,2,SUB,15,0.5927349692013615
9,0.5,2,SUB,16,0.4879627167257372
9,0.5,2,SUB,17,0.6298006430435478
9,0.5,2,SUB,18,0.8303662066137536
9,0.5,2,SUB,19,0.6647829627598603
9,0.5,2,SUB,20,0.5492261833645256
9,0.5,2,SUB,21,0.9458475345447456
9,0.5,2,SUB,22,0.6963803413630206
9,0.5,2,SUB,23,0.4970353443174608
9,0.5,2,SUB,24,0.7175863298387412
9,0.5,2,SUB,25,0.7320203251122861
9,0.5,2,SUB,26,0.6774660465589155
9,0.5,2,SUB,27,0.6147941473008414
9,0.5,2,SUB,28,0.9179555561186209
9,0.5,2,SUB,29,0.433887808721439
9,0.5,2,SUB,30,0.697675055924503
9,0.5,2,SUB,31,0.4696047871187002
9,0.5,2,SUB,32,0.6261389277407199
9,0.5,2,SUB,33,0.4372877450549562
9,0.5,2,SUB,34,0.7447907161099128
9,0.5,2,SUB,35,0.8719807244491065
9,0.5,2,SUB,36,0.7190734667839566
9,0.5,2,SUB,37,0.42340298023909784
9,0.5,2,SUB,38,0.8477087970539573
9,0.5,2,SUB,39,0.41911101893421904
9,0.5,2,SUB,40,0.7496565886052213
9,0.5,2,SUB,41,0.8192561458577887
9,0.5,2,SUB,42,0.8754969298613529
9,0.5,2,SUB,43,0.8654391113494748
9,0.5,2,SUB,44,0.802659288939098
9,0.5,2,SUB,45,0.3619418300784462
9,0.5,2,SUB,46,0.8087390392069157
9,0.5,2,SUB,47,0.8448964585150013
9,0.5,2,SUB,48,0.5227308799518908
9,0.5,2,SUB,49,0.32679377769200596
9,0.5,2,SUB,50,0.679482508784555
9,0.5,2,SUB,51,0.4716267720449621
9,0.5,2,SUB,52,0.8284937006787652
9,0.5,2,SUB,53,0.5963856376452283
9,0.5,2,SUB,54,0.9529747434626862
9,0.5,2,SUB,55,0.8972882899347898
9,0.5,2,SUB,56,0.9235171232924132
9,0.5,2,SUB,57,0.5552886186240943
9,0.5,2,SUB,58,0.49098906522523034
9,0.5,2,SUB,59,0.45636549968070933
9,0.5,2,SUB,60,0.42267641975406856
9,0.5,2,SUB,61,0.6648584332753816
9,0.5,2,SUB,62,0.4787162741111956
9,0.5,2,SUB,63,0.9895247553651989
9,0.5,2,SUB,64,0.9368768440091083
9,0.5,2,SUB,65,0.5692062841158071
9,0.5,2,SUB,66,0.9122417555027179
9,0.5,2,SUB,67,0.8894436064309887
9,0.5,2,VI,0,0.959344740382047
9,0.5,2,VI,1,0.6334522193799084
9,0.5,2,VI,2,0.7805501695008652
9,0.5,2,VI,3,0.8141196831862444
9,0.5,2,VI,4,0.9403451225592858
9,0.5,2,VI,5,0.84206854695183
9,0.5,2,VI,6,0.9021243724856063
9,0.5,2,VI,7,0.9220969952243764
9,0.5,2,VI,8,0.5259783332756636
9,0.5,2,VI,9,0.7395061725949
9,0.5,2,VI,10,0.5573572657868885
9,0.5,2,VI,11,0.7846869803237471
9,0.5,2,VI,12,0.5359757210273799
9,0.5,2,VI,13,0.8983883818048406
9,0.5,2,VI,14,0.6535788310202769
9,0.5,2,VI,15,0.7985179017346089
9,0.5,2,VI,16,0.6249201917786359
9,0.5,2,VI,17,0.788643528819605
9,0.5,2,VI,18,0.9937212265150244
9,0.5,2,VI,19,0.7029344448570939
9,0.5,2,VI,20,0.6368534683933245
9,0.5,2,VI,21,0.942898787772353
9,0.5,2,VI,22,0.6401023824194265
9,0.5,2,VI,23,0.5845328675827903
9,0.5,2,VI,24,0.9486168172311483
9,0.5,2,VI,25,0.7941373062608317
9,0.5,2,VI,26,0.9499398970571403
9,0.5,2,VI,27,0.9646497210684933
9,0.5,2,VI,28,0.9750058683450805
9,0.5,2,VI,29,0.41622938777116847
9,0.5,2,VI,30,0.9420691411383766
9,0.5,2,VI,31,0.505800333375707
9,0.5,2,VI,32,0.6122134925236321
9,0.5,2,VI,33,0.41468085788329484
9,0.5,2,VI,34,0.9415304960899324
9,0.5,2,VI,35,1.072205157566672
9,0.5,2,VI,36,0.823944955816059
9,0.5,2,VI,37,0.4696988328209894
9,0.5,2,VI,38,1.0178091664934168
9,0.5,2,VI,39,0.4140177105221972
9,0.5,2,VI,40,1.0698160889498496
9,0.5,2,VI,41,0.9753162978237272
9,0.5,2,VI,42,0.9108572910880058
9,0.5,2,VI,43,1.048688590022011
9,0.5,2,VI,44,0.8815917656865649
9,0.5,2,VI,45,0.42707399048444006
9,0.5,2,VI,46,1.0360210181797773
9,0.5,2,VI,47,1.0189869961025395
9,0.5,2,VI,48,0.5794398493278379
9,0.5,2,VI,49,0.614276417821327
9,0.5,2,VI,50,0.590227835863491
9,0.5,2,VI,51,0.7883750138924573
9,0.5,2,VI,52,1.1092984789962674
9,0.5,2,VI,53,0.7858510952568868
9,0.5,2,VI,54,1.0313761539383455
9,0.5,2,VI,55,0.9280068793408851
9,0.5,2,VI,56,0.9167390169497738
9,0.5,2,VI,57,0.6986942162428541
9,0.5,2,VI,58,0.636173660734424
9,0.5,2,VI,59,0.5688337938305453
9,0.5,2,VI,60,0.540059016882893
9,0.5,2,VI,61,0.9008033006344126
9,0.5,2,VI,62,0.6384674817261494
9,0.5,2,VI,63,1.0034507980855567
9,0.5,2,VI,64,1.0132058553693406
9,0.5,2,VI,65,0.7332030335972095
9,0.5,2,VI,66,0.9821499307213952
9,0.5,2,VI,67,1.0401022489162968
9,0.5,5,SUB,0,0.5174921898432653
9,0.5,5,SUB,1,0.5009848575810949
9,0.5,5,SUB,2,0.4551636095952802
9,0.5,5,SUB,3,0.37406279264197106
9,0.5,5,SUB,4,0.6508534810824177
9,0.5,5,SUB,5,0.5136133483742
9,0.5,5,SUB,6,0.48698261777589547
9,0.5,5,SUB,7,0.4482126148695732
9,0.5,5,SUB,8,0.6179575627947064
9,0.5,5,SUB,9,0.43094894772115666
9,0.5,5,SUB,10,0.47960800320075153
9,0.5,5,SUB,11,0.3675738064164421
9,0.5,5,SUB,12,0.6540417175445898
9,0.5,5,SUB,13,0.4776827122940579
9,0.5,5,SUB,14,0.4706047595457222
9,0.5,5,SUB,15,0.39964059910781385
9,0.5,5,SUB,16,0.6465660350196573
9,0.5,5,SUB,17,0.32004849546601827
9,0.5,5,SUB,18,0.35151530820319216
9,0.5,5,SUB,19,0.4673934988818294
9,0.5,5,SUB,20,0.45261151139873623
9,0.5,5,SUB,21,0.4537109238567718
9,0.5,5,SUB,22,0.46814539853200043
9,0.5,5,SUB,23,0.3325960156148364
9,0.5,5,SUB,24,0.6219143417785857
9,0.5,5,SUB,25,0.396551969073261
9,0.5,5,SUB,26,0.6067576323231418
9,0.5,5,SUB,27,0.4623421824241423
9,0.5,5,SUB,28,0.6286582198744795
9,0.5,5,SUB,29,0.40495428853454574
9,0.5,5,SUB,30,0.40209702970708694
9,0.5,5,SUB,31,0.5380379451170058
9,0.5,5,SUB,32,0.520797549976252
9,0.5,5,SUB,33,0.3783666828416267
9,0.5,5,SUB,34,0.5217394022489275
9,0.5,5,SUB,35,0.4097133785221046
9,0.5,5,SUB,36,0.6653405729480791
9,0.5,5,SUB,37,0.5125005618771515
9,0.5,5,SUB,38,0.574674580794366
9,0.5,5,SUB,39,0.4241631763569211
9,0.5,5,SUB,40,0.401999417037197
9,0.5,5,SUB,41,0.32570548524787696
9,0.5,5,SUB,42,0.5020105034441549
9,0.5,5,SUB,43,0.5023469537393025
9,0.5,5,SUB,44,0.4653878429014632
9,0.5,5,SUB,45,0.5824367697822866
9,0.5,5,SUB,46,0.5899227332578106
9,0.5,5,SUB,47,0.7193797036158908
9,0.5,5,SUB,48,0.48937298193721646
9,0.5,5,SUB,49,0.38679411512008866
9,0.5,5,SUB,50,0.7331743024148412
9,0.5,5,SUB,51,0.519208539452702
9,0.5,5,SUB,52,0.48340580145929674
9,0.5,5,SUB,53,0.33075649774779575
9,0.5,5,SUB,54,0.6805122083532766
9,0.5,5,SUB,55,0.438100970638464
9,0.5,5,SUB,56,0.5294278101038896
9,0.5,5,SUB,57,0.5510219739329333
9,0.5,5,SUB,58,0.7396420423827511
9,0.5,5,SUB,59,0.5980625136568016
9,0.5,5,SUB,60,0.32691245546396397
9,0.5,5,SUB,61,0.3999611199555133
9,0.5,5,SUB,62,0.452389062009988
9,0.5,5,SUB,63,0.5469257585566986
9,0.5,5,SUB,64,0.4211263943472812
9,0.5,5,VI,0,1.8844805829375397
9,0.5,5,VI,1,2.205144028487385
9,0.5,5,VI,2,2.605276278319601
9,0.5,5,VI,3,2.330113476965789
9,0.5,5,VI,4,2.012982456307116
9,0.5,5,VI,5,1.9712872797805572
9,0.5,5,VI,6,1.7482866117020024
9,0.5,5,VI,7,2.0008115150986994
9,0.5,5,VI,8,2.1046699808202747
9,0.5,5,VI,9,2.127059180607482
9,0.5,5,VI,10,1.9039282844579004
9,0.5,5,VI,11,2.087828088495277
9,0.5,5,VI,12,2.0491488475340485
9,0.5,5,VI,13,1.8706899060279847
9,0.5,5,VI,14,2.0898907238222484
9,0.5,5,VI,15,2.108779628021942
9,0.5,5,VI,16,1.8191823605531352
9,0.5,5,VI,17,2.0198792984773695
9,0.5,5,VI,18,2.1453917843487145
9,0.5,5,VI,19,2.3311561209421687
9,0.5,5,VI,20,2.2118876062832693
9,0.5,5,VI,21,2.0278555669031157
9,0.5,5,VI,22,1.6596599446952058
9,0.5,5,VI,23,2.4818938081097346
9,0.5,5,VI,24,2.4156057061793508
9,0.5,5,VI,25,2.25561468947384
9,0.5,5,VI,26,1.6096023455392974
9,0.5,5,VI,27,2.104857423877012
9,0.5,5,VI,28,1.7072574476540183
9,0.5,5,VI,29,2.1385275011471423
9,0.5,5,VI,30,2.2683742362167556
9,0.5,5,VI,31,2.2283952397036795
9,0.5,5,VI,32,2.174742170681448
9,0.5,5,VI,33,2.36041158911235
9,0.5,5,VI,34,1.9683002613824556
9,0.5,5,VI,35,1.9790306038047665
9,0.5,5,VI,36,2.038818621618316
9,0.5,5,VI,37,1.795031536989047
9,0.5,5,VI,38,1.7916134702252708
9,0.5,5,VI,39,1.8545859867141525
9,0.5,5,VI,40,2.0896714871388915
9,0.5,5,VI,41,2.184315772298074
9,0.5,5,VI,42,1.919504296475329
9,0.5,5,VI,43,1.9377550967523152
9,0.5,5,VI,44,2.0071601303227182
9,0.5,5,VI,45,1.5255524999490362
9,0.5,5,VI,46,2.0518130584172134
9,0.5,5,VI,47,1.4990733791767568
9,0.5,5,VI,48,2.2096124437864915
9,0.5,5,VI,49,2.0587715180983155
9,0.5,5,VI,50,2.0282003266412065
9,0.5,5,VI,51,2.2674366233439396
9,0.5,5,VI,52,1.7764831472909401
9,0.5,5,VI,53,2.453909798563547
9,0.5,5,VI,54,1.5274913340309064
9,0.5,5,VI,55,2.43810070462552
9,0.5,5,VI,56,2.3350060725424955
9,0.5,5,VI,57,1.8817625373667999
9,0.5,5,VI,58,2.357659621043006
9,0.5,5,VI,59,1.7756286805509447
9,0.5,5,VI,60,2.1999001614456404
9,0.5,5,VI,61,2.271387915205136
9,0.5,5,VI,62,1.8702151274347998
9,0.5,5,VI,63,1.5246102371011672
9,0.5,5,VI,64,2.154960034593824
9,0.5,10,SUB,0,0.2105450319407039
9,0.5,10,SUB,1,0.2551538779979755
9,0.5,10,SUB,2,0.15137291063564667
9,0.5,10,SUB,3,0.19309502250042698
9,0.5,10,SUB,4,0.21397275809219948
9,0.5,10,SUB,5,0.15777321730538152
9,0.5,10,SUB,6,0.20319033110981577
9,0.5,10,SUB,7,0.2141675675033529
9,0.5,10,SUB,8,0.1841528362217479
9,0.5,10,SUB,9,0.1893816365491573
9,0.5,10,SUB,10,0.18129940750482132
9,0.5,10,SUB,11,0.1924175642207428
9,0.5,10,SUB,12,0.1765469679608392
9,0.5,10,SUB,13,0.16760459493458946
9,0.5,10,SUB,14,0.2370483314624596
9,0.5,10,SUB,15,0.161690996115289
9,0.5,10,SUB,16,0.22618355987288158
9,0.5,10,SUB,17,0.20988079445989088
9,0.5,10,SUB,18,0.22356558132707058
9,0.5,10,SUB,19,0.20602055269555175
9,0.5,10,SUB,20,0.20220344190840714
9,0.5,10,SUB,21,0.20928908828027779
9,0.5,10,SUB,22,0.19228147307182397
9,0.5,10,SUB,23,0.20771559099870182
9,0.5,10,SUB,24,0.2724231826961743
9,0.5,10,SUB,25,0.1648206857339319
9,0.5,10,SUB,26,0.21992691345746818
9,0.5,10,SUB,27,0.19015941310161533
9,0.5,10,SUB,28,0.276737731669321
9,0.5,10,SUB,29,0.19585933616870674
9,0.5,10,SUB,30,0.1826943444807241
9,0.5,10,SUB,31,0.22817006673231402
9,0.5,10,SUB,32,0.18669780546712214
9,0.5,10,SUB,33,0.22584868454191903
9,0.5,10,SUB,34,0.16009597909199705
9,0.5,10,SUB,35,0.19718377367062712
9,0.5,10,SUB,36,0.1341834766418888
9,0.5,10,SUB,37,0.168433735785203
9,0.5,10,SUB,38,0.23195304469469905
9,0.5,10,SUB,39,0.19354169220120773
9,0.5,10,SUB,40,0.21192688284728142
9,0.5,10,SUB,41,0.2025992181070093
9,0.5,10,SUB,42,0.2440669631947837
9,0.5,10,SUB,43,0.22443631300947223
9,0.5,10,SUB,44,0.19976542640160733
9,0.5,10,SUB,45,0.21266458926965887
9,0.5,10,SUB,46,0.1862197930600523
9,0.5,10,SUB,47,0.18049389814495437
9,0.5,10,SUB,48,0.20087584891462912
9,0.5,10,SUB,49,0.24159197946099945
9,0.5,10,SUB,50,0.20366195967506703
9,0.5,10,SUB,51,0.2548904585897699
9,0.5,10,SUB,52,0.19604813253742923
9,0.5,10,SUB,53,0.16433734202562683
9,0.5,10,SUB,54,0.21101379437918072
9,0.5,10,SUB,55,0.22283434741275365
9,0.5,10,SUB,56,0.22994543985751578
9,0.5,10,SUB,57,0.179169551819482
9,0.5,10,SUB,58,0.21159502210744527
9,0.5,10,SUB,59,0.28378347259134384
9,0.5,10,VI,0,2.058799626383153
9,0.5,10,VI,1,1.5255921794840672
9,0.5,10,VI,2,1.9713191149860732
9,0.5,10,VI,3,2.0899220178505025
9,0.5,10,VI,4,1.988359661706049
9,0.5,10,VI,5,2.3311829542479345
9,0.5,10,VI,6,1.8702478415074402
9,0.5,10,VI,7,1.7756612908306284
9,0.5,10,VI,8,1.9377866540666537
9,0.5,10,VI,9,1.7072611366354138
9,0.5,10,VI,10,1.819193490001445
9,0.5,10,VI,11,2.1270837302725747
9,0.5,10,VI,12,2.1999291418283535
9,0.5,10,VI,13,2.2051716955123757
9,0.5,10,VI,14,2.2451767598417027
9,0.5,10,VI,15,1.5246521640316062
9,0.5,10,VI,16,2.335031480175845
9,0.5,10,VI,17,2.2284212381813546
9,0.5,10,VI,18,2.104886616077186
9,0.5,10,VI,19,1.6597002200724054
9,0.5,10,VI,20,2.2673001543881988
9,0.5,10,VI,21,2.3604384375618883
9,0.5,10,VI,22,2.2714132175406916
9,0.5,10,VI,23,2.019910685621151
9,0.5,10,VI,24,1.499093485745948
9,0.5,10,VI,25,2.3178311437092787
9,0.5,10,VI,26,2.2674624904097644
9,0.5,10,VI,27,1.8817943700956643
9,0.5,10,VI,28,1.7483234908244005
9,0.5,10,VI,29,2.415606491751537
9,0.5,10,VI,30,2.038824272270269
9,0.5,10,VI,31,2.1088064052708924
9,0.5,10,VI,32,2.2641459393277166
9,0.5,10,VI,33,2.051828423896324
9,0.5,10,VI,34,2.2096412506562886
9,0.5,10,VI,35,2.1843478380294337
9,0.5,10,VI,36,2.0129934569576746
9,0.5,10,VI,37,2.453932717423999
9,0.5,10,VI,38,2.0491740533055203
9,0.5,10,VI,39,2.007190007822977
9,0.5,10,VI,40,1.8546218542286617
9,0.5,10,VI,41,2.1747679119741887
9,0.5,10,VI,42,1.6096246662773077
9,0.5,10,VI,43,2.104696008387071
9,0.5,10,VI,44,2.4819176335763315
9,0.5,10,VI,45,2.0278851728481686
9,0.5,10,VI,46,2.000840061926327
9,0.5,10,VI,47,2.6052972315586347
9,0.5,10,VI,48,1.979062172432724
9,0.5,10,VI,49,1.7765196210149479
9,0.5,10,VI,50,2.1454220068183805
9,0.5,10,VI,51,2.0878593725575274
9,0.5,10,VI,52,2.1385576780703017
9,0.5,10,VI,53,1.9683345847196276
9,0.5,10,VI,54,1.919535559542468
9,0.5,10,VI,55,1.8845132509968083
9,0.5,10,VI,56,2.1549882742911195
9,0.5,10,VI,57,2.4381268093205053
9,0.5,10,VI,58,2.2684001173440826
9,0.5,10,VI,59,1.791637709162344
9,0.5,20,SUB,0,0.22231985554345055
9,0.5,20,SUB,1,0.21246691983465513
9,0.5,20,SUB,2,0.1757252762666687
9,0.5,20,SUB,3,0.20679849296111993
9,0.5,20,SUB,4,0.2294958664510267
9,0.5,20,SUB,5,0.22243122001055887
9,0.5,20,SUB,6,0.2373457086320063
9,0.5,20,SUB,7,0.22843966742876087
9,0.5,20,SUB,8,0.1518254835207118
9,0.5,20,SUB,9,0.2182738513454575
9,0.5,20,SUB,10,0.22953334936346934
9,0.5,20,SUB,11,0.14840641123451762
9,0.5,20,SUB,12,0.19124050044983257
9,0.5,20,SUB,13,0.21003894641874699
9,0.5,20,SUB,14,0.19944194924680483
9,0.5,20,SUB,15,0.18979706805155083
9,0.5,20,SUB,16,0.13306235787479914
9,0.5,20,SUB,17,0.16616792413340004
9,0.5,20,SUB,18,0.23968362714288116
9,0.5,20,SUB,19,0.19045454703481854
9,0.5,20,SUB,20,0.22926441118256818
9,0.5,20,SUB,21,0.20397459181234193
9,0.5,20,SUB,22,0.24782945293722292
9,0.5,20,SUB,23,0.18749265549658095
9,0.5,20,SUB,24,0.24006360687906284
9,0.5,20,SUB,25,0.23866053284847116
9,0.5,20,SUB,26,0.17839092970318854
9,0.5,20,SUB,27,0.1505854556887192
9,0.5,20,SUB,28,0.18902480190316712
9,0.5,20,SUB,29,0.20328252842458763
9,0.5,20,SUB,30,0.18008779663757782
9,0.5,20,SUB,31,0.1834833848249713
9,0.5,20,SUB,32,0.1944121517728906
9,0.5,20,SUB,33,0.1955013761604204
9,0.5,20,SUB,34,0.19421205922317003
9,0.5,20,SUB,35,0.20534718924625076
9,0.5,20,SUB,36,0.2189233237054547
9,0.5,20,SUB,37,0.1815967064412346
9,0.5,20,SUB,38,0.23885944090058475
9,0.5,20,SUB,39,0.2295807215331121
9,0.5,20,SUB,40,0.2143539644891897
9,0.5,20,SUB,41,0.20143454285612342
9,0.5,20,SUB,42,0.16570995176662354
9,0.5,20,SUB,43,0.2001541766149621
9,0.5,20,SUB,44,0.15629429215377566
9,0.5,20,SUB,45,0.25288021834895064
9,0.5,20,SUB,46,0.2058587112128074
9,0.5,20,SUB,47,0.12991594036174853
9,0.5,20,SUB,48,0.21564321827316435
9,0.5,20,SUB,49,0.2175459624121828
9,0.5,20,VI,0,1.818753640315033
9,0.5,20,VI,1,2.334352457644326
9,0.5,20,VI,2,1.9707940515217728
9,0.5,20,VI,3,2.087197699466097
9,0.5,20,VI,4,2.2113357612363083
9,0.5,20,VI,5,2.0277368169823102
9,0.5,20,VI,6,2.10813153524974
9,0.5,20,VI,7,1.9188120301196003
9,0.5,20,VI,8,2.437491038975505
9,0.5,20,VI,9,1.903455979148677
9,0.5,20,VI,10,1.854145481663586
9,0.5,20,VI,11,2.2634869474140915
9,0.5,20,VI,12,1.869682802626604
9,0.5,20,VI,13,1.8702917893795215
9,0.5,20,VI,14,2.174240430727035
9,0.5,20,VI,15,2.038180529991647
9,0.5,20,VI,16,2.3305989179690667
9,0.5,20,VI,17,2.359760912109628
9,0.5,20,VI,18,2.3570702311237173
9,0.5,20,VI,19,1.9373595930221592
9,0.5,20,VI,20,1.8839713156377025
9,0.5,20,VI,21,2.0894614980819446
9,0.5,20,VI,22,1.7478593370772122
9,0.5,20,VI,23,2.183708232255699
9,0.5,20,VI,24,2.104379642863548
9,0.5,20,VI,25,1.775338385513725
9,0.5,20,VI,26,2.227963037246734
9,0.5,20,VI,27,2.254977994489991
9,0.5,20,VI,28,1.8814259100026707
9,0.5,20,VI,29,1.6090801374025239
9,0.5,20,VI,30,2.2669869971839898
9,0.5,20,VI,31,2.204745693459957
9,0.5,20,VI,32,2.0124908059631212
9,0.5,20,VI,33,2.329493168076267
9,0.5,20,VI,34,2.199275664367794
9,0.5,20,VI,35,1.9679082372805932
9,0.5,20,VI,36,1.5252689832367214
9,0.5,20,VI,37,1.7068219839076724
9,0.5,20,VI,38,1.7946265362152192
9,0.5,20,VI,39,2.2444815284631625
9,0.5,20,VI,40,2.126587030140419
9,0.5,20,VI,41,2.0583263372553064
9,0.5,20,VI,42,2.0004095986543717
9,0.5,20,VI,43,2.414924692600846
9,0.5,20,VI,44,2.6046343197540955
9,0.5,20,VI,45,2.0487431286936264
9,0.5,20,VI,46,1.9877552638884295
9,0.5,20,VI,47,2.2090541943161344
9,0.5,20,VI,48,1.7760276606363723
9,0.5,20,VI,49,1.5272296381706179
9,0.5,30,SUB,0,0.18193567194528398
9,0.5,30,SUB,1,0.15342014523911698
9,0.5,30,SUB,2,0.20516486029262798
9,0.5,30,SUB,3,0.21243428437719358
9,0.5,30,SUB,4,0.15115178706620883
9,0.5,30,SUB,5,0.21560753997856197
9,0.5,30,SUB,6,0.18049335635626654
9,0.5,30,SUB,7,0.16438875766412783
9,0.5,30,SUB,8,0.14151674718444654
9,0.5,30,SUB,9,0.2176434298169676
9,0.5,30,SUB,10,0.20975769290325819
9,0.5,30,SUB,11,0.19264634292010846
9,0.5,30,SUB,12,0.27329971193862324
9,0.5,30,SUB,13,0.15266520670658806
9,0.5,30,SUB,14,0.21824515756155174
9,0.5,30,SUB,15,0.18125142856885254
9,0.5,30,SUB,16,0.21291111225076773
9,0.5,30,SUB,17,0.14629241418202946
9,0.5,30,SUB,18,0.26993421424882696
9,0.5,30,SUB,19,0.18501593188622045
9,0.5,30,SUB,20,0.1902304149507978
9,0.5,30,SUB,21,0.18087670757681076
9,0.5,30,SUB,22,0.21106333292281024
9,0.5,30,SUB,23,0.14513800617122435
9,0.5,30,SUB,24,0.17472667105394094
9,0.5,30,SUB,25,0.17863381971732026
9,0.5,30,SUB,26,0.20956698392758683
9,0.5,30,SUB,27,0.19922258215651348
9,0.5,30,SUB,28,0.2045353969301532
9,0.5,30,SUB,29,0.1526730865432176
9,0.5,30,SUB,30,0.16907459236416061
9,0.5,30,SUB,31,0.22782228803136562
9,0.5,30,SUB,32,0.17071064300369448
9,0.5,30,SUB,33,0.21372222809294988
9,0.5,30,SUB,34,0.20804134449767714
9,0.5,30,SUB,35,0.18517052214076876
9,0.5,30,SUB,36,0.17336536901110108
9,0.5,30,SUB,37,0.1871925365047321
9,0.5,30,SUB,38,0.19782233336865068
9,0.5,30,SUB,39,0.16089374244044402
9,0.5,30,VI,0,2.481777824732673
9,0.5,30,VI,1,1.9712045069200301
9,0.5,30,VI,2,2.1269681329667502
9,0.5,30,VI,3,2.0277664930401516
9,0.5,30,VI,4,2.2640215435292705
9,0.5,30,VI,5,1.7949912775627392
9,0.5,30,VI,6,1.8701451003638236
9,0.5,30,VI,7,1.524576145081863
9,0.5,30,VI,8,2.4537971615604124
9,0.5,30,VI,9,2.038683966822725
9,0.5,30,VI,10,1.7764503249168344
9,0.5,30,VI,11,2.108688616694709
9,0.5,30,VI,12,2.028080734184104
9,0.5,30,VI,13,2.360320468769
9,0.5,30,VI,14,2.4154771685149483
9,0.5,30,VI,15,2.089812329731838
9,0.5,30,VI,16,2.000717028191563
9,0.5,30,VI,17,1.9682246417709708
9,0.5,30,VI,18,2.3575098660905156
9,0.5,30,VI,19,2.2450680969364694
9,0.5,30,VI,20,2.051717245992985
9,0.5,30,VI,21,1.659624045693525
9,0.5,30,VI,22,2.1746447262958224
9,0.5,30,VI,23,2.209499272683901
9,0.5,30,VI,24,1.9376804554066231
9,0.5,30,VI,25,2.0896004025708494
9,0.5,30,VI,26,1.7482332829279899
9,0.5,30,VI,27,1.919425786967975
9,0.5,30,VI,28,1.854539915248948
9,0.5,30,VI,29,2.255519726197308
9,0.5,30,VI,30,2.437972640117582
9,0.5,30,VI,31,2.0198091943638983
9,0.5,30,VI,32,2.184243931677488
9,0.5,30,VI,33,1.5255077650091877
9,0.5,30,VI,34,1.8190963309705326
9,0.5,30,VI,35,2.007082390805048
9,0.5,30,VI,36,1.8816890290707957
9,0.5,30,VI,37,2.154889702622142
9,0.5,30,VI,38,2.3349075315994554
9,0.5,30,VI,39,2.138445079795932
